path,top,ext,bytes
.env.example,.env.example,.example,5685
.github/workflows/connectivity_audit.yml,.github,.yml,3305
.github/workflows/daily_signal_research.yml,.github,.yml,14565
.github/workflows/editorial_preflight.yml,.github,.yml,1002
.github/workflows/generate_and_publish.yml,.github,.yml,6830
.github/workflows/generate_content.yml,.github,.yml,3493
.github/workflows/generate_image.yml,.github,.yml,1909
.github/workflows/live_publish_test.yml,.github,.yml,3494
.github/workflows/monday_publish.yml,.github,.yml,17051
.github/workflows/pr_tests.yml,.github,.yml,2221
.github/workflows/publish.yml,.github,.yml,3781
.github/workflows/research_generate_and_publish.yml,.github,.yml,11154
.github/workflows/run_analytics.yml,.github,.yml,746
.github/workflows/scheduled_publish.yml,.github,.yml,5699
.github/workflows/smoke_test_full_cycle.yml,.github,.yml,6686
.github/workflows/smoke_test_wix_image.yml,.github,.yml,1632
.github/workflows/strategy_tests.yml,.github,.yml,2395
.github/workflows/visibility_publish.yml,.github,.yml,3902
.github/workflows/wednesday_golden.yml,.github,.yml,12755
.gitignore,.gitignore,(none),909
ARCHITECTURE.md,ARCHITECTURE.md,.md,44574
IMPLEMENTATION_PLAN.md,IMPLEMENTATION_PLAN.md,.md,20176
PHASE_5D_REPORT.md,PHASE_5D_REPORT.md,.md,2132
PHASE_6_SCHEDULING.md,PHASE_6_SCHEDULING.md,.md,2748
assets/fonts/Inter-Variable.ttf,assets,.ttf,876576
assets/fonts/OFL.txt,assets,.txt,4377
assets/logo/never-blank-logo.png,assets,.png,2060440
config/brand.yaml,config,.yaml,725
config/brand_voice.md,config,.md,12930
config/content_matrix.yaml,config,.yaml,7234
config/intelligence.yaml,config,.yaml,789
config/never_blank/wednesday_golden.yaml,config,.yaml,5497
config/platforms.yaml,config,.yaml,775
config/prompts/blog_post.yaml,config,.yaml,8803
config/prompts/content_matrix.yaml,config,.yaml,5501
config/prompts/decision_lens/never_blank.yaml,config,.yaml,7745
config/prompts/editorial_acceptance/never_blank.yaml,config,.yaml,4118
config/prompts/editorial_acceptance/never_blank_golden_wednesday.yaml,config,.yaml,4305
config/prompts/facebook_post.yaml,config,.yaml,3523
config/prompts/image_generation.yaml,config,.yaml,7983
config/prompts/image_hook.yaml,config,.yaml,656
config/prompts/instagram_caption.yaml,config,.yaml,3807
config/prompts/linkedin_post.yaml,config,.yaml,9249
config/prompts/observation_discovery.yaml,config,.yaml,7680
config/prompts/observation_score.yaml,config,.yaml,4963
config/prompts/qc_factuality.yaml,config,.yaml,4818
config/prompts/qc_voice.yaml,config,.yaml,5270
config/prompts/research/angles.yaml,config,.yaml,1749
config/prompts/research/content_package.yaml,config,.yaml,2173
config/prompts/research/enrich.yaml,config,.yaml,1175
config/prompts/research/score.yaml,config,.yaml,496
config/prompts/research/signal_enrichment.yaml,config,.yaml,524
config/prompts/research/signal_selector.yaml,config,.yaml,2075
config/prompts/rewrite_with_feedback.yaml,config,.yaml,4304
config/prompts/stories_post.yaml,config,.yaml,5447
config/prompts/strategy_brief.yaml,config,.yaml,606
config/prompts/telegram_post.yaml,config,.yaml,4064
config/prompts/threads_post.yaml,config,.yaml,5846
config/prompts/topic_extract.yaml,config,.yaml,3221
config/prompts/topic_score.yaml,config,.yaml,537
config/prompts/visibility/_format_modifiers.yaml,config,.yaml,2287
config/prompts/visibility/presence_check.yaml,config,.yaml,2635
config/prompts/visibility/presence_script.yaml,config,.yaml,2546
config/prompts/visibility/visibility_framework.yaml,config,.yaml,2797
config/quality.yaml,config,.yaml,336
config/research_sources.yaml,config,.yaml,2545
config/schedule.yaml,config,.yaml,1439
config/scoring_weights.yaml,config,.yaml,673
config/strategy.yaml,config,.yaml,1219
config/visual_system.yaml,config,.yaml,6992
data/drafts/.gitkeep,data,(none),0
data/images/.gitkeep,data,(none),0
data/memory/visual_registry.json,data,.json,39645
data/research/.gitkeep,data,(none),0
data/research/archive/.gitkeep,data,(none),0
data/research/image_library.json,data,.json,56389
data/research/published_signal_ids.txt,data,.txt,102
data/research/seen_index.json,data,.json,59489
data/research/selected_signals.jsonl,data,.jsonl,655045
data/research/signals_active.jsonl,data,.jsonl,551133
data/research/signals_archived_corporate_backlog.jsonl,data,.jsonl,1308427
data/strategy/visibility_history.jsonl,data,.jsonl,18173
data/strategy/visibility_queue.jsonl,data,.jsonl,7117
docs/BUSINESS_INVESTIGATION_LAYER.md,docs,.md,20525
docs/BUSINESS_STRATEGY_CONFIGURATION.md,docs,.md,2747
docs/DECISION_LENS_CONTRACT.md,docs,.md,9021
docs/DECISION_LENS_EVALUATOR.md,docs,.md,5876
docs/DECISION_LIFECYCLE.md,docs,.md,4861
docs/EDITORIAL_ACCEPTANCE.md,docs,.md,5296
docs/EDITORIAL_ENGINE_V2.md,docs,.md,18497
docs/EVIDENCE_COLLECTOR_MVP.md,docs,.md,36287
docs/GROWTH_STRATEGY.md,docs,.md,8222
docs/LERA_OPERATING_SYSTEM.md,docs,.md,18060
docs/LINKEDIN_COMPOSITION.md,docs,.md,4438
docs/LINKEDIN_PUBLISHING.md,docs,.md,2362
docs/NARRATIVE_SPINE.md,docs,.md,7350
docs/NEVER_BLANK_EDITORIAL_STYLE.md,docs,.md,2282
docs/NEVER_BLANK_EDITORIAL_WORLDVIEW.md,docs,.md,8042
docs/NEVER_BLANK_GOLDEN_EDITORIAL_PATTERNS.md,docs,.md,9118
docs/NEVER_BLANK_RESEARCH_PIPELINE.md,docs,.md,12019
docs/PLATFORM_AND_VISUAL_STRATEGY.md,docs,.md,10801
docs/RESEARCH_ARTIFACT_LIFECYCLE.md,docs,.md,2560
docs/RESEARCH_EVIDENCE_CONTRACT.md,docs,.md,2960
docs/RESEARCH_PROVIDER_ADAPTER.md,docs,.md,5811
docs/STORY10_ACCEPTANCE_GATE.md,docs,.md,3585
docs/STORY11_ACCEPTANCE_GATE.md,docs,.md,10810
docs/STORY_12_ACCEPTANCE.md,docs,.md,4843
docs/STORY_16_EVIDENCE_MAP.md,docs,.md,6461
docs/STORY_17_EVIDENCE_MAP.md,docs,.md,9677
docs/STORY_18_EVIDENCE_MAP.md,docs,.md,8145
docs/STORY_19_EVIDENCE_MAP.md,docs,.md,7647
docs/STORY_20_EVIDENCE_MAP.md,docs,.md,13111
docs/STORY_21_EVIDENCE_MAP.md,docs,.md,11096
docs/STORY_21_LIVE_ACCEPTANCE_RUNBOOK.md,docs,.md,10193
docs/SYSTEM_MAP.md,docs,.md,3199
docs/VISUAL_CONTRACT.md,docs,.md,4646
docs/product/wednesday_golden_contract.md,docs,.md,9658
pytest.ini,pytest.ini,.ini,680
reports/card_audit/grid_preview_after.png,reports,.png,198855
reports/card_audit/grid_preview_before.png,reports,.png,186171
reports/card_audit/legacy_sq_after.png,reports,.png,71588
reports/card_audit/legacy_sq_before.png,reports,.png,73024
reports/card_audit/legacy_sq_comparison.png,reports,.png,149909
reports/card_audit/long_after.png,reports,.png,122644
reports/card_audit/long_before.png,reports,.png,92839
reports/card_audit/long_comparison.png,reports,.png,207139
reports/card_audit/long_word_after.png,reports,.png,101538
reports/card_audit/long_word_before.png,reports,.png,70036
reports/card_audit/long_word_comparison.png,reports,.png,160682
reports/card_audit/medium_after.png,reports,.png,102958
reports/card_audit/medium_before.png,reports,.png,71571
reports/card_audit/medium_comparison.png,reports,.png,158719
reports/card_audit/photo_ovrl_after.png,reports,.png,90818
reports/card_audit/photo_ovrl_before.png,reports,.png,82180
reports/card_audit/photo_ovrl_comparison.png,reports,.png,153464
reports/card_audit/quote_card_after.png,reports,.png,110017
reports/card_audit/quote_card_before.png,reports,.png,76994
reports/card_audit/quote_card_comparison.png,reports,.png,176961
reports/card_audit/short_after.png,reports,.png,90751
reports/card_audit/short_before.png,reports,.png,59490
reports/card_audit/short_comparison.png,reports,.png,134444
reports/card_audit/very_long_after.png,reports,.png,113659
reports/card_audit/very_long_before.png,reports,.png,96786
reports/card_audit/very_long_comparison.png,reports,.png,200893
reports/connectivity_audit.json,reports,.json,2352
reports/connectivity_audit.md,reports,.md,1256
reports/content_packages/.gitkeep,reports,(none),0
reports/content_packages/14312088307d8685.json,reports,.json,4549
reports/content_packages/151ecdbaffab27e3.json,reports,.json,4320
reports/content_packages/15ae00db53779619.json,reports,.json,4135
reports/content_packages/2467acdd6a80b7b7.json,reports,.json,4370
reports/content_packages/39aed0e621dca7c9.json,reports,.json,4375
reports/content_packages/3fad7c6500612d8a.json,reports,.json,4370
reports/content_packages/40bffc5a22c0e2d1.json,reports,.json,4533
reports/content_packages/40bffc5a22c0e2d1_generated.json,reports,.json,9795
reports/content_packages/422a53e0ae83e40a.json,reports,.json,4208
reports/content_packages/5a7532f8d7ac4fcc.json,reports,.json,4489
reports/content_packages/6cd9a1ef1a2af7f6.json,reports,.json,4580
reports/content_packages/71ad7d0ea4393b48.json,reports,.json,4264
reports/content_packages/7297b49ffe9773c8.json,reports,.json,4255
reports/content_packages/78a4cae64364db20.json,reports,.json,4552
reports/content_packages/78bd728cf4981c3b.json,reports,.json,4284
reports/content_packages/7b7cf64b627ce0d3.json,reports,.json,4483
reports/content_packages/80725c18fd4ed61c.json,reports,.json,4751
reports/content_packages/8ccf0ed747c70414.json,reports,.json,4445
reports/content_packages/913e16bd311edd6d.json,reports,.json,4290
reports/content_packages/925b8d4842ecb439.json,reports,.json,4440
reports/content_packages/925b8d4842ecb439_generated.json,reports,.json,9212
reports/content_packages/95c24927f143e382.json,reports,.json,4396
reports/content_packages/9bd7d291a8622425.json,reports,.json,4239
reports/content_packages/9cfe836ba02723cb.json,reports,.json,4437
reports/content_packages/9d9bbaacdde4f7a9.json,reports,.json,4429
reports/content_packages/9d9bbaacdde4f7a9_generated.json,reports,.json,8996
reports/content_packages/9dc7af7b02124e9d.json,reports,.json,4252
reports/content_packages/9dc7af7b02124e9d_generated.json,reports,.json,9755
reports/content_packages/9edc711177c0fc6b.json,reports,.json,4551
reports/content_packages/9f8233d5d6738e4e.json,reports,.json,4448
reports/content_packages/a9f03de8476c256a.json,reports,.json,4283
reports/content_packages/a9f03de8476c256a_generated.json,reports,.json,9925
reports/content_packages/aa564245f2f53245.json,reports,.json,4268
reports/content_packages/ad7dfd48ffb273e1.json,reports,.json,4198
reports/content_packages/b1b47c3136be00e4.json,reports,.json,4487
reports/content_packages/badee248346881c3.json,reports,.json,4622
reports/content_packages/c3cfd6c82a6cc6f4.json,reports,.json,4514
reports/content_packages/c573f94cdb7449b7.json,reports,.json,4376
reports/content_packages/c573f94cdb7449b7_generated.json,reports,.json,9861
reports/content_packages/c6ca3c38a985dea9.json,reports,.json,4353
reports/content_packages/c6ca3c38a985dea9_generated.json,reports,.json,9764
reports/content_packages/c9e4081138032ab2.json,reports,.json,4341
reports/content_packages/cf91d47f07e87c9d.json,reports,.json,4694
reports/content_packages/d28e5cdad72f0346.json,reports,.json,4419
reports/content_packages/d28e5cdad72f0346_generated.json,reports,.json,9161
reports/content_packages/d47caca7ba2af94b.json,reports,.json,4357
reports/content_packages/e082ddf0f3106729.json,reports,.json,4493
reports/content_packages/e54608b23609bdfe.json,reports,.json,4208
reports/content_packages/e7466a1db1e2453a.json,reports,.json,4415
reports/content_packages/ee22ba8ea360dec3.json,reports,.json,4653
reports/content_packages/f4a973ac8df323af.json,reports,.json,4286
reports/content_packages/f858bf36b66123f1.json,reports,.json,4542
reports/content_packages/ff464a4c152a9245.json,reports,.json,4410
reports/content_packages/ff539d8bbe68ce48.json,reports,.json,4384
reports/content_packages/sig-identity-test-001.json,reports,.json,2845
reports/content_packages/sig-identity-test-001/runs/0015efbb-d5f8-4f06-8dad-968702d2fef4/business_strategy.json,reports,.json,17194
reports/content_packages/sig-identity-test-001/runs/0015efbb-d5f8-4f06-8dad-968702d2fef4/generated.json,reports,.json,1091
reports/content_packages/sig-identity-test-001/runs/001a902f-f86b-4b37-93c0-b94d95c67ed2/business_strategy.json,reports,.json,17194
reports/content_packages/sig-identity-test-001/runs/001a902f-f86b-4b37-93c0-b94d95c67ed2/generated.json,reports,.json,1091
reports/content_packages/sig-identity-test-001/runs/0051caa0-d922-421b-a848-cce19bb77888/business_strategy.json,reports,.json,17194
reports/content_packages/sig-identity-test-001/runs/00672d61-7380-4705-85ac-ddaee3da616a/assignment.json,reports,.json,836
reports/content_packages/sig-identity-test-001/runs/00672d61-7380-4705-85ac-ddaee3da616a/business_strategy.json,reports,.json,17194
reports/content_packages/sig-identity-test-001/runs/00672d61-7380-4705-85ac-ddaee3da616a/editorial_acceptance.json,reports,.json,298
reports/content_packages/sig-identity-test-001/runs/00672d61-7380-4705-85ac-ddaee3da616a/generated.json,reports,.json,1091
reports/content_packages/sig-identity-test-001/runs/00f3da16-caa8-4355-a12c-c9dd75b6e8bc/generated.json,reports,.json,856
reports/content_packages/sig-identity-test-001/runs/0184d8d0-7cad-48e1-be2b-6577902e84ee/business_strategy.json,reports,.json,17194
reports/content_packages/sig-identity-test-001/runs/0184d8d0-7cad-48e1-be2b-6577902e84ee/editorial_acceptance.json,reports,.json,245
reports/content_packages/sig-identity-test-001/runs/0184d8d0-7cad-48e1-be2b-6577902e84ee/generated.json,reports,.json,1091
reports/content_packages/sig-identity-test-001/runs/019e8eee-a9fa-4d4a-a4f6-57b35fa62815/business_strategy.json,reports,.json,17194
reports/content_packages/sig-identity-test-001/runs/019e8eee-a9fa-4d4a-a4f6-57b35fa62815/generated.json,reports,.json,1091
reports/content_packages/sig-identity-test-001/runs/01d23356-bddb-4d3d-80f8-c0caa11a5951/business_strategy.json,reports,.json,17194
reports/content_packages/sig-identity-test-001/runs/01d23356-bddb-4d3d-80f8-c0caa11a5951/editorial_acceptance.json,reports,.json,245
reports/content_packages/sig-identity-test-001/runs/01d23356-bddb-4d3d-80f8-c0caa11a5951/generated.json,reports,.json,1091
reports/content_packages/sig-identity-test-001/runs/023ab418-d41a-4125-84c8-0c5e1afa1e74/assignment.json,reports,.json,836
reports/content_packages/sig-identity-test-001/runs/023ab418-d41a-4125-84c8-0c5e1afa1e74/business_strategy.json,reports,.json,17194
reports/content_packages/sig-identity-test-001/runs/023ab418-d41a-4125-84c8-0c5e1afa1e74/editorial_acceptance.json,reports,.json,298
reports/content_packages/sig-identity-test-001/runs/023ab418-d41a-4125-84c8-0c5e1afa1e74/generated.json,reports,.json,1091
reports/content_packages/sig-identity-test-001/runs/026a537c-17ce-4e72-98ca-aec7168acb7b/assignment.json,reports,.json,836
reports/content_packages/sig-identity-test-001/runs/026a537c-17ce-4e72-98ca-aec7168acb7b/business_strategy.json,reports,.json,17194
reports/content_packages/sig-identity-test-001/runs/026a537c-17ce-4e72-98ca-aec7168acb7b/editorial_acceptance.json,reports,.json,298
reports/content_packages/sig-identity-test-001/runs/026a537c-17ce-4e72-98ca-aec7168acb7b/generated.json,reports,.json,1091
reports/content_packages/sig-identity-test-001/runs/02d254ea-94d5-4802-9112-9b45afdfa0f5/assignment.json,reports,.json,836
reports/content_packages/sig-identity-test-001/runs/02d254ea-94d5-4802-9112-9b45afdfa0f5/business_strategy.json,reports,.json,17194
reports/content_packages/sig-identity-test-001/runs/02d254ea-94d5-4802-9112-9b45afdfa0f5/editorial_acceptance.json,reports,.json,298
reports/content_packages/sig-identity-test-001/runs/02d254ea-94d5-4802-9112-9b45afdfa0f5/generated.json,reports,.json,1091
reports/content_packages/sig-identity-test-001/runs/03762dae-680c-4dfb-8e81-f3c044253e6a/generated.json,reports,.json,856
reports/content_packages/sig-identity-test-001/runs/0377f308-4147-44b2-afb3-8323e00cbd9d/business_strategy.json,reports,.json,17194
reports/content_packages/sig-identity-test-001/runs/0377f308-4147-44b2-afb3-8323e00cbd9d/editorial_acceptance.json,reports,.json,245
reports/content_packages/sig-identity-test-001/runs/0377f308-4147-44b2-afb3-8323e00cbd9d/generated.json,reports,.json,1091
reports/content_packages/sig-identity-test-001/runs/03bf627d-7162-4127-acd2-ffb0428baa6a/business_strategy.json,reports,.json,17194
reports/content_packages/sig-identity-test-001/runs/041ab583-60de-4920-bbb3-3c36c17ae91f/business_strategy.json,reports,.json,17194
reports/content_packages/sig-identity-test-001/runs/041ab583-60de-4920-bbb3-3c36c17ae91f/generated.json,reports,.json,1091
reports/content_packages/sig-identity-test-001/runs/04205c30-2f3c-42d8-ab7e-2beb9e826832/business_strategy.json,reports,.json,17194
reports/content_packages/sig-identity-test-001/runs/04205c30-2f3c-42d8-ab7e-2beb9e826832/generated.json,reports,.json,1091
reports/content_packages/sig-identity-test-001/runs/042d4dd4-e919-4d42-a9d7-d54c87da01a7/assignment.json,reports,.json,836
reports/content_packages/sig-identity-test-001/runs/042d4dd4-e919-4d42-a9d7-d54c87da01a7/business_strategy.json,reports,.json,17194
reports/content_packages/sig-identity-test-001/runs/042d4dd4-e919-4d42-a9d7-d54c87da01a7/editorial_acceptance.json,reports,.json,298
reports/content_packages/sig-identity-test-001/runs/042d4dd4-e919-4d42-a9d7-d54c87da01a7/generated.json,reports,.json,1091
reports/content_packages/sig-identity-test-001/runs/0454a4e4-00de-4f90-86b5-36bc8710e487/generated.json,reports,.json,856
reports/content_packages/sig-identity-test-001/runs/047c1b7e-b0e0-4e63-ad8a-9c6c7d249976/business_strategy.json,reports,.json,17194
reports/content_packages/sig-identity-test-001/runs/04c6551c-fd7c-4198-8e0d-cd604c9764b1/assignment.json,reports,.json,836
reports/content_packages/sig-identity-test-001/runs/04c6551c-fd7c-4198-8e0d-cd604c9764b1/business_strategy.json,reports,.json,17194
reports/content_packages/sig-identity-test-001/runs/04c6551c-fd7c-4198-8e0d-cd604c9764b1/editorial_acceptance.json,reports,.json,298
reports/content_packages/sig-identity-test-001/runs/04c6551c-fd7c-4198-8e0d-cd604c9764b1/generated.json,reports,.json,1091
reports/content_packages/sig-identity-test-001/runs/04dde16f-6e8b-41e4-afb6-c660f1bb0fa7/assignment.json,reports,.json,836
reports/content_packages/sig-identity-test-001/runs/04dde16f-6e8b-41e4-afb6-c660f1bb0fa7/business_strategy.json,reports,.json,17194
reports/content_packages/sig-identity-test-001/runs/04dde16f-6e8b-41e4-afb6-c660f1bb0fa7/editorial_acceptance.json,reports,.json,298
reports/content_packages/sig-identity-test-001/runs/04dde16f-6e8b-41e4-afb6-c660f1bb0fa7/generated.json,reports,.json,1091
reports/content_packages/sig-identity-test-001/runs/051e3e4e-fb3a-4f7c-a34a-6248b34366dc/assignment.json,reports,.json,836
reports/content_packages/sig-identity-test-001/runs/051e3e4e-fb3a-4f7c-a34a-6248b34366dc/business_strategy.json,reports,.json,17194
reports/content_packages/sig-identity-test-001/runs/0543ecdb-4bca-4c74-b42e-5fe14a613947/business_strategy.json,reports,.json,17194
reports/content_packages/sig-identity-test-001/runs/0543ecdb-4bca-4c74-b42e-5fe14a613947/generated.json,reports,.json,1091
reports/content_packages/sig-identity-test-001/runs/05dc0e3d-29f2-44a6-8e28-128f774a2ed9/business_strategy.json,reports,.json,17194
reports/content_packages/sig-identity-test-001/runs/05dc0e3d-29f2-44a6-8e28-128f774a2ed9/generated.json,reports,.json,1091
reports/content_packages/sig-identity-test-001/runs/05ee0c67-6637-4d5f-8b45-af2cb3d261a7/assignment.json,reports,.json,836
reports/content_packages/sig-identity-test-001/runs/05ee0c67-6637-4d5f-8b45-af2cb3d261a7/business_strategy.json,reports,.json,17194
reports/content_packages/sig-identity-test-001/runs/05ee0c67-6637-4d5f-8b45-af2cb3d261a7/editorial_acceptance.json,reports,.json,298
reports/content_packages/sig-identity-test-001/runs/05ee0c67-6637-4d5f-8b45-af2cb3d261a7/generated.json,reports,.json,1091
reports/content_packages/sig-identity-test-001/runs/061eeb47-369b-4722-b2da-2606344ed70d/assignment.json,reports,.json,836
reports/content_packages/sig-identity-test-001/runs/061eeb47-369b-4722-b2da-2606344ed70d/business_strategy.json,reports,.json,17194
reports/content_packages/sig-identity-test-001/runs/061eeb47-369b-4722-b2da-2606344ed70d/editorial_acceptance.json,reports,.json,298
reports/content_packages/sig-identity-test-001/runs/061eeb47-369b-4722-b2da-2606344ed70d/generated.json,reports,.json,1091
reports/content_packages/sig-identity-test-001/runs/064b21f8-4ce2-4253-a5d7-e3de09066864/business_strategy.json,reports,.json,17194
reports/content_packages/sig-identity-test-001/runs/064b21f8-4ce2-4253-a5d7-e3de09066864/generated.json,reports,.json,1091
reports/content_packages/sig-identity-test-001/runs/06504619-da6c-45ed-ab86-29b1053a87e5/assignment.json,reports,.json,836
reports/content_packages/sig-identity-test-001/runs/06504619-da6c-45ed-ab86-29b1053a87e5/business_strategy.json,reports,.json,17194
reports/content_packages/sig-identity-test-001/runs/06504619-da6c-45ed-ab86-29b1053a87e5/editorial_acceptance.json,reports,.json,298
reports/content_packages/sig-identity-test-001/runs/06504619-da6c-45ed-ab86-29b1053a87e5/generated.json,reports,.json,1091
reports/content_packages/sig-identity-test-001/runs/066abf37-2ba8-4ea8-97c6-0ae302cf0817/business_strategy.json,reports,.json,17194
reports/content_packages/sig-identity-test-001/runs/06784c68-fa2b-4c91-bbc2-fae7d2519d8d/assignment.json,reports,.json,844
reports/content_packages/sig-identity-test-001/runs/06784c68-fa2b-4c91-bbc2-fae7d2519d8d/business_strategy.json,reports,.json,17194
reports/content_packages/sig-identity-test-001/runs/06784c68-fa2b-4c91-bbc2-fae7d2519d8d/editorial_acceptance.json,reports,.json,298
reports/content_packages/sig-identity-test-001/runs/06784c68-fa2b-4c91-bbc2-fae7d2519d8d/generated.json,reports,.json,1091
reports/content_packages/sig-identity-test-001/runs/06b24a6e-7170-4b8b-b6fd-18e390dd0e4e/business_strategy.json,reports,.json,17194
reports/content_packages/sig-identity-test-001/runs/06b24a6e-7170-4b8b-b6fd-18e390dd0e4e/generated.json,reports,.json,1091
reports/content_packages/sig-identity-test-001/runs/06b63b3e-1f12-4b78-8a0f-106cbf3cd4c3/assignment.json,reports,.json,836
reports/content_packages/sig-identity-test-001/runs/06b63b3e-1f12-4b78-8a0f-106cbf3cd4c3/business_strategy.json,reports,.json,17194
reports/content_packages/sig-identity-test-001/runs/06b63b3e-1f12-4b78-8a0f-106cbf3cd4c3/editorial_acceptance.json,reports,.json,298
reports/content_packages/sig-identity-test-001/runs/06b63b3e-1f12-4b78-8a0f-106cbf3cd4c3/generated.json,reports,.json,1091
reports/content_packages/sig-identity-test-001/runs/06b81f50-e0f0-4215-935c-7c3681be8222/assignment.json,reports,.json,836
reports/content_packages/sig-identity-test-001/runs/06b81f50-e0f0-4215-935c-7c3681be8222/business_strategy.json,reports,.json,17194
reports/content_packages/sig-identity-test-001/runs/06b81f50-e0f0-4215-935c-7c3681be8222/editorial_acceptance.json,reports,.json,298
reports/content_packages/sig-identity-test-001/runs/06b81f50-e0f0-4215-935c-7c3681be8222/generated.json,reports,.json,1091
reports/content_packages/sig-identity-test-001/runs/06c05eea-89d1-42f8-a6d3-cae5e396d0fb/assignment.json,reports,.json,836
reports/content_packages/sig-identity-test-001/runs/06c05eea-89d1-42f8-a6d3-cae5e396d0fb/business_strategy.json,reports,.json,17194
reports/content_packages/sig-identity-test-001/runs/06c05eea-89d1-42f8-a6d3-cae5e396d0fb/editorial_acceptance.json,reports,.json,298
reports/content_packages/sig-identity-test-001/runs/06c05eea-89d1-42f8-a6d3-cae5e396d0fb/generated.json,reports,.json,1091
reports/content_packages/sig-identity-test-001/runs/071e2900-e599-4d2a-83e3-2c6e94f9e6be/business_strategy.json,reports,.json,17194
reports/content_packages/sig-identity-test-001/runs/071e2900-e599-4d2a-83e3-2c6e94f9e6be/generated.json,reports,.json,1286
reports/content_packages/sig-identity-test-001/runs/072994fe-6345-4d25-8a36-351e1a91d39d/business_strategy.json,reports,.json,17194
reports/content_packages/sig-identity-test-001/runs/072994fe-6345-4d25-8a36-351e1a91d39d/generated.json,reports,.json,1091
reports/content_packages/sig-identity-test-001/runs/072e4ade-e70d-4956-8947-69bb26893c66/assignment.json,reports,.json,836
reports/content_packages/sig-identity-test-001/runs/072e4ade-e70d-4956-8947-69bb26893c66/business_strategy.json,reports,.json,17194
reports/content_packages/sig-identity-test-001/runs/072e4ade-e70d-4956-8947-69bb26893c66/editorial_acceptance.json,reports,.json,298
reports/content_packages/sig-identity-test-001/runs/072e4ade-e70d-4956-8947-69bb26893c66/generated.json,reports,.json,1091
reports/content_packages/sig-identity-test-001/runs/07421629-fc7d-4315-9dad-8ddd72dc13bf/business_strategy.json,reports,.json,17194
reports/content_packages/sig-identity-test-001/runs/07421629-fc7d-4315-9dad-8ddd72dc13bf/editorial_acceptance.json,reports,.json,245
reports/content_packages/sig-identity-test-001/runs/07421629-fc7d-4315-9dad-8ddd72dc13bf/generated.json,reports,.json,1091
reports/content_packages/sig-identity-test-001/runs/084b10b4-fa4d-45c9-b872-cf8600ff65d7/assignment.json,reports,.json,844
reports/content_packages/sig-identity-test-001/runs/084b10b4-fa4d-45c9-b872-cf8600ff65d7/business_strategy.json,reports,.json,17194
reports/content_packages/sig-identity-test-001/runs/084b10b4-fa4d-45c9-b872-cf8600ff65d7/editorial_acceptance.json,reports,.json,298
reports/content_packages/sig-identity-test-001/runs/084b10b4-fa4d-45c9-b872-cf8600ff65d7/generated.json,reports,.json,1091
reports/content_packages/sig-identity-test-001/runs/084f915e-ec23-4961-87d1-03117ca54805/business_strategy.json,reports,.json,17194
reports/content_packages/sig-identity-test-001/runs/084f915e-ec23-4961-87d1-03117ca54805/generated.json,reports,.json,1091
reports/content_packages/sig-identity-test-001/runs/08a6dcec-fef8-4f04-a47e-4f480c4e1469/assignment.json,reports,.json,844
reports/content_packages/sig-identity-test-001/runs/08a6dcec-fef8-4f04-a47e-4f480c4e1469/business_strategy.json,reports,.json,17194
reports/content_packages/sig-identity-test-001/runs/08a6dcec-fef8-4f04-a47e-4f480c4e1469/editorial_acceptance.json,reports,.json,298
reports/content_packages/sig-identity-test-001/runs/08a6dcec-fef8-4f04-a47e-4f480c4e1469/generated.json,reports,.json,1091
reports/content_packages/sig-identity-test-001/runs/090d080a-12b8-442a-b8d6-79fa9ce0d7b2/assignment.json,reports,.json,836
reports/content_packages/sig-identity-test-001/runs/090d080a-12b8-442a-b8d6-79fa9ce0d7b2/business_strategy.json,reports,.json,17194
reports/content_packages/sig-identity-test-001/runs/090d080a-12b8-442a-b8d6-79fa9ce0d7b2/editorial_acceptance.json,reports,.json,298
reports/content_packages/sig-identity-test-001/runs/090d080a-12b8-442a-b8d6-79fa9ce0d7b2/generated.json,reports,.json,1091
reports/content_packages/sig-identity-test-001/runs/09265863-0327-4ea6-9bf7-c3a41c6d58c2/assignment.json,reports,.json,836
reports/content_packages/sig-identity-test-001/runs/09265863-0327-4ea6-9bf7-c3a41c6d58c2/business_strategy.json,reports,.json,17194
reports/content_packages/sig-identity-test-001/runs/094bc69f-fe54-4219-8a59-1ee55478e8f2/assignment.json,reports,.json,844
reports/content_packages/sig-identity-test-001/runs/094bc69f-fe54-4219-8a59-1ee55478e8f2/business_strategy.json,reports,.json,17194
reports/content_packages/sig-identity-test-001/runs/094bc69f-fe54-4219-8a59-1ee55478e8f2/editorial_acceptance.json,reports,.json,298
reports/content_packages/sig-identity-test-001/runs/094bc69f-fe54-4219-8a59-1ee55478e8f2/generated.json,reports,.json,1091
reports/content_packages/sig-identity-test-001/runs/0995da73-864a-4142-9e6c-e9fff331527a/assignment.json,reports,.json,836
reports/content_packages/sig-identity-test-001/runs/0995da73-864a-4142-9e6c-e9fff331527a/business_strategy.json,reports,.json,17194
reports/content_packages/sig-identity-test-001/runs/0995da73-864a-4142-9e6c-e9fff331527a/editorial_acceptance.json,reports,.json,298
reports/content_packages/sig-identity-test-001/runs/0995da73-864a-4142-9e6c-e9fff331527a/generated.json,reports,.json,1091
reports/content_packages/sig-identity-test-001/runs/099d9f0f-72b3-4192-ad8e-ccb9b2b90072/assignment.json,reports,.json,844
reports/content_packages/sig-identity-test-001/runs/099d9f0f-72b3-4192-ad8e-ccb9b2b90072/business_strategy.json,reports,.json,17194
reports/content_packages/sig-identity-test-001/runs/099d9f0f-72b3-4192-ad8e-ccb9b2b90072/editorial_acceptance.json,reports,.json,298
reports/content_packages/sig-identity-test-001/runs/099d9f0f-72b3-4192-ad8e-ccb9b2b90072/generated.json,reports,.json,1091
reports/content_packages/sig-identity-test-001/runs/0a1b9dfe-ead9-47a0-85c3-214582e2a2d6/business_strategy.json,reports,.json,17194
reports/content_packages/sig-identity-test-001/runs/0a1b9dfe-ead9-47a0-85c3-214582e2a2d6/editorial_acceptance.json,reports,.json,245
reports/content_packages/sig-identity-test-001/runs/0a1b9dfe-ead9-47a0-85c3-214582e2a2d6/generated.json,reports,.json,1091
reports/content_packages/sig-identity-test-001/runs/0a39f8cb-e658-46b4-a53d-fb6a0cdbbd62/business_strategy.json,reports,.json,17194
reports/content_packages/sig-identity-test-001/runs/0a39f8cb-e658-46b4-a53d-fb6a0cdbbd62/editorial_acceptance.json,reports,.json,245
reports/content_packages/sig-identity-test-001/runs/0a39f8cb-e658-46b4-a53d-fb6a0cdbbd62/generated.json,reports,.json,1091
reports/content_packages/sig-identity-test-001/runs/0a59122d-6ad4-4dab-aeea-f83b8c12ba63/assignment.json,reports,.json,836
reports/content_packages/sig-identity-test-001/runs/0a59122d-6ad4-4dab-aeea-f83b8c12ba63/business_strategy.json,reports,.json,17194
reports/content_packages/sig-identity-test-001/runs/0a59122d-6ad4-4dab-aeea-f83b8c12ba63/editorial_acceptance.json,reports,.json,298
reports/content_packages/sig-identity-test-001/runs/0a59122d-6ad4-4dab-aeea-f83b8c12ba63/generated.json,reports,.json,1091
reports/content_packages/sig-identity-test-001/runs/0a7ba3e2-d791-440a-ba63-4a56e2450a52/assignment.json,reports,.json,836
reports/content_packages/sig-identity-test-001/runs/0a7ba3e2-d791-440a-ba63-4a56e2450a52/business_strategy.json,reports,.json,17194
reports/content_packages/sig-identity-test-001/runs/0ac25456-b208-4587-b1a7-503604992d8e/generated.json,reports,.json,856
reports/content_packages/sig-identity-test-001/runs/0b414db0-3bae-4708-a1e4-deca50fb8069/generated.json,reports,.json,856
reports/content_packages/sig-identity-test-001/runs/0b4e5cc4-fb43-4b68-a3a0-a2490d1caf15/generated.json,reports,.json,856
reports/content_packages/sig-identity-test-001/runs/0b5a11a1-48a8-4320-9dbb-3182f2cfd6ca/business_strategy.json,reports,.json,17194
reports/content_packages/sig-identity-test-001/runs/0b5a11a1-48a8-4320-9dbb-3182f2cfd6ca/editorial_acceptance.json,reports,.json,245
reports/content_packages/sig-identity-test-001/runs/0b5a11a1-48a8-4320-9dbb-3182f2cfd6ca/generated.json,reports,.json,1091
reports/content_packages/sig-identity-test-001/runs/0b93591e-195e-46b5-b6a4-96bce336bc7f/business_strategy.json,reports,.json,17194
reports/content_packages/sig-identity-test-001/runs/0bbf8eb7-4cc3-478b-85f4-04febb457805/assignment.json,reports,.json,836
reports/content_packages/sig-identity-test-001/runs/0bbf8eb7-4cc3-478b-85f4-04febb457805/business_strategy.json,reports,.json,17194
reports/content_packages/sig-identity-test-001/runs/0bf4da54-be62-44ce-a48e-cb04beff9ebb/assignment.json,reports,.json,836
reports/content_packages/sig-identity-test-001/runs/0bf4da54-be62-44ce-a48e-cb04beff9ebb/business_strategy.json,reports,.json,17194
reports/content_packages/sig-identity-test-001/runs/0bf59576-bc5b-4b59-a093-db134ea3724b/business_strategy.json,reports,.json,17194
reports/content_packages/sig-identity-test-001/runs/0bf59576-bc5b-4b59-a093-db134ea3724b/generated.json,reports,.json,1091
reports/content_packages/sig-identity-test-001/runs/0c176a6b-4974-4aab-adae-94b7ec879f47/assignment.json,reports,.json,836
reports/content_packages/sig-identity-test-001/runs/0c176a6b-4974-4aab-adae-94b7ec879f47/business_strategy.json,reports,.json,17194
reports/content_packages/sig-identity-test-001/runs/0c176a6b-4974-4aab-adae-94b7ec879f47/editorial_acceptance.json,reports,.json,298
reports/content_packages/sig-identity-test-001/runs/0c176a6b-4974-4aab-adae-94b7ec879f47/generated.json,reports,.json,1091
reports/content_packages/sig-identity-test-001/runs/0c43e1c0-25d0-41e5-b6dd-26de6e820df5/business_strategy.json,reports,.json,17194
reports/content_packages/sig-identity-test-001/runs/0cb62ad5-b870-4b6d-857d-4e0757582d85/assignment.json,reports,.json,836
reports/content_packages/sig-identity-test-001/runs/0cb62ad5-b870-4b6d-857d-4e0757582d85/business_strategy.json,reports,.json,17194
reports/content_packages/sig-identity-test-001/runs/0cb62ad5-b870-4b6d-857d-4e0757582d85/editorial_acceptance.json,reports,.json,298
reports/content_packages/sig-identity-test-001/runs/0cb62ad5-b870-4b6d-857d-4e0757582d85/generated.json,reports,.json,1091
reports/content_packages/sig-identity-test-001/runs/0cc87308-83b1-4c45-a985-013b22673f6a/business_strategy.json,reports,.json,17194
reports/content_packages/sig-identity-test-001/runs/0cc87308-83b1-4c45-a985-013b22673f6a/generated.json,reports,.json,1091
reports/content_packages/sig-identity-test-001/runs/0d625071-e0b5-4034-9900-3eb9f465edf0/business_strategy.json,reports,.json,17194
reports/content_packages/sig-identity-test-001/runs/0d625071-e0b5-4034-9900-3eb9f465edf0/editorial_acceptance.json,reports,.json,245
reports/content_packages/sig-identity-test-001/runs/0d625071-e0b5-4034-9900-3eb9f465edf0/generated.json,reports,.json,1091
reports/content_packages/sig-identity-test-001/runs/0d8cb46c-cfad-4d35-8759-f773d0d34347/business_strategy.json,reports,.json,17194
reports/content_packages/sig-identity-test-001/runs/0d8cb46c-cfad-4d35-8759-f773d0d34347/generated.json,reports,.json,1091
reports/content_packages/sig-identity-test-001/runs/0dd7fffc-904b-4525-8c74-ced860b22701/assignment.json,reports,.json,844
reports/content_packages/sig-identity-test-001/runs/0dd7fffc-904b-4525-8c74-ced860b22701/business_strategy.json,reports,.json,17194
reports/content_packages/sig-identity-test-001/runs/0dd7fffc-904b-4525-8c74-ced860b22701/editorial_acceptance.json,reports,.json,298
reports/content_packages/sig-identity-test-001/runs/0dd7fffc-904b-4525-8c74-ced860b22701/generated.json,reports,.json,1091
reports/content_packages/sig-identity-test-001/runs/0e70e279-a613-41dc-867e-0a9aabdb9ce9/generated.json,reports,.json,856
reports/content_packages/sig-identity-test-001/runs/0ebf1e3e-45e5-4486-bff6-bce144ba25ed/business_strategy.json,reports,.json,17194
reports/content_packages/sig-identity-test-001/runs/0ebf1e3e-45e5-4486-bff6-bce144ba25ed/editorial_acceptance.json,reports,.json,245
reports/content_packages/sig-identity-test-001/runs/0ebf1e3e-45e5-4486-bff6-bce144ba25ed/generated.json,reports,.json,1091
reports/content_packages/sig-identity-test-001/runs/0ec296ef-4ec1-40b8-87d4-a25741516160/business_strategy.json,reports,.json,17194
reports/content_packages/sig-identity-test-001/runs/0ec296ef-4ec1-40b8-87d4-a25741516160/generated.json,reports,.json,1091
reports/content_packages/sig-identity-test-001/runs/0f15e86f-b9bd-489d-80d5-371a814b4b8f/business_strategy.json,reports,.json,17194
reports/content_packages/sig-identity-test-001/runs/0f15e86f-b9bd-489d-80d5-371a814b4b8f/editorial_acceptance.json,reports,.json,245
reports/content_packages/sig-identity-test-001/runs/0f15e86f-b9bd-489d-80d5-371a814b4b8f/generated.json,reports,.json,1091
reports/content_packages/sig-identity-test-001/runs/0f18a738-3382-4425-b4c1-613c262195b1/assignment.json,reports,.json,836
reports/content_packages/sig-identity-test-001/runs/0f18a738-3382-4425-b4c1-613c262195b1/business_strategy.json,reports,.json,17194
reports/content_packages/sig-identity-test-001/runs/0f18a738-3382-4425-b4c1-613c262195b1/editorial_acceptance.json,reports,.json,298
reports/content_packages/sig-identity-test-001/runs/0f18a738-3382-4425-b4c1-613c262195b1/generated.json,reports,.json,1091
reports/content_packages/sig-identity-test-001/runs/0f231d86-fdbf-4ee9-bd3c-81a256a239e4/assignment.json,reports,.json,836
reports/content_packages/sig-identity-test-001/runs/0f231d86-fdbf-4ee9-bd3c-81a256a239e4/business_strategy.json,reports,.json,17194
reports/content_packages/sig-identity-test-001/runs/0fae3020-b57c-4ea2-9596-e61f04de5424/business_strategy.json,reports,.json,17194
reports/content_packages/sig-identity-test-001/runs/0fae3020-b57c-4ea2-9596-e61f04de5424/generated.json,reports,.json,1091
reports/content_packages/sig-identity-test-001/runs/0fbd7c88-81de-476c-9a4b-e553105599c0/business_strategy.json,reports,.json,17194
reports/content_packages/sig-identity-test-001/runs/0fbd7c88-81de-476c-9a4b-e553105599c0/editorial_acceptance.json,reports,.json,245
reports/content_packages/sig-identity-test-001/runs/0fbd7c88-81de-476c-9a4b-e553105599c0/generated.json,reports,.json,1091
reports/content_packages/sig-identity-test-001/runs/0fc8771b-10e6-472e-822f-456ddf226bfd/assignment.json,reports,.json,836
reports/content_packages/sig-identity-test-001/runs/0fc8771b-10e6-472e-822f-456ddf226bfd/business_strategy.json,reports,.json,17194
reports/content_packages/sig-identity-test-001/runs/0fc8771b-10e6-472e-822f-456ddf226bfd/editorial_acceptance.json,reports,.json,298
reports/content_packages/sig-identity-test-001/runs/0fc8771b-10e6-472e-822f-456ddf226bfd/generated.json,reports,.json,1091
reports/content_packages/sig-identity-test-001/runs/0fda7b62-5076-4faf-aee5-802981092e7c/business_strategy.json,reports,.json,17194
reports/content_packages/sig-identity-test-001/runs/0fda7b62-5076-4faf-aee5-802981092e7c/editorial_acceptance.json,reports,.json,245
reports/content_packages/sig-identity-test-001/runs/0fda7b62-5076-4faf-aee5-802981092e7c/generated.json,reports,.json,1091
reports/content_packages/sig-identity-test-001/runs/101cc250-d5de-459d-a71c-675093e702c6/assignment.json,reports,.json,836
reports/content_packages/sig-identity-test-001/runs/101cc250-d5de-459d-a71c-675093e702c6/business_strategy.json,reports,.json,17194
reports/content_packages/sig-identity-test-001/runs/101cc250-d5de-459d-a71c-675093e702c6/editorial_acceptance.json,reports,.json,298
reports/content_packages/sig-identity-test-001/runs/101cc250-d5de-459d-a71c-675093e702c6/generated.json,reports,.json,1091
reports/content_packages/sig-identity-test-001/runs/108eb36b-8009-44c5-a5b3-a33a2583434f/business_strategy.json,reports,.json,17194
reports/content_packages/sig-identity-test-001/runs/10ba8f34-2d8b-44d0-af85-c09554453c58/assignment.json,reports,.json,844
reports/content_packages/sig-identity-test-001/runs/10ba8f34-2d8b-44d0-af85-c09554453c58/business_strategy.json,reports,.json,17194
reports/content_packages/sig-identity-test-001/runs/10ba8f34-2d8b-44d0-af85-c09554453c58/editorial_acceptance.json,reports,.json,298
reports/content_packages/sig-identity-test-001/runs/10ba8f34-2d8b-44d0-af85-c09554453c58/generated.json,reports,.json,1091
reports/content_packages/sig-identity-test-001/runs/10c51e17-5c6b-4480-b5c8-168514c90c9a/assignment.json,reports,.json,836
reports/content_packages/sig-identity-test-001/runs/10c51e17-5c6b-4480-b5c8-168514c90c9a/business_strategy.json,reports,.json,17194
reports/content_packages/sig-identity-test-001/runs/10cf646c-4c25-44c8-8ecb-5e5dc92894f6/business_strategy.json,reports,.json,17194
reports/content_packages/sig-identity-test-001/runs/1104c1ef-af49-425a-abc0-ef5175348a2f/assignment.json,reports,.json,836
reports/content_packages/sig-identity-test-001/runs/1104c1ef-af49-425a-abc0-ef5175348a2f/business_strategy.json,reports,.json,17194
reports/content_packages/sig-identity-test-001/runs/1104c1ef-af49-425a-abc0-ef5175348a2f/editorial_acceptance.json,reports,.json,298
reports/content_packages/sig-identity-test-001/runs/1104c1ef-af49-425a-abc0-ef5175348a2f/generated.json,reports,.json,1091
reports/content_packages/sig-identity-test-001/runs/118d2cd0-480f-453f-975a-47916d507239/business_strategy.json,reports,.json,17194
reports/content_packages/sig-identity-test-001/runs/118d2cd0-480f-453f-975a-47916d507239/generated.json,reports,.json,1091
reports/content_packages/sig-identity-test-001/runs/11909f0a-0e21-42b5-a23a-ac75a964e3c3/assignment.json,reports,.json,836
reports/content_packages/sig-identity-test-001/runs/11909f0a-0e21-42b5-a23a-ac75a964e3c3/business_strategy.json,reports,.json,17194
reports/content_packages/sig-identity-test-001/runs/11909f0a-0e21-42b5-a23a-ac75a964e3c3/editorial_acceptance.json,reports,.json,298
reports/content_packages/sig-identity-test-001/runs/11909f0a-0e21-42b5-a23a-ac75a964e3c3/generated.json,reports,.json,1091
reports/content_packages/sig-identity-test-001/runs/11e7f2b8-65b3-4ae9-a87d-c0bf0f1d5780/generated.json,reports,.json,856
reports/content_packages/sig-identity-test-001/runs/1211b63a-16d3-420e-9d1c-d8e8498047d7/business_strategy.json,reports,.json,17194
reports/content_packages/sig-identity-test-001/runs/1211b63a-16d3-420e-9d1c-d8e8498047d7/generated.json,reports,.json,1091
reports/content_packages/sig-identity-test-001/runs/1213a3a0-670b-409d-a968-01688105303d/assignment.json,reports,.json,836
reports/content_packages/sig-identity-test-001/runs/1213a3a0-670b-409d-a968-01688105303d/business_strategy.json,reports,.json,17194
reports/content_packages/sig-identity-test-001/runs/1213a3a0-670b-409d-a968-01688105303d/editorial_acceptance.json,reports,.json,298
reports/content_packages/sig-identity-test-001/runs/1213a3a0-670b-409d-a968-01688105303d/generated.json,reports,.json,1091
reports/content_packages/sig-identity-test-001/runs/123e3229-0108-4875-bd44-16d4fdf6cdd6/generated.json,reports,.json,856
reports/content_packages/sig-identity-test-001/runs/12478234-00b0-455b-b03f-4ba407db5af2/assignment.json,reports,.json,836
reports/content_packages/sig-identity-test-001/runs/12478234-00b0-455b-b03f-4ba407db5af2/business_strategy.json,reports,.json,17194
reports/content_packages/sig-identity-test-001/runs/12478234-00b0-455b-b03f-4ba407db5af2/editorial_acceptance.json,reports,.json,298
reports/content_packages/sig-identity-test-001/runs/12478234-00b0-455b-b03f-4ba407db5af2/generated.json,reports,.json,1091
reports/content_packages/sig-identity-test-001/runs/12543be6-b18d-42c5-af72-5557aa527a82/assignment.json,reports,.json,836
reports/content_packages/sig-identity-test-001/runs/12543be6-b18d-42c5-af72-5557aa527a82/business_strategy.json,reports,.json,17194
reports/content_packages/sig-identity-test-001/runs/12543be6-b18d-42c5-af72-5557aa527a82/editorial_acceptance.json,reports,.json,298
reports/content_packages/sig-identity-test-001/runs/12543be6-b18d-42c5-af72-5557aa527a82/generated.json,reports,.json,1091
reports/content_packages/sig-identity-test-001/runs/12a48f76-b64d-4a6b-be9d-635aa2984a70/business_strategy.json,reports,.json,17194
reports/content_packages/sig-identity-test-001/runs/12a48f76-b64d-4a6b-be9d-635aa2984a70/generated.json,reports,.json,1091
reports/content_packages/sig-identity-test-001/runs/130c3449-237b-4e0b-a6f1-eb983f50ca62/business_strategy.json,reports,.json,17194
reports/content_packages/sig-identity-test-001/runs/130c3449-237b-4e0b-a6f1-eb983f50ca62/editorial_acceptance.json,reports,.json,245
reports/content_packages/sig-identity-test-001/runs/130c3449-237b-4e0b-a6f1-eb983f50ca62/generated.json,reports,.json,1091
reports/content_packages/sig-identity-test-001/runs/1367187b-9ac0-47e8-8c13-6abb3112ad2c/generated.json,reports,.json,856
reports/content_packages/sig-identity-test-001/runs/13ee10e7-5388-4651-909e-59a6d858cd09/business_strategy.json,reports,.json,17194
reports/content_packages/sig-identity-test-001/runs/13ee10e7-5388-4651-909e-59a6d858cd09/generated.json,reports,.json,1286
reports/content_packages/sig-identity-test-001/runs/1419f72e-9422-4884-84ef-716e53c0adff/generated.json,reports,.json,856
reports/content_packages/sig-identity-test-001/runs/14e4a14f-e29f-4eed-8d1e-0b789c08a526/assignment.json,reports,.json,844
reports/content_packages/sig-identity-test-001/runs/14e4a14f-e29f-4eed-8d1e-0b789c08a526/business_strategy.json,reports,.json,17194
reports/content_packages/sig-identity-test-001/runs/14e4a14f-e29f-4eed-8d1e-0b789c08a526/editorial_acceptance.json,reports,.json,298
reports/content_packages/sig-identity-test-001/runs/14e4a14f-e29f-4eed-8d1e-0b789c08a526/generated.json,reports,.json,1091
reports/content_packages/sig-identity-test-001/runs/14ebf380-ea34-480c-b69c-2ba1caa3502f/business_strategy.json,reports,.json,17194
reports/content_packages/sig-identity-test-001/runs/14ebf380-ea34-480c-b69c-2ba1caa3502f/editorial_acceptance.json,reports,.json,245
reports/content_packages/sig-identity-test-001/runs/14ebf380-ea34-480c-b69c-2ba1caa3502f/generated.json,reports,.json,1091
reports/content_packages/sig-identity-test-001/runs/15097285-0d29-4149-9270-81eb97120a1d/assignment.json,reports,.json,836
reports/content_packages/sig-identity-test-001/runs/15097285-0d29-4149-9270-81eb97120a1d/business_strategy.json,reports,.json,17194
reports/content_packages/sig-identity-test-001/runs/15097285-0d29-4149-9270-81eb97120a1d/editorial_acceptance.json,reports,.json,298
reports/content_packages/sig-identity-test-001/runs/15097285-0d29-4149-9270-81eb97120a1d/generated.json,reports,.json,1091
reports/content_packages/sig-identity-test-001/runs/155b2b46-5e43-4230-aaf1-40751a82746e/assignment.json,reports,.json,836
reports/content_packages/sig-identity-test-001/runs/155b2b46-5e43-4230-aaf1-40751a82746e/business_strategy.json,reports,.json,17194
reports/content_packages/sig-identity-test-001/runs/15908da0-aa99-4d79-beed-7c810233eac4/business_strategy.json,reports,.json,17194
reports/content_packages/sig-identity-test-001/runs/15908da0-aa99-4d79-beed-7c810233eac4/generated.json,reports,.json,1091
reports/content_packages/sig-identity-test-001/runs/15b435fd-4609-4c09-9942-77a49d28e834/assignment.json,reports,.json,836
reports/content_packages/sig-identity-test-001/runs/15b435fd-4609-4c09-9942-77a49d28e834/business_strategy.json,reports,.json,17194
reports/content_packages/sig-identity-test-001/runs/15da7557-20b3-4ade-8a64-6b1733ffbc47/business_strategy.json,reports,.json,17194
reports/content_packages/sig-identity-test-001/runs/15da7557-20b3-4ade-8a64-6b1733ffbc47/generated.json,reports,.json,1091
reports/content_packages/sig-identity-test-001/runs/15df66bc-442e-43b2-9b1c-71275fe7df91/generated.json,reports,.json,856
reports/content_packages/sig-identity-test-001/runs/1626af9f-e551-4eeb-b896-0afc7e1d0923/business_strategy.json,reports,.json,17194
reports/content_packages/sig-identity-test-001/runs/1626af9f-e551-4eeb-b896-0afc7e1d0923/editorial_acceptance.json,reports,.json,245
reports/content_packages/sig-identity-test-001/runs/1626af9f-e551-4eeb-b896-0afc7e1d0923/generated.json,reports,.json,1091
reports/content_packages/sig-identity-test-001/runs/168a07fa-9172-49d1-bf3a-b2fd51f483b5/business_strategy.json,reports,.json,17194
reports/content_packages/sig-identity-test-001/runs/168a07fa-9172-49d1-bf3a-b2fd51f483b5/generated.json,reports,.json,1091
reports/content_packages/sig-identity-test-001/runs/16a642a0-4db0-40ba-80de-be564e2c1aa5/business_strategy.json,reports,.json,17194
reports/content_packages/sig-identity-test-001/runs/16a642a0-4db0-40ba-80de-be564e2c1aa5/generated.json,reports,.json,1286
reports/content_packages/sig-identity-test-001/runs/16d6d284-932c-45b5-a704-2328c392791b/assignment.json,reports,.json,836
reports/content_packages/sig-identity-test-001/runs/16d6d284-932c-45b5-a704-2328c392791b/business_strategy.json,reports,.json,17194
reports/content_packages/sig-identity-test-001/runs/16d6d284-932c-45b5-a704-2328c392791b/editorial_acceptance.json,reports,.json,298
reports/content_packages/sig-identity-test-001/runs/16d6d284-932c-45b5-a704-2328c392791b/generated.json,reports,.json,1091
reports/content_packages/sig-identity-test-001/runs/16faf67c-5363-42fc-ae12-020d9cbf6db6/business_strategy.json,reports,.json,17194
reports/content_packages/sig-identity-test-001/runs/16faf67c-5363-42fc-ae12-020d9cbf6db6/generated.json,reports,.json,1091
reports/content_packages/sig-identity-test-001/runs/172324bc-7bef-4fae-b078-ad8c37981120/assignment.json,reports,.json,836
reports/content_packages/sig-identity-test-001/runs/172324bc-7bef-4fae-b078-ad8c37981120/business_strategy.json,reports,.json,17194
reports/content_packages/sig-identity-test-001/runs/172324bc-7bef-4fae-b078-ad8c37981120/editorial_acceptance.json,reports,.json,298
reports/content_packages/sig-identity-test-001/runs/172324bc-7bef-4fae-b078-ad8c37981120/generated.json,reports,.json,1091
reports/content_packages/sig-identity-test-001/runs/1733e2cb-9aa7-44d4-8490-45ad53d8484e/business_strategy.json,reports,.json,17194
reports/content_packages/sig-identity-test-001/runs/1767b1b4-bb60-4b5f-ae23-d77a1e64eb1b/assignment.json,reports,.json,836
reports/content_packages/sig-identity-test-001/runs/1767b1b4-bb60-4b5f-ae23-d77a1e64eb1b/business_strategy.json,reports,.json,17194
reports/content_packages/sig-identity-test-001/runs/1767b1b4-bb60-4b5f-ae23-d77a1e64eb1b/editorial_acceptance.json,reports,.json,298
reports/content_packages/sig-identity-test-001/runs/1767b1b4-bb60-4b5f-ae23-d77a1e64eb1b/generated.json,reports,.json,1091
reports/content_packages/sig-identity-test-001/runs/1793536c-040e-4737-b5e0-e92cff452998/assignment.json,reports,.json,836
reports/content_packages/sig-identity-test-001/runs/1793536c-040e-4737-b5e0-e92cff452998/business_strategy.json,reports,.json,17194
reports/content_packages/sig-identity-test-001/runs/1793536c-040e-4737-b5e0-e92cff452998/editorial_acceptance.json,reports,.json,298
reports/content_packages/sig-identity-test-001/runs/1793536c-040e-4737-b5e0-e92cff452998/generated.json,reports,.json,1091
reports/content_packages/sig-identity-test-001/runs/182acf7d-305b-416f-9d5f-3c5062517b80/generated.json,reports,.json,856
reports/content_packages/sig-identity-test-001/runs/18be0065-d21a-41e5-9074-f0a94b376367/assignment.json,reports,.json,844
reports/content_packages/sig-identity-test-001/runs/18be0065-d21a-41e5-9074-f0a94b376367/business_strategy.json,reports,.json,17194
reports/content_packages/sig-identity-test-001/runs/18be0065-d21a-41e5-9074-f0a94b376367/editorial_acceptance.json,reports,.json,298
reports/content_packages/sig-identity-test-001/runs/18be0065-d21a-41e5-9074-f0a94b376367/generated.json,reports,.json,1091
reports/content_packages/sig-identity-test-001/runs/18eee3a5-383d-47ad-aa21-65cb9d7cc527/generated.json,reports,.json,856
reports/content_packages/sig-identity-test-001/runs/195c7020-d95a-44a1-80db-e4dc1bcc57bb/business_strategy.json,reports,.json,17194
reports/content_packages/sig-identity-test-001/runs/195c7020-d95a-44a1-80db-e4dc1bcc57bb/generated.json,reports,.json,1091
reports/content_packages/sig-identity-test-001/runs/1a16f7c9-57bb-4c23-b8f6-52e0c26bd558/generated.json,reports,.json,856
reports/content_packages/sig-identity-test-001/runs/1a71a1e5-0a63-4aa5-a649-33614b23c2e9/assignment.json,reports,.json,836
reports/content_packages/sig-identity-test-001/runs/1a71a1e5-0a63-4aa5-a649-33614b23c2e9/business_strategy.json,reports,.json,17194
reports/content_packages/sig-identity-test-001/runs/1a71a1e5-0a63-4aa5-a649-33614b23c2e9/editorial_acceptance.json,reports,.json,298
reports/content_packages/sig-identity-test-001/runs/1a71a1e5-0a63-4aa5-a649-33614b23c2e9/generated.json,reports,.json,1091
reports/content_packages/sig-identity-test-001/runs/1b1f3c1f-8c80-400d-9a38-f808b4b4bd57/assignment.json,reports,.json,844
reports/content_packages/sig-identity-test-001/runs/1b1f3c1f-8c80-400d-9a38-f808b4b4bd57/business_strategy.json,reports,.json,17194
reports/content_packages/sig-identity-test-001/runs/1b1f3c1f-8c80-400d-9a38-f808b4b4bd57/editorial_acceptance.json,reports,.json,298
reports/content_packages/sig-identity-test-001/runs/1b1f3c1f-8c80-400d-9a38-f808b4b4bd57/generated.json,reports,.json,1091
reports/content_packages/sig-identity-test-001/runs/1b20f398-ee6c-4212-a07e-39bc6fd8d354/business_strategy.json,reports,.json,17194
reports/content_packages/sig-identity-test-001/runs/1b4f2e66-519b-4999-ac3f-614baab2549d/assignment.json,reports,.json,844
reports/content_packages/sig-identity-test-001/runs/1b4f2e66-519b-4999-ac3f-614baab2549d/business_strategy.json,reports,.json,17194
reports/content_packages/sig-identity-test-001/runs/1b4f2e66-519b-4999-ac3f-614baab2549d/editorial_acceptance.json,reports,.json,298
reports/content_packages/sig-identity-test-001/runs/1b4f2e66-519b-4999-ac3f-614baab2549d/generated.json,reports,.json,1091
reports/content_packages/sig-identity-test-001/runs/1ba7af97-e8c4-4823-8e8f-947da44d8885/assignment.json,reports,.json,836
reports/content_packages/sig-identity-test-001/runs/1ba7af97-e8c4-4823-8e8f-947da44d8885/business_strategy.json,reports,.json,17194
reports/content_packages/sig-identity-test-001/runs/1ba7af97-e8c4-4823-8e8f-947da44d8885/editorial_acceptance.json,reports,.json,298
reports/content_packages/sig-identity-test-001/runs/1ba7af97-e8c4-4823-8e8f-947da44d8885/generated.json,reports,.json,1091
reports/content_packages/sig-identity-test-001/runs/1c331490-71ec-4775-833e-e12aa5f65503/assignment.json,reports,.json,844
reports/content_packages/sig-identity-test-001/runs/1c331490-71ec-4775-833e-e12aa5f65503/business_strategy.json,reports,.json,17194
reports/content_packages/sig-identity-test-001/runs/1c331490-71ec-4775-833e-e12aa5f65503/editorial_acceptance.json,reports,.json,298
reports/content_packages/sig-identity-test-001/runs/1c331490-71ec-4775-833e-e12aa5f65503/generated.json,reports,.json,1091
reports/content_packages/sig-identity-test-001/runs/1c6cc208-ed78-446f-9095-04c6c8395136/assignment.json,reports,.json,836
reports/content_packages/sig-identity-test-001/runs/1c6cc208-ed78-446f-9095-04c6c8395136/business_strategy.json,reports,.json,17194
reports/content_packages/sig-identity-test-001/runs/1c8da924-c536-4f37-8207-53c187c5fab1/assignment.json,reports,.json,836
reports/content_packages/sig-identity-test-001/runs/1c8da924-c536-4f37-8207-53c187c5fab1/business_strategy.json,reports,.json,17194
reports/content_packages/sig-identity-test-001/runs/1c8da924-c536-4f37-8207-53c187c5fab1/editorial_acceptance.json,reports,.json,298
reports/content_packages/sig-identity-test-001/runs/1c8da924-c536-4f37-8207-53c187c5fab1/generated.json,reports,.json,1091
reports/content_packages/sig-identity-test-001/runs/1cea776b-7ae4-43d7-9ca2-531a6f7e79c8/business_strategy.json,reports,.json,17194
reports/content_packages/sig-identity-test-001/runs/1cecdb7b-ef8e-4b32-9275-811543462dbb/generated.json,reports,.json,856
reports/content_packages/sig-identity-test-001/runs/1d54eb0a-0cf6-4ff6-8318-2330dbc63cb6/assignment.json,reports,.json,844
reports/content_packages/sig-identity-test-001/runs/1d54eb0a-0cf6-4ff6-8318-2330dbc63cb6/business_strategy.json,reports,.json,17194
reports/content_packages/sig-identity-test-001/runs/1d54eb0a-0cf6-4ff6-8318-2330dbc63cb6/editorial_acceptance.json,reports,.json,298
reports/content_packages/sig-identity-test-001/runs/1d54eb0a-0cf6-4ff6-8318-2330dbc63cb6/generated.json,reports,.json,1091
reports/content_packages/sig-identity-test-001/runs/1d551e53-a216-4700-bafd-db8e7b361df5/generated.json,reports,.json,856
reports/content_packages/sig-identity-test-001/runs/1d755aa3-c7a8-4351-ade4-20e49708a5a7/assignment.json,reports,.json,836
reports/content_packages/sig-identity-test-001/runs/1d755aa3-c7a8-4351-ade4-20e49708a5a7/business_strategy.json,reports,.json,17194
reports/content_packages/sig-identity-test-001/runs/1d829bf8-5d28-4f08-b405-5031ad986656/assignment.json,reports,.json,836
reports/content_packages/sig-identity-test-001/runs/1d829bf8-5d28-4f08-b405-5031ad986656/business_strategy.json,reports,.json,17194
reports/content_packages/sig-identity-test-001/runs/1df60f32-1ee5-4cc4-bdec-8188af176e32/generated.json,reports,.json,856
reports/content_packages/sig-identity-test-001/runs/1e064367-1865-4b46-b520-212cac1b0466/assignment.json,reports,.json,844
reports/content_packages/sig-identity-test-001/runs/1e064367-1865-4b46-b520-212cac1b0466/business_strategy.json,reports,.json,17194
reports/content_packages/sig-identity-test-001/runs/1e064367-1865-4b46-b520-212cac1b0466/editorial_acceptance.json,reports,.json,298
reports/content_packages/sig-identity-test-001/runs/1e064367-1865-4b46-b520-212cac1b0466/generated.json,reports,.json,1091
reports/content_packages/sig-identity-test-001/runs/1e47e5f2-8283-444f-be8d-060098f39045/assignment.json,reports,.json,836
reports/content_packages/sig-identity-test-001/runs/1e47e5f2-8283-444f-be8d-060098f39045/business_strategy.json,reports,.json,17194
reports/content_packages/sig-identity-test-001/runs/1ea9b609-6396-4a63-a291-f228a772b06f/assignment.json,reports,.json,836
reports/content_packages/sig-identity-test-001/runs/1ea9b609-6396-4a63-a291-f228a772b06f/business_strategy.json,reports,.json,17194
reports/content_packages/sig-identity-test-001/runs/1ea9b609-6396-4a63-a291-f228a772b06f/editorial_acceptance.json,reports,.json,298
reports/content_packages/sig-identity-test-001/runs/1ea9b609-6396-4a63-a291-f228a772b06f/generated.json,reports,.json,1091
reports/content_packages/sig-identity-test-001/runs/1eae7371-1cad-480a-8144-15d01547d643/business_strategy.json,reports,.json,17194
reports/content_packages/sig-identity-test-001/runs/1eae7371-1cad-480a-8144-15d01547d643/generated.json,reports,.json,1091
reports/content_packages/sig-identity-test-001/runs/1ed85de0-c9fa-457d-a15a-d3f8cb1f2101/business_strategy.json,reports,.json,17194
reports/content_packages/sig-identity-test-001/runs/1ed85de0-c9fa-457d-a15a-d3f8cb1f2101/generated.json,reports,.json,1091
reports/content_packages/sig-identity-test-001/runs/1ede6922-737c-420e-b67a-d9862d93ff81/assignment.json,reports,.json,844
reports/content_packages/sig-identity-test-001/runs/1ede6922-737c-420e-b67a-d9862d93ff81/business_strategy.json,reports,.json,17194
reports/content_packages/sig-identity-test-001/runs/1ede6922-737c-420e-b67a-d9862d93ff81/editorial_acceptance.json,reports,.json,298
reports/content_packages/sig-identity-test-001/runs/1ede6922-737c-420e-b67a-d9862d93ff81/generated.json,reports,.json,1091
reports/content_packages/sig-identity-test-001/runs/1eeea659-e2f6-4aff-853f-332e653adf69/business_strategy.json,reports,.json,17194
reports/content_packages/sig-identity-test-001/runs/1eeea659-e2f6-4aff-853f-332e653adf69/editorial_acceptance.json,reports,.json,245
reports/content_packages/sig-identity-test-001/runs/1eeea659-e2f6-4aff-853f-332e653adf69/generated.json,reports,.json,1091
reports/content_packages/sig-identity-test-001/runs/1f315c7b-95f5-47be-a657-84802024f543/assignment.json,reports,.json,836
reports/content_packages/sig-identity-test-001/runs/1f315c7b-95f5-47be-a657-84802024f543/business_strategy.json,reports,.json,17194
reports/content_packages/sig-identity-test-001/runs/1f315c7b-95f5-47be-a657-84802024f543/editorial_acceptance.json,reports,.json,298
reports/content_packages/sig-identity-test-001/runs/1f315c7b-95f5-47be-a657-84802024f543/generated.json,reports,.json,1091
reports/content_packages/sig-identity-test-001/runs/1f42993f-5fdb-445f-be4b-c8f564ad3daf/business_strategy.json,reports,.json,17194
reports/content_packages/sig-identity-test-001/runs/1f42993f-5fdb-445f-be4b-c8f564ad3daf/editorial_acceptance.json,reports,.json,245
reports/content_packages/sig-identity-test-001/runs/1f42993f-5fdb-445f-be4b-c8f564ad3daf/generated.json,reports,.json,1091
reports/content_packages/sig-identity-test-001/runs/1f7ee654-1f1f-48a3-b5c0-372524f852e2/assignment.json,reports,.json,836
reports/content_packages/sig-identity-test-001/runs/1f7ee654-1f1f-48a3-b5c0-372524f852e2/business_strategy.json,reports,.json,17194
reports/content_packages/sig-identity-test-001/runs/1f7ee654-1f1f-48a3-b5c0-372524f852e2/editorial_acceptance.json,reports,.json,298
reports/content_packages/sig-identity-test-001/runs/1f7ee654-1f1f-48a3-b5c0-372524f852e2/generated.json,reports,.json,1091
reports/content_packages/sig-identity-test-001/runs/1fa15ff4-d22e-4ad3-af19-183ef39eb366/generated.json,reports,.json,856
reports/content_packages/sig-identity-test-001/runs/1fbddf6f-97ca-478d-9af3-0b7dc5877c0a/assignment.json,reports,.json,836
reports/content_packages/sig-identity-test-001/runs/1fbddf6f-97ca-478d-9af3-0b7dc5877c0a/business_strategy.json,reports,.json,17194
reports/content_packages/sig-identity-test-001/runs/1fbddf6f-97ca-478d-9af3-0b7dc5877c0a/editorial_acceptance.json,reports,.json,298
reports/content_packages/sig-identity-test-001/runs/1fbddf6f-97ca-478d-9af3-0b7dc5877c0a/generated.json,reports,.json,1091
reports/content_packages/sig-identity-test-001/runs/1ff6d04c-86a4-409f-a6aa-159f5128c570/business_strategy.json,reports,.json,17194
reports/content_packages/sig-identity-test-001/runs/1ff6d04c-86a4-409f-a6aa-159f5128c570/generated.json,reports,.json,1091
reports/content_packages/sig-identity-test-001/runs/2014a856-1ecc-4cc1-871f-60ede7aa1a70/assignment.json,reports,.json,844
reports/content_packages/sig-identity-test-001/runs/2014a856-1ecc-4cc1-871f-60ede7aa1a70/business_strategy.json,reports,.json,17194
reports/content_packages/sig-identity-test-001/runs/2014a856-1ecc-4cc1-871f-60ede7aa1a70/editorial_acceptance.json,reports,.json,298
reports/content_packages/sig-identity-test-001/runs/2014a856-1ecc-4cc1-871f-60ede7aa1a70/generated.json,reports,.json,1091
reports/content_packages/sig-identity-test-001/runs/205d4997-44d4-4843-961c-cb1d68834ba5/business_strategy.json,reports,.json,17194
reports/content_packages/sig-identity-test-001/runs/205d4997-44d4-4843-961c-cb1d68834ba5/generated.json,reports,.json,1091
reports/content_packages/sig-identity-test-001/runs/2074363e-3f1c-44b2-bc1d-c525388a60b1/business_strategy.json,reports,.json,17194
reports/content_packages/sig-identity-test-001/runs/2074363e-3f1c-44b2-bc1d-c525388a60b1/generated.json,reports,.json,1091
reports/content_packages/sig-identity-test-001/runs/2074da32-6e68-483b-8a40-fb87ea3ee808/business_strategy.json,reports,.json,17194
reports/content_packages/sig-identity-test-001/runs/2074da32-6e68-483b-8a40-fb87ea3ee808/generated.json,reports,.json,1091
reports/content_packages/sig-identity-test-001/runs/20bb9524-bf9f-4cd7-ba7a-a8c60731f25e/business_strategy.json,reports,.json,17194
reports/content_packages/sig-identity-test-001/runs/20bb9524-bf9f-4cd7-ba7a-a8c60731f25e/generated.json,reports,.json,1091
reports/content_packages/sig-identity-test-001/runs/20d7ca98-0b70-4d7d-9f77-5059e8c40aca/business_strategy.json,reports,.json,17194
reports/content_packages/sig-identity-test-001/runs/20d7ca98-0b70-4d7d-9f77-5059e8c40aca/editorial_acceptance.json,reports,.json,245
reports/content_packages/sig-identity-test-001/runs/20d7ca98-0b70-4d7d-9f77-5059e8c40aca/generated.json,reports,.json,1091
reports/content_packages/sig-identity-test-001/runs/2178d125-f497-42af-9b9c-b7f4517431e1/business_strategy.json,reports,.json,17194
reports/content_packages/sig-identity-test-001/runs/2178d125-f497-42af-9b9c-b7f4517431e1/editorial_acceptance.json,reports,.json,245
reports/content_packages/sig-identity-test-001/runs/2178d125-f497-42af-9b9c-b7f4517431e1/generated.json,reports,.json,1091
reports/content_packages/sig-identity-test-001/runs/22270fbe-555d-4ad7-8397-a2f740b9e9b5/generated.json,reports,.json,856
reports/content_packages/sig-identity-test-001/runs/224aae26-a658-41e8-bb15-bcdd2fc71424/business_strategy.json,reports,.json,17194
reports/content_packages/sig-identity-test-001/runs/224aae26-a658-41e8-bb15-bcdd2fc71424/generated.json,reports,.json,1091
reports/content_packages/sig-identity-test-001/runs/22b4a1ff-f33d-40a2-87cd-9412a9589259/business_strategy.json,reports,.json,17194
reports/content_packages/sig-identity-test-001/runs/22b4a1ff-f33d-40a2-87cd-9412a9589259/editorial_acceptance.json,reports,.json,245
reports/content_packages/sig-identity-test-001/runs/22b4a1ff-f33d-40a2-87cd-9412a9589259/generated.json,reports,.json,1091
reports/content_packages/sig-identity-test-001/runs/22dee291-7f10-4913-9d84-78876d95d5cc/assignment.json,reports,.json,836
reports/content_packages/sig-identity-test-001/runs/22dee291-7f10-4913-9d84-78876d95d5cc/business_strategy.json,reports,.json,17194
reports/content_packages/sig-identity-test-001/runs/22dee291-7f10-4913-9d84-78876d95d5cc/editorial_acceptance.json,reports,.json,298
reports/content_packages/sig-identity-test-001/runs/22dee291-7f10-4913-9d84-78876d95d5cc/generated.json,reports,.json,1091
reports/content_packages/sig-identity-test-001/runs/235208c4-4bbf-4cec-a2e5-35ddd0178e4c/assignment.json,reports,.json,836
reports/content_packages/sig-identity-test-001/runs/235208c4-4bbf-4cec-a2e5-35ddd0178e4c/business_strategy.json,reports,.json,17194
reports/content_packages/sig-identity-test-001/runs/235208c4-4bbf-4cec-a2e5-35ddd0178e4c/editorial_acceptance.json,reports,.json,298
reports/content_packages/sig-identity-test-001/runs/235208c4-4bbf-4cec-a2e5-35ddd0178e4c/generated.json,reports,.json,1091
reports/content_packages/sig-identity-test-001/runs/235a203f-09a9-4887-ba83-dd7a0b90c415/assignment.json,reports,.json,844
reports/content_packages/sig-identity-test-001/runs/235a203f-09a9-4887-ba83-dd7a0b90c415/business_strategy.json,reports,.json,17194
reports/content_packages/sig-identity-test-001/runs/235a203f-09a9-4887-ba83-dd7a0b90c415/editorial_acceptance.json,reports,.json,298
reports/content_packages/sig-identity-test-001/runs/235a203f-09a9-4887-ba83-dd7a0b90c415/generated.json,reports,.json,1091
reports/content_packages/sig-identity-test-001/runs/23c41275-c889-45a0-b61f-05ba6874af71/generated.json,reports,.json,856
reports/content_packages/sig-identity-test-001/runs/23df2dda-2ed4-476a-a644-2e5ce9485e4e/business_strategy.json,reports,.json,17194
reports/content_packages/sig-identity-test-001/runs/23df2dda-2ed4-476a-a644-2e5ce9485e4e/generated.json,reports,.json,1091
reports/content_packages/sig-identity-test-001/runs/23e017d2-654b-4c87-a3ad-f09d4a673f4e/business_strategy.json,reports,.json,17194
reports/content_packages/sig-identity-test-001/runs/23e017d2-654b-4c87-a3ad-f09d4a673f4e/generated.json,reports,.json,1091
reports/content_packages/sig-identity-test-001/runs/241a2633-6789-4888-8860-4e671f83c1d9/assignment.json,reports,.json,836
reports/content_packages/sig-identity-test-001/runs/241a2633-6789-4888-8860-4e671f83c1d9/business_strategy.json,reports,.json,17194
reports/content_packages/sig-identity-test-001/runs/241a2633-6789-4888-8860-4e671f83c1d9/editorial_acceptance.json,reports,.json,298
reports/content_packages/sig-identity-test-001/runs/241a2633-6789-4888-8860-4e671f83c1d9/generated.json,reports,.json,1091
reports/content_packages/sig-identity-test-001/runs/248aee74-5e97-46e6-ac89-2cda8300cb6c/business_strategy.json,reports,.json,17194
reports/content_packages/sig-identity-test-001/runs/25047da3-b1ee-40a1-bc66-f610b45b5408/business_strategy.json,reports,.json,17194
reports/content_packages/sig-identity-test-001/runs/253cefac-a481-4c56-96b4-ce4e102c79ea/assignment.json,reports,.json,836
reports/content_packages/sig-identity-test-001/runs/253cefac-a481-4c56-96b4-ce4e102c79ea/business_strategy.json,reports,.json,17194
reports/content_packages/sig-identity-test-001/runs/25536ce7-a4dd-4dd6-b7dc-5a2df45dbf87/assignment.json,reports,.json,844
reports/content_packages/sig-identity-test-001/runs/25536ce7-a4dd-4dd6-b7dc-5a2df45dbf87/business_strategy.json,reports,.json,17194
reports/content_packages/sig-identity-test-001/runs/25536ce7-a4dd-4dd6-b7dc-5a2df45dbf87/editorial_acceptance.json,reports,.json,298
reports/content_packages/sig-identity-test-001/runs/25536ce7-a4dd-4dd6-b7dc-5a2df45dbf87/generated.json,reports,.json,1091
reports/content_packages/sig-identity-test-001/runs/25796cbb-820a-4478-8a2f-bde855f5b61f/business_strategy.json,reports,.json,17194
reports/content_packages/sig-identity-test-001/runs/257b5f7b-72c2-4d39-871c-e4da7d3861a6/generated.json,reports,.json,856
reports/content_packages/sig-identity-test-001/runs/2598fd38-52d9-4f48-a2ce-473bab34db1d/generated.json,reports,.json,856
reports/content_packages/sig-identity-test-001/runs/259fb1d6-a08b-454a-ab6a-0fd2050ea53d/business_strategy.json,reports,.json,17194
reports/content_packages/sig-identity-test-001/runs/259fb1d6-a08b-454a-ab6a-0fd2050ea53d/generated.json,reports,.json,1286
reports/content_packages/sig-identity-test-001/runs/25adbe48-b7ee-4609-b4da-d3edfb596f6a/assignment.json,reports,.json,836
reports/content_packages/sig-identity-test-001/runs/25adbe48-b7ee-4609-b4da-d3edfb596f6a/business_strategy.json,reports,.json,17194
reports/content_packages/sig-identity-test-001/runs/25adbe48-b7ee-4609-b4da-d3edfb596f6a/editorial_acceptance.json,reports,.json,298
reports/content_packages/sig-identity-test-001/runs/25adbe48-b7ee-4609-b4da-d3edfb596f6a/generated.json,reports,.json,1091
reports/content_packages/sig-identity-test-001/runs/260976c2-a969-422e-ba8c-c47214f61b45/generated.json,reports,.json,990
reports/content_packages/sig-identity-test-001/runs/260b0794-b7c8-4a43-9a0a-9c20347d7f8a/generated.json,reports,.json,856
reports/content_packages/sig-identity-test-001/runs/264197cf-de83-412b-b92d-967b860fb37d/assignment.json,reports,.json,844
reports/content_packages/sig-identity-test-001/runs/264197cf-de83-412b-b92d-967b860fb37d/business_strategy.json,reports,.json,17194
reports/content_packages/sig-identity-test-001/runs/264197cf-de83-412b-b92d-967b860fb37d/editorial_acceptance.json,reports,.json,298
reports/content_packages/sig-identity-test-001/runs/264197cf-de83-412b-b92d-967b860fb37d/generated.json,reports,.json,1091
reports/content_packages/sig-identity-test-001/runs/26b45769-92e8-4322-be05-a29d1254e97d/assignment.json,reports,.json,836
reports/content_packages/sig-identity-test-001/runs/26b45769-92e8-4322-be05-a29d1254e97d/business_strategy.json,reports,.json,17194
reports/content_packages/sig-identity-test-001/runs/26b45769-92e8-4322-be05-a29d1254e97d/editorial_acceptance.json,reports,.json,298
reports/content_packages/sig-identity-test-001/runs/26b45769-92e8-4322-be05-a29d1254e97d/generated.json,reports,.json,1091
reports/content_packages/sig-identity-test-001/runs/26ba910d-ee4f-4361-b55b-5822cce02e35/business_strategy.json,reports,.json,17194
reports/content_packages/sig-identity-test-001/runs/26ba910d-ee4f-4361-b55b-5822cce02e35/generated.json,reports,.json,1091
reports/content_packages/sig-identity-test-001/runs/27463b55-c2b0-43c9-9345-2abb8e5fa472/assignment.json,reports,.json,836
reports/content_packages/sig-identity-test-001/runs/27463b55-c2b0-43c9-9345-2abb8e5fa472/business_strategy.json,reports,.json,17194
reports/content_packages/sig-identity-test-001/runs/27463b55-c2b0-43c9-9345-2abb8e5fa472/editorial_acceptance.json,reports,.json,298
reports/content_packages/sig-identity-test-001/runs/27463b55-c2b0-43c9-9345-2abb8e5fa472/generated.json,reports,.json,1091
reports/content_packages/sig-identity-test-001/runs/276eb2af-f17e-4552-bc78-f09a6db9f4c6/business_strategy.json,reports,.json,17194
reports/content_packages/sig-identity-test-001/runs/276eb2af-f17e-4552-bc78-f09a6db9f4c6/generated.json,reports,.json,1091
reports/content_packages/sig-identity-test-001/runs/2846cefa-54ea-4a7e-9c47-cab7ace16f19/business_strategy.json,reports,.json,17194
reports/content_packages/sig-identity-test-001/runs/2846cefa-54ea-4a7e-9c47-cab7ace16f19/generated.json,reports,.json,1091
reports/content_packages/sig-identity-test-001/runs/28742147-e5db-4234-9116-3ad0a37a0569/assignment.json,reports,.json,836
reports/content_packages/sig-identity-test-001/runs/28742147-e5db-4234-9116-3ad0a37a0569/business_strategy.json,reports,.json,17194
reports/content_packages/sig-identity-test-001/runs/2896e9f6-ee9f-4fa7-8dae-8f5c4296484a/business_strategy.json,reports,.json,17194
reports/content_packages/sig-identity-test-001/runs/2896e9f6-ee9f-4fa7-8dae-8f5c4296484a/editorial_acceptance.json,reports,.json,245
reports/content_packages/sig-identity-test-001/runs/2896e9f6-ee9f-4fa7-8dae-8f5c4296484a/generated.json,reports,.json,1091
reports/content_packages/sig-identity-test-001/runs/28b4fa61-e379-414b-85b7-05497012bfb9/generated.json,reports,.json,990
reports/content_packages/sig-identity-test-001/runs/291b3e70-2985-4047-a4d8-e0dce5e84121/business_strategy.json,reports,.json,17194
reports/content_packages/sig-identity-test-001/runs/291b3e70-2985-4047-a4d8-e0dce5e84121/editorial_acceptance.json,reports,.json,245
reports/content_packages/sig-identity-test-001/runs/291b3e70-2985-4047-a4d8-e0dce5e84121/generated.json,reports,.json,1091
reports/content_packages/sig-identity-test-001/runs/29761aea-108b-47ee-ada9-44cee57c1b89/business_strategy.json,reports,.json,17194
reports/content_packages/sig-identity-test-001/runs/29761aea-108b-47ee-ada9-44cee57c1b89/generated.json,reports,.json,1091
reports/content_packages/sig-identity-test-001/runs/298cd824-5d96-43bf-af8e-7a4bcad76dc2/assignment.json,reports,.json,836
reports/content_packages/sig-identity-test-001/runs/298cd824-5d96-43bf-af8e-7a4bcad76dc2/business_strategy.json,reports,.json,17194
reports/content_packages/sig-identity-test-001/runs/2a60a9e1-c176-4fae-908a-cc5db7f0aaa3/assignment.json,reports,.json,836
reports/content_packages/sig-identity-test-001/runs/2a60a9e1-c176-4fae-908a-cc5db7f0aaa3/business_strategy.json,reports,.json,17194
reports/content_packages/sig-identity-test-001/runs/2a60a9e1-c176-4fae-908a-cc5db7f0aaa3/editorial_acceptance.json,reports,.json,298
reports/content_packages/sig-identity-test-001/runs/2a60a9e1-c176-4fae-908a-cc5db7f0aaa3/generated.json,reports,.json,1091
reports/content_packages/sig-identity-test-001/runs/2ac3c1bb-aa95-4d4a-b4e9-feec565065df/business_strategy.json,reports,.json,17194
reports/content_packages/sig-identity-test-001/runs/2ac3c1bb-aa95-4d4a-b4e9-feec565065df/editorial_acceptance.json,reports,.json,245
reports/content_packages/sig-identity-test-001/runs/2ac3c1bb-aa95-4d4a-b4e9-feec565065df/generated.json,reports,.json,1091
reports/content_packages/sig-identity-test-001/runs/2ad73395-df18-4f46-8912-e80215c504c3/generated.json,reports,.json,990
reports/content_packages/sig-identity-test-001/runs/2ada9391-71d8-4fb3-8b77-d23e3b72daba/business_strategy.json,reports,.json,17194
reports/content_packages/sig-identity-test-001/runs/2ada9391-71d8-4fb3-8b77-d23e3b72daba/editorial_acceptance.json,reports,.json,245
reports/content_packages/sig-identity-test-001/runs/2ada9391-71d8-4fb3-8b77-d23e3b72daba/generated.json,reports,.json,1091
reports/content_packages/sig-identity-test-001/runs/2adfbfa8-a433-422d-8a03-974ffdb10b6b/assignment.json,reports,.json,836
reports/content_packages/sig-identity-test-001/runs/2adfbfa8-a433-422d-8a03-974ffdb10b6b/business_strategy.json,reports,.json,17194
reports/content_packages/sig-identity-test-001/runs/2adfbfa8-a433-422d-8a03-974ffdb10b6b/editorial_acceptance.json,reports,.json,298
reports/content_packages/sig-identity-test-001/runs/2adfbfa8-a433-422d-8a03-974ffdb10b6b/generated.json,reports,.json,1091
reports/content_packages/sig-identity-test-001/runs/2af0a7fd-2de0-4b54-a78a-8af1e49f3af6/assignment.json,reports,.json,836
reports/content_packages/sig-identity-test-001/runs/2af0a7fd-2de0-4b54-a78a-8af1e49f3af6/business_strategy.json,reports,.json,17194
reports/content_packages/sig-identity-test-001/runs/2af0a7fd-2de0-4b54-a78a-8af1e49f3af6/editorial_acceptance.json,reports,.json,298
reports/content_packages/sig-identity-test-001/runs/2af0a7fd-2de0-4b54-a78a-8af1e49f3af6/generated.json,reports,.json,1091
reports/content_packages/sig-identity-test-001/runs/2b1a92df-f146-4b21-a36c-45ec897a9957/business_strategy.json,reports,.json,17194
reports/content_packages/sig-identity-test-001/runs/2b1a92df-f146-4b21-a36c-45ec897a9957/editorial_acceptance.json,reports,.json,245
reports/content_packages/sig-identity-test-001/runs/2b1a92df-f146-4b21-a36c-45ec897a9957/generated.json,reports,.json,1091
reports/content_packages/sig-identity-test-001/runs/2b20b99d-a35f-479b-8472-dc6496c3c10e/assignment.json,reports,.json,844
reports/content_packages/sig-identity-test-001/runs/2b20b99d-a35f-479b-8472-dc6496c3c10e/business_strategy.json,reports,.json,17194
reports/content_packages/sig-identity-test-001/runs/2b20b99d-a35f-479b-8472-dc6496c3c10e/editorial_acceptance.json,reports,.json,298
reports/content_packages/sig-identity-test-001/runs/2b20b99d-a35f-479b-8472-dc6496c3c10e/generated.json,reports,.json,1091
reports/content_packages/sig-identity-test-001/runs/2b3569b6-84b8-4dcd-baf2-c9a7b7b0f7b3/assignment.json,reports,.json,836
reports/content_packages/sig-identity-test-001/runs/2b3569b6-84b8-4dcd-baf2-c9a7b7b0f7b3/business_strategy.json,reports,.json,17194
reports/content_packages/sig-identity-test-001/runs/2b3569b6-84b8-4dcd-baf2-c9a7b7b0f7b3/editorial_acceptance.json,reports,.json,298
reports/content_packages/sig-identity-test-001/runs/2b3569b6-84b8-4dcd-baf2-c9a7b7b0f7b3/generated.json,reports,.json,1091
reports/content_packages/sig-identity-test-001/runs/2b68fd9e-5165-4494-9180-5a666d855c61/business_strategy.json,reports,.json,17194
reports/content_packages/sig-identity-test-001/runs/2b68fd9e-5165-4494-9180-5a666d855c61/generated.json,reports,.json,1091
reports/content_packages/sig-identity-test-001/runs/2b7a92e7-2639-442e-a674-05a4d3162aab/business_strategy.json,reports,.json,17194
reports/content_packages/sig-identity-test-001/runs/2b7a92e7-2639-442e-a674-05a4d3162aab/editorial_acceptance.json,reports,.json,245
reports/content_packages/sig-identity-test-001/runs/2b7a92e7-2639-442e-a674-05a4d3162aab/generated.json,reports,.json,1091
reports/content_packages/sig-identity-test-001/runs/2b8e94ce-8be5-42c0-885b-11f1363e49f2/assignment.json,reports,.json,836
reports/content_packages/sig-identity-test-001/runs/2b8e94ce-8be5-42c0-885b-11f1363e49f2/business_strategy.json,reports,.json,17194
reports/content_packages/sig-identity-test-001/runs/2b8e94ce-8be5-42c0-885b-11f1363e49f2/editorial_acceptance.json,reports,.json,298
reports/content_packages/sig-identity-test-001/runs/2b8e94ce-8be5-42c0-885b-11f1363e49f2/generated.json,reports,.json,1091
reports/content_packages/sig-identity-test-001/runs/2bb37c29-8b88-40bf-92d5-2fe450ff6e35/assignment.json,reports,.json,836
reports/content_packages/sig-identity-test-001/runs/2bb37c29-8b88-40bf-92d5-2fe450ff6e35/business_strategy.json,reports,.json,17194
reports/content_packages/sig-identity-test-001/runs/2bb37c29-8b88-40bf-92d5-2fe450ff6e35/editorial_acceptance.json,reports,.json,298
reports/content_packages/sig-identity-test-001/runs/2bb37c29-8b88-40bf-92d5-2fe450ff6e35/generated.json,reports,.json,1091
reports/content_packages/sig-identity-test-001/runs/2bdd2f95-ed37-4e95-b256-75a88d72f8c7/generated.json,reports,.json,856
reports/content_packages/sig-identity-test-001/runs/2bfb1975-25a6-47d0-9d09-e95384f21d1e/assignment.json,reports,.json,836
reports/content_packages/sig-identity-test-001/runs/2bfb1975-25a6-47d0-9d09-e95384f21d1e/business_strategy.json,reports,.json,17194
reports/content_packages/sig-identity-test-001/runs/2bfb1975-25a6-47d0-9d09-e95384f21d1e/editorial_acceptance.json,reports,.json,298
reports/content_packages/sig-identity-test-001/runs/2bfb1975-25a6-47d0-9d09-e95384f21d1e/generated.json,reports,.json,1091
reports/content_packages/sig-identity-test-001/runs/2c1f978c-b89a-4b9d-8907-27366d75150f/business_strategy.json,reports,.json,17194
reports/content_packages/sig-identity-test-001/runs/2c5191ab-f775-4941-9bf8-c0940d6d2134/assignment.json,reports,.json,836
reports/content_packages/sig-identity-test-001/runs/2c5191ab-f775-4941-9bf8-c0940d6d2134/business_strategy.json,reports,.json,17194
reports/content_packages/sig-identity-test-001/runs/2c5191ab-f775-4941-9bf8-c0940d6d2134/editorial_acceptance.json,reports,.json,298
reports/content_packages/sig-identity-test-001/runs/2c5191ab-f775-4941-9bf8-c0940d6d2134/generated.json,reports,.json,1091
reports/content_packages/sig-identity-test-001/runs/2ca98a0f-9866-45db-8a45-2724c3ff033f/assignment.json,reports,.json,836
reports/content_packages/sig-identity-test-001/runs/2ca98a0f-9866-45db-8a45-2724c3ff033f/business_strategy.json,reports,.json,17194
reports/content_packages/sig-identity-test-001/runs/2ca98a0f-9866-45db-8a45-2724c3ff033f/editorial_acceptance.json,reports,.json,298
reports/content_packages/sig-identity-test-001/runs/2ca98a0f-9866-45db-8a45-2724c3ff033f/generated.json,reports,.json,1091
reports/content_packages/sig-identity-test-001/runs/2cc078af-eb21-4725-a72a-3e7eb27b4040/business_strategy.json,reports,.json,17194
reports/content_packages/sig-identity-test-001/runs/2cc078af-eb21-4725-a72a-3e7eb27b4040/generated.json,reports,.json,1091
reports/content_packages/sig-identity-test-001/runs/2cd143fc-0513-4304-85ff-b667916fc78d/business_strategy.json,reports,.json,17194
reports/content_packages/sig-identity-test-001/runs/2cd143fc-0513-4304-85ff-b667916fc78d/generated.json,reports,.json,1091
reports/content_packages/sig-identity-test-001/runs/2d3f05de-5196-43c8-bd16-aa9688c135a7/assignment.json,reports,.json,844
reports/content_packages/sig-identity-test-001/runs/2d3f05de-5196-43c8-bd16-aa9688c135a7/business_strategy.json,reports,.json,17194
reports/content_packages/sig-identity-test-001/runs/2d3f05de-5196-43c8-bd16-aa9688c135a7/editorial_acceptance.json,reports,.json,298
reports/content_packages/sig-identity-test-001/runs/2d3f05de-5196-43c8-bd16-aa9688c135a7/generated.json,reports,.json,1091
reports/content_packages/sig-identity-test-001/runs/2d4b37b5-0413-4d06-b283-cc7c929c5c15/assignment.json,reports,.json,836
reports/content_packages/sig-identity-test-001/runs/2d4b37b5-0413-4d06-b283-cc7c929c5c15/business_strategy.json,reports,.json,17194
reports/content_packages/sig-identity-test-001/runs/2d4b37b5-0413-4d06-b283-cc7c929c5c15/editorial_acceptance.json,reports,.json,298
reports/content_packages/sig-identity-test-001/runs/2d4b37b5-0413-4d06-b283-cc7c929c5c15/generated.json,reports,.json,1091
reports/content_packages/sig-identity-test-001/runs/2d5cdce4-4e19-4cec-98a3-9db78e1b52b8/business_strategy.json,reports,.json,17194
reports/content_packages/sig-identity-test-001/runs/2d5cdce4-4e19-4cec-98a3-9db78e1b52b8/generated.json,reports,.json,1091
reports/content_packages/sig-identity-test-001/runs/2e117b44-9d25-4030-87f6-1fa35c4d933e/business_strategy.json,reports,.json,17194
reports/content_packages/sig-identity-test-001/runs/2e1b0a04-cc2f-49c1-8805-b32ecb6147a2/business_strategy.json,reports,.json,17194
reports/content_packages/sig-identity-test-001/runs/2e1b0a04-cc2f-49c1-8805-b32ecb6147a2/generated.json,reports,.json,1091
reports/content_packages/sig-identity-test-001/runs/2e44fad2-a78a-475c-b6f6-7d9c90f53b7d/generated.json,reports,.json,856
reports/content_packages/sig-identity-test-001/runs/2ec7b40e-cd07-4cc6-a260-9eb0636c2fe1/generated.json,reports,.json,856
reports/content_packages/sig-identity-test-001/runs/2f38e5b2-a55c-4dff-a763-464f86c7213f/business_strategy.json,reports,.json,17194
reports/content_packages/sig-identity-test-001/runs/2f38e5b2-a55c-4dff-a763-464f86c7213f/generated.json,reports,.json,1091
reports/content_packages/sig-identity-test-001/runs/2fbb0697-5550-4487-aff1-690a54284351/assignment.json,reports,.json,836
reports/content_packages/sig-identity-test-001/runs/2fbb0697-5550-4487-aff1-690a54284351/business_strategy.json,reports,.json,17194
reports/content_packages/sig-identity-test-001/runs/30164455-d723-432b-bacb-66cf2b69b7ae/assignment.json,reports,.json,836
reports/content_packages/sig-identity-test-001/runs/30164455-d723-432b-bacb-66cf2b69b7ae/business_strategy.json,reports,.json,17194
reports/content_packages/sig-identity-test-001/runs/30164455-d723-432b-bacb-66cf2b69b7ae/editorial_acceptance.json,reports,.json,298
reports/content_packages/sig-identity-test-001/runs/30164455-d723-432b-bacb-66cf2b69b7ae/generated.json,reports,.json,1091
reports/content_packages/sig-identity-test-001/runs/302ccc16-6a70-438a-b961-b35f5b933259/business_strategy.json,reports,.json,17194
reports/content_packages/sig-identity-test-001/runs/302ccc16-6a70-438a-b961-b35f5b933259/editorial_acceptance.json,reports,.json,245
reports/content_packages/sig-identity-test-001/runs/302ccc16-6a70-438a-b961-b35f5b933259/generated.json,reports,.json,1091
reports/content_packages/sig-identity-test-001/runs/305c830f-ce68-485e-b164-92be4db5d777/assignment.json,reports,.json,836
reports/content_packages/sig-identity-test-001/runs/305c830f-ce68-485e-b164-92be4db5d777/business_strategy.json,reports,.json,17194
reports/content_packages/sig-identity-test-001/runs/30798c6c-e4aa-47e3-9312-9c460817b833/assignment.json,reports,.json,844
reports/content_packages/sig-identity-test-001/runs/30798c6c-e4aa-47e3-9312-9c460817b833/business_strategy.json,reports,.json,17194
reports/content_packages/sig-identity-test-001/runs/30798c6c-e4aa-47e3-9312-9c460817b833/editorial_acceptance.json,reports,.json,298
reports/content_packages/sig-identity-test-001/runs/30798c6c-e4aa-47e3-9312-9c460817b833/generated.json,reports,.json,1091
reports/content_packages/sig-identity-test-001/runs/30ae9a6b-71dd-4244-a132-86f72e33a0dc/generated.json,reports,.json,856
reports/content_packages/sig-identity-test-001/runs/30c3de48-2804-4c64-8598-311fa55ac7fe/assignment.json,reports,.json,844
reports/content_packages/sig-identity-test-001/runs/30c3de48-2804-4c64-8598-311fa55ac7fe/business_strategy.json,reports,.json,17194
reports/content_packages/sig-identity-test-001/runs/30c3de48-2804-4c64-8598-311fa55ac7fe/editorial_acceptance.json,reports,.json,298
reports/content_packages/sig-identity-test-001/runs/30c3de48-2804-4c64-8598-311fa55ac7fe/generated.json,reports,.json,1091
reports/content_packages/sig-identity-test-001/runs/30c84b27-5446-480d-bc77-35c51f9a35ad/business_strategy.json,reports,.json,17194
reports/content_packages/sig-identity-test-001/runs/30c84b27-5446-480d-bc77-35c51f9a35ad/generated.json,reports,.json,1091
reports/content_packages/sig-identity-test-001/runs/3126e691-e073-41fb-8b98-c1df9d8278d3/assignment.json,reports,.json,836
reports/content_packages/sig-identity-test-001/runs/3126e691-e073-41fb-8b98-c1df9d8278d3/business_strategy.json,reports,.json,17194
reports/content_packages/sig-identity-test-001/runs/3126e691-e073-41fb-8b98-c1df9d8278d3/editorial_acceptance.json,reports,.json,298
reports/content_packages/sig-identity-test-001/runs/3126e691-e073-41fb-8b98-c1df9d8278d3/generated.json,reports,.json,1091
reports/content_packages/sig-identity-test-001/runs/314fa365-e442-489c-91bc-468b2369d9f0/generated.json,reports,.json,856
reports/content_packages/sig-identity-test-001/runs/3150423d-1cf1-4d22-a4d1-84c6e69f7895/assignment.json,reports,.json,836
reports/content_packages/sig-identity-test-001/runs/3150423d-1cf1-4d22-a4d1-84c6e69f7895/business_strategy.json,reports,.json,17194
reports/content_packages/sig-identity-test-001/runs/3150423d-1cf1-4d22-a4d1-84c6e69f7895/editorial_acceptance.json,reports,.json,298
reports/content_packages/sig-identity-test-001/runs/3150423d-1cf1-4d22-a4d1-84c6e69f7895/generated.json,reports,.json,1091
reports/content_packages/sig-identity-test-001/runs/31730c2a-edf4-4474-9373-3b0e02974e16/business_strategy.json,reports,.json,17194
reports/content_packages/sig-identity-test-001/runs/31730c2a-edf4-4474-9373-3b0e02974e16/generated.json,reports,.json,1091
reports/content_packages/sig-identity-test-001/runs/31a22d76-288d-460d-9df9-4310c1e89233/assignment.json,reports,.json,836
reports/content_packages/sig-identity-test-001/runs/31a22d76-288d-460d-9df9-4310c1e89233/business_strategy.json,reports,.json,17194
reports/content_packages/sig-identity-test-001/runs/31a22d76-288d-460d-9df9-4310c1e89233/editorial_acceptance.json,reports,.json,298
reports/content_packages/sig-identity-test-001/runs/31a22d76-288d-460d-9df9-4310c1e89233/generated.json,reports,.json,1091
reports/content_packages/sig-identity-test-001/runs/323084ae-f133-4c47-8c35-4a7135cca799/assignment.json,reports,.json,836
reports/content_packages/sig-identity-test-001/runs/323084ae-f133-4c47-8c35-4a7135cca799/business_strategy.json,reports,.json,17194
reports/content_packages/sig-identity-test-001/runs/323084ae-f133-4c47-8c35-4a7135cca799/editorial_acceptance.json,reports,.json,298
reports/content_packages/sig-identity-test-001/runs/323084ae-f133-4c47-8c35-4a7135cca799/generated.json,reports,.json,1091
reports/content_packages/sig-identity-test-001/runs/3244771a-6210-4859-8ec6-4e2528806bd8/assignment.json,reports,.json,836
reports/content_packages/sig-identity-test-001/runs/3244771a-6210-4859-8ec6-4e2528806bd8/business_strategy.json,reports,.json,17194
reports/content_packages/sig-identity-test-001/runs/3244771a-6210-4859-8ec6-4e2528806bd8/editorial_acceptance.json,reports,.json,298
reports/content_packages/sig-identity-test-001/runs/3244771a-6210-4859-8ec6-4e2528806bd8/generated.json,reports,.json,1091
reports/content_packages/sig-identity-test-001/runs/326492f1-3b3b-4df1-af1a-b3cf043224b9/business_strategy.json,reports,.json,17194
reports/content_packages/sig-identity-test-001/runs/326492f1-3b3b-4df1-af1a-b3cf043224b9/editorial_acceptance.json,reports,.json,245
reports/content_packages/sig-identity-test-001/runs/326492f1-3b3b-4df1-af1a-b3cf043224b9/generated.json,reports,.json,1091
reports/content_packages/sig-identity-test-001/runs/326adc27-1edf-4754-b8c5-9e35b3681366/assignment.json,reports,.json,836
reports/content_packages/sig-identity-test-001/runs/326adc27-1edf-4754-b8c5-9e35b3681366/business_strategy.json,reports,.json,17194
reports/content_packages/sig-identity-test-001/runs/326adc27-1edf-4754-b8c5-9e35b3681366/editorial_acceptance.json,reports,.json,298
reports/content_packages/sig-identity-test-001/runs/326adc27-1edf-4754-b8c5-9e35b3681366/generated.json,reports,.json,1091
reports/content_packages/sig-identity-test-001/runs/32b14acb-df12-4c4a-a8e2-b15133f20e7f/assignment.json,reports,.json,836
reports/content_packages/sig-identity-test-001/runs/32b14acb-df12-4c4a-a8e2-b15133f20e7f/business_strategy.json,reports,.json,17194
reports/content_packages/sig-identity-test-001/runs/32b14acb-df12-4c4a-a8e2-b15133f20e7f/editorial_acceptance.json,reports,.json,298
reports/content_packages/sig-identity-test-001/runs/32b14acb-df12-4c4a-a8e2-b15133f20e7f/generated.json,reports,.json,1091
reports/content_packages/sig-identity-test-001/runs/32b20f65-b11d-43b6-8631-84d6a9aa884a/business_strategy.json,reports,.json,17194
reports/content_packages/sig-identity-test-001/runs/32d8ba72-eebb-4962-a199-94054b9f0d83/business_strategy.json,reports,.json,17194
reports/content_packages/sig-identity-test-001/runs/32d8ba72-eebb-4962-a199-94054b9f0d83/editorial_acceptance.json,reports,.json,245
reports/content_packages/sig-identity-test-001/runs/32d8ba72-eebb-4962-a199-94054b9f0d83/generated.json,reports,.json,1091
reports/content_packages/sig-identity-test-001/runs/32e67bd9-385b-47ba-a7fe-88c1eafce370/assignment.json,reports,.json,836
reports/content_packages/sig-identity-test-001/runs/32e67bd9-385b-47ba-a7fe-88c1eafce370/business_strategy.json,reports,.json,17194
reports/content_packages/sig-identity-test-001/runs/32e67bd9-385b-47ba-a7fe-88c1eafce370/editorial_acceptance.json,reports,.json,298
reports/content_packages/sig-identity-test-001/runs/32e67bd9-385b-47ba-a7fe-88c1eafce370/generated.json,reports,.json,1091
reports/content_packages/sig-identity-test-001/runs/331d1946-1eb5-459a-937c-1f2099b2c73c/business_strategy.json,reports,.json,17194
reports/content_packages/sig-identity-test-001/runs/331d1946-1eb5-459a-937c-1f2099b2c73c/generated.json,reports,.json,1091
reports/content_packages/sig-identity-test-001/runs/332c1ad9-5734-4881-a7fb-a0c03b1ee575/business_strategy.json,reports,.json,17194
reports/content_packages/sig-identity-test-001/runs/33c0f75d-8076-4c93-b464-86e6a1966cfc/assignment.json,reports,.json,836
reports/content_packages/sig-identity-test-001/runs/33c0f75d-8076-4c93-b464-86e6a1966cfc/business_strategy.json,reports,.json,17194
reports/content_packages/sig-identity-test-001/runs/33c0f75d-8076-4c93-b464-86e6a1966cfc/editorial_acceptance.json,reports,.json,298
reports/content_packages/sig-identity-test-001/runs/33c0f75d-8076-4c93-b464-86e6a1966cfc/generated.json,reports,.json,1091
reports/content_packages/sig-identity-test-001/runs/340e38d9-1a88-4eb2-a878-2af1e2eba339/business_strategy.json,reports,.json,17194
reports/content_packages/sig-identity-test-001/runs/340e38d9-1a88-4eb2-a878-2af1e2eba339/generated.json,reports,.json,1091
reports/content_packages/sig-identity-test-001/runs/344a3799-5fa6-4d08-a5eb-273073199d76/business_strategy.json,reports,.json,17194
reports/content_packages/sig-identity-test-001/runs/344a3799-5fa6-4d08-a5eb-273073199d76/generated.json,reports,.json,1091
reports/content_packages/sig-identity-test-001/runs/3468913c-5229-4c3b-84a6-eeef2097a016/assignment.json,reports,.json,836
reports/content_packages/sig-identity-test-001/runs/3468913c-5229-4c3b-84a6-eeef2097a016/business_strategy.json,reports,.json,17194
reports/content_packages/sig-identity-test-001/runs/3468913c-5229-4c3b-84a6-eeef2097a016/editorial_acceptance.json,reports,.json,298
reports/content_packages/sig-identity-test-001/runs/3468913c-5229-4c3b-84a6-eeef2097a016/generated.json,reports,.json,1091
reports/content_packages/sig-identity-test-001/runs/34906b90-30d2-4076-9b86-8d7a1f339c71/assignment.json,reports,.json,836
reports/content_packages/sig-identity-test-001/runs/34906b90-30d2-4076-9b86-8d7a1f339c71/business_strategy.json,reports,.json,17194
reports/content_packages/sig-identity-test-001/runs/34906b90-30d2-4076-9b86-8d7a1f339c71/editorial_acceptance.json,reports,.json,298
reports/content_packages/sig-identity-test-001/runs/34906b90-30d2-4076-9b86-8d7a1f339c71/generated.json,reports,.json,1091
reports/content_packages/sig-identity-test-001/runs/3512a4b5-6037-4127-b2a6-57b720fcacfb/business_strategy.json,reports,.json,17194
reports/content_packages/sig-identity-test-001/runs/35251e70-f219-492d-b9d9-e60ce9bc9e5a/assignment.json,reports,.json,844
reports/content_packages/sig-identity-test-001/runs/35251e70-f219-492d-b9d9-e60ce9bc9e5a/business_strategy.json,reports,.json,17194
reports/content_packages/sig-identity-test-001/runs/35251e70-f219-492d-b9d9-e60ce9bc9e5a/editorial_acceptance.json,reports,.json,298
reports/content_packages/sig-identity-test-001/runs/35251e70-f219-492d-b9d9-e60ce9bc9e5a/generated.json,reports,.json,1091
reports/content_packages/sig-identity-test-001/runs/35269e9c-12ce-4941-8ffe-2b12592c12e3/assignment.json,reports,.json,844
reports/content_packages/sig-identity-test-001/runs/35269e9c-12ce-4941-8ffe-2b12592c12e3/business_strategy.json,reports,.json,17194
reports/content_packages/sig-identity-test-001/runs/35269e9c-12ce-4941-8ffe-2b12592c12e3/editorial_acceptance.json,reports,.json,298
reports/content_packages/sig-identity-test-001/runs/35269e9c-12ce-4941-8ffe-2b12592c12e3/generated.json,reports,.json,1091
reports/content_packages/sig-identity-test-001/runs/354e7772-a8d5-456e-b5ab-b67e1eee7b64/business_strategy.json,reports,.json,17194
reports/content_packages/sig-identity-test-001/runs/354e7772-a8d5-456e-b5ab-b67e1eee7b64/generated.json,reports,.json,1091
reports/content_packages/sig-identity-test-001/runs/3556aa0d-d5b7-4f52-a37c-15ce273a1b75/generated.json,reports,.json,856
reports/content_packages/sig-identity-test-001/runs/35f48fd1-7c37-4069-b5e5-1d2c801f9c4e/business_strategy.json,reports,.json,17194
reports/content_packages/sig-identity-test-001/runs/35f48fd1-7c37-4069-b5e5-1d2c801f9c4e/generated.json,reports,.json,1091
reports/content_packages/sig-identity-test-001/runs/3604bbe3-326d-4436-ac6a-208b94a408d8/generated.json,reports,.json,856
reports/content_packages/sig-identity-test-001/runs/36151f6e-5abd-4ae8-81d1-aef5bbbb29c8/assignment.json,reports,.json,836
reports/content_packages/sig-identity-test-001/runs/36151f6e-5abd-4ae8-81d1-aef5bbbb29c8/business_strategy.json,reports,.json,17194
reports/content_packages/sig-identity-test-001/runs/36151f6e-5abd-4ae8-81d1-aef5bbbb29c8/editorial_acceptance.json,reports,.json,298
reports/content_packages/sig-identity-test-001/runs/36151f6e-5abd-4ae8-81d1-aef5bbbb29c8/generated.json,reports,.json,1091
reports/content_packages/sig-identity-test-001/runs/36269577-010e-46ee-9f2a-f565b295644e/generated.json,reports,.json,990
reports/content_packages/sig-identity-test-001/runs/364857ea-d1db-4fa3-b5e6-3ef2314cba5b/business_strategy.json,reports,.json,17194
reports/content_packages/sig-identity-test-001/runs/364857ea-d1db-4fa3-b5e6-3ef2314cba5b/editorial_acceptance.json,reports,.json,245
reports/content_packages/sig-identity-test-001/runs/364857ea-d1db-4fa3-b5e6-3ef2314cba5b/generated.json,reports,.json,1091
reports/content_packages/sig-identity-test-001/runs/3667fe02-c84e-402e-a48c-f3d425348a31/assignment.json,reports,.json,836
reports/content_packages/sig-identity-test-001/runs/3667fe02-c84e-402e-a48c-f3d425348a31/business_strategy.json,reports,.json,17194
reports/content_packages/sig-identity-test-001/runs/3667fe02-c84e-402e-a48c-f3d425348a31/editorial_acceptance.json,reports,.json,298
reports/content_packages/sig-identity-test-001/runs/3667fe02-c84e-402e-a48c-f3d425348a31/generated.json,reports,.json,1091
reports/content_packages/sig-identity-test-001/runs/36873a69-c356-47fa-a8dd-e5869f3aee84/assignment.json,reports,.json,836
reports/content_packages/sig-identity-test-001/runs/36873a69-c356-47fa-a8dd-e5869f3aee84/business_strategy.json,reports,.json,17194
reports/content_packages/sig-identity-test-001/runs/36b7fce5-47e5-4841-9b39-7299f3dcdd4f/generated.json,reports,.json,856
reports/content_packages/sig-identity-test-001/runs/373b43d4-b8f8-4445-8db2-2b93e69d9f9c/assignment.json,reports,.json,836
reports/content_packages/sig-identity-test-001/runs/373b43d4-b8f8-4445-8db2-2b93e69d9f9c/business_strategy.json,reports,.json,17194
reports/content_packages/sig-identity-test-001/runs/373b43d4-b8f8-4445-8db2-2b93e69d9f9c/editorial_acceptance.json,reports,.json,298
reports/content_packages/sig-identity-test-001/runs/373b43d4-b8f8-4445-8db2-2b93e69d9f9c/generated.json,reports,.json,1091
reports/content_packages/sig-identity-test-001/runs/3743691b-219b-48ee-aa1a-ec4a241073a0/business_strategy.json,reports,.json,17194
reports/content_packages/sig-identity-test-001/runs/3743691b-219b-48ee-aa1a-ec4a241073a0/generated.json,reports,.json,1286
reports/content_packages/sig-identity-test-001/runs/379b213f-2ede-4ff5-ade0-973fca271957/assignment.json,reports,.json,844
reports/content_packages/sig-identity-test-001/runs/379b213f-2ede-4ff5-ade0-973fca271957/business_strategy.json,reports,.json,17194
reports/content_packages/sig-identity-test-001/runs/379b213f-2ede-4ff5-ade0-973fca271957/editorial_acceptance.json,reports,.json,298
reports/content_packages/sig-identity-test-001/runs/379b213f-2ede-4ff5-ade0-973fca271957/generated.json,reports,.json,1091
reports/content_packages/sig-identity-test-001/runs/37fc2e98-4caa-4b4f-849d-5139ca7b6021/business_strategy.json,reports,.json,17194
reports/content_packages/sig-identity-test-001/runs/37fc2e98-4caa-4b4f-849d-5139ca7b6021/generated.json,reports,.json,1091
reports/content_packages/sig-identity-test-001/runs/37fc57a3-5683-4c7a-9df0-d3481e72c9ab/business_strategy.json,reports,.json,17194
reports/content_packages/sig-identity-test-001/runs/37fc57a3-5683-4c7a-9df0-d3481e72c9ab/generated.json,reports,.json,1091
reports/content_packages/sig-identity-test-001/runs/37fe44bb-c119-429b-b8ec-bd724055aae3/assignment.json,reports,.json,836
reports/content_packages/sig-identity-test-001/runs/37fe44bb-c119-429b-b8ec-bd724055aae3/business_strategy.json,reports,.json,17194
reports/content_packages/sig-identity-test-001/runs/37fe44bb-c119-429b-b8ec-bd724055aae3/editorial_acceptance.json,reports,.json,298
reports/content_packages/sig-identity-test-001/runs/37fe44bb-c119-429b-b8ec-bd724055aae3/generated.json,reports,.json,1091
reports/content_packages/sig-identity-test-001/runs/38045438-d997-44c0-b3a8-46c1d6984a9e/business_strategy.json,reports,.json,17194
reports/content_packages/sig-identity-test-001/runs/38689e9d-476c-489b-ad9b-dfc76fea29d0/assignment.json,reports,.json,844
reports/content_packages/sig-identity-test-001/runs/38689e9d-476c-489b-ad9b-dfc76fea29d0/business_strategy.json,reports,.json,17194
reports/content_packages/sig-identity-test-001/runs/38689e9d-476c-489b-ad9b-dfc76fea29d0/editorial_acceptance.json,reports,.json,298
reports/content_packages/sig-identity-test-001/runs/38689e9d-476c-489b-ad9b-dfc76fea29d0/generated.json,reports,.json,1091
reports/content_packages/sig-identity-test-001/runs/3894c594-e738-40c5-b856-20b3ecda5e55/assignment.json,reports,.json,836
reports/content_packages/sig-identity-test-001/runs/3894c594-e738-40c5-b856-20b3ecda5e55/business_strategy.json,reports,.json,17194
reports/content_packages/sig-identity-test-001/runs/39792e1a-4672-42b3-a337-4bf4b1e232ab/assignment.json,reports,.json,844
reports/content_packages/sig-identity-test-001/runs/39792e1a-4672-42b3-a337-4bf4b1e232ab/business_strategy.json,reports,.json,17194
reports/content_packages/sig-identity-test-001/runs/39792e1a-4672-42b3-a337-4bf4b1e232ab/editorial_acceptance.json,reports,.json,298
reports/content_packages/sig-identity-test-001/runs/39792e1a-4672-42b3-a337-4bf4b1e232ab/generated.json,reports,.json,1091
reports/content_packages/sig-identity-test-001/runs/39ea3780-cf35-4d69-b8e2-acd7bcc0a7f1/business_strategy.json,reports,.json,17194
reports/content_packages/sig-identity-test-001/runs/39ea3780-cf35-4d69-b8e2-acd7bcc0a7f1/generated.json,reports,.json,1091
reports/content_packages/sig-identity-test-001/runs/3a1d6715-263f-4df9-8b65-50cac7ff8a1d/assignment.json,reports,.json,836
reports/content_packages/sig-identity-test-001/runs/3a1d6715-263f-4df9-8b65-50cac7ff8a1d/business_strategy.json,reports,.json,17194
reports/content_packages/sig-identity-test-001/runs/3a25617b-cc48-49b4-a0bd-25df9f06f0ad/generated.json,reports,.json,856
reports/content_packages/sig-identity-test-001/runs/3adcb7e5-466e-43b0-bf2f-55e1bfb3f283/business_strategy.json,reports,.json,17194
reports/content_packages/sig-identity-test-001/runs/3adcb7e5-466e-43b0-bf2f-55e1bfb3f283/generated.json,reports,.json,1091
reports/content_packages/sig-identity-test-001/runs/3aeec1bd-ae17-4065-b309-a1c0fdd38596/assignment.json,reports,.json,836
reports/content_packages/sig-identity-test-001/runs/3aeec1bd-ae17-4065-b309-a1c0fdd38596/business_strategy.json,reports,.json,17194
reports/content_packages/sig-identity-test-001/runs/3aeec1bd-ae17-4065-b309-a1c0fdd38596/editorial_acceptance.json,reports,.json,298
reports/content_packages/sig-identity-test-001/runs/3aeec1bd-ae17-4065-b309-a1c0fdd38596/generated.json,reports,.json,1091
reports/content_packages/sig-identity-test-001/runs/3b70a549-b94d-45be-b32a-689a8413a144/assignment.json,reports,.json,836
reports/content_packages/sig-identity-test-001/runs/3b70a549-b94d-45be-b32a-689a8413a144/business_strategy.json,reports,.json,17194
reports/content_packages/sig-identity-test-001/runs/3b70a549-b94d-45be-b32a-689a8413a144/editorial_acceptance.json,reports,.json,298
reports/content_packages/sig-identity-test-001/runs/3b70a549-b94d-45be-b32a-689a8413a144/generated.json,reports,.json,1091
reports/content_packages/sig-identity-test-001/runs/3b89bd0f-415b-416c-ad98-536ba001833d/generated.json,reports,.json,856
reports/content_packages/sig-identity-test-001/runs/3bd0ae22-98b0-4de5-bd14-a16c8f3a47d8/generated.json,reports,.json,856
reports/content_packages/sig-identity-test-001/runs/3bed81c4-cb65-409f-a5a4-888adac6d8c2/assignment.json,reports,.json,836
reports/content_packages/sig-identity-test-001/runs/3bed81c4-cb65-409f-a5a4-888adac6d8c2/business_strategy.json,reports,.json,17194
reports/content_packages/sig-identity-test-001/runs/3bed81c4-cb65-409f-a5a4-888adac6d8c2/editorial_acceptance.json,reports,.json,298
reports/content_packages/sig-identity-test-001/runs/3bed81c4-cb65-409f-a5a4-888adac6d8c2/generated.json,reports,.json,1091
reports/content_packages/sig-identity-test-001/runs/3bf269dc-3e4a-42c2-9999-3acaced24c77/assignment.json,reports,.json,836
reports/content_packages/sig-identity-test-001/runs/3bf269dc-3e4a-42c2-9999-3acaced24c77/business_strategy.json,reports,.json,17194
reports/content_packages/sig-identity-test-001/runs/3bf269dc-3e4a-42c2-9999-3acaced24c77/editorial_acceptance.json,reports,.json,298
reports/content_packages/sig-identity-test-001/runs/3bf269dc-3e4a-42c2-9999-3acaced24c77/generated.json,reports,.json,1091
reports/content_packages/sig-identity-test-001/runs/3bf92175-566a-4d23-893b-eb0da9c9f28e/business_strategy.json,reports,.json,17194
reports/content_packages/sig-identity-test-001/runs/3bffe681-0de4-46e9-964f-1333a54340bc/assignment.json,reports,.json,836
reports/content_packages/sig-identity-test-001/runs/3bffe681-0de4-46e9-964f-1333a54340bc/business_strategy.json,reports,.json,17194
reports/content_packages/sig-identity-test-001/runs/3bffe681-0de4-46e9-964f-1333a54340bc/editorial_acceptance.json,reports,.json,298
reports/content_packages/sig-identity-test-001/runs/3bffe681-0de4-46e9-964f-1333a54340bc/generated.json,reports,.json,1091
reports/content_packages/sig-identity-test-001/runs/3c98752e-402c-4e38-b692-42dffc76b173/business_strategy.json,reports,.json,17194
reports/content_packages/sig-identity-test-001/runs/3d607b7c-9f8f-4f57-89ef-3a79c8909f7c/assignment.json,reports,.json,836
reports/content_packages/sig-identity-test-001/runs/3d607b7c-9f8f-4f57-89ef-3a79c8909f7c/business_strategy.json,reports,.json,17194
reports/content_packages/sig-identity-test-001/runs/3d638179-b648-4523-ab4d-18d710eedf63/business_strategy.json,reports,.json,17194
reports/content_packages/sig-identity-test-001/runs/3d719994-d6d3-4260-ab97-dd5a2c2182ad/assignment.json,reports,.json,836
reports/content_packages/sig-identity-test-001/runs/3d719994-d6d3-4260-ab97-dd5a2c2182ad/business_strategy.json,reports,.json,17194
reports/content_packages/sig-identity-test-001/runs/3d719994-d6d3-4260-ab97-dd5a2c2182ad/editorial_acceptance.json,reports,.json,298
reports/content_packages/sig-identity-test-001/runs/3d719994-d6d3-4260-ab97-dd5a2c2182ad/generated.json,reports,.json,1091
reports/content_packages/sig-identity-test-001/runs/3dac7735-8ce7-4b88-9f24-e4b8f27e371b/generated.json,reports,.json,856
reports/content_packages/sig-identity-test-001/runs/3dbd05c8-e186-4e75-8fdd-f15e3b63ccc0/assignment.json,reports,.json,836
reports/content_packages/sig-identity-test-001/runs/3dbd05c8-e186-4e75-8fdd-f15e3b63ccc0/business_strategy.json,reports,.json,17194
reports/content_packages/sig-identity-test-001/runs/3dbd05c8-e186-4e75-8fdd-f15e3b63ccc0/editorial_acceptance.json,reports,.json,298
reports/content_packages/sig-identity-test-001/runs/3dbd05c8-e186-4e75-8fdd-f15e3b63ccc0/generated.json,reports,.json,1091
reports/content_packages/sig-identity-test-001/runs/3df36b3c-8ea8-4901-a420-5d0fe7ae02c7/business_strategy.json,reports,.json,17194
reports/content_packages/sig-identity-test-001/runs/3df36b3c-8ea8-4901-a420-5d0fe7ae02c7/generated.json,reports,.json,1091
reports/content_packages/sig-identity-test-001/runs/3df3d7e4-3411-4c5d-a2c8-43ab1fc20cbd/assignment.json,reports,.json,844
reports/content_packages/sig-identity-test-001/runs/3df3d7e4-3411-4c5d-a2c8-43ab1fc20cbd/business_strategy.json,reports,.json,17194
reports/content_packages/sig-identity-test-001/runs/3df3d7e4-3411-4c5d-a2c8-43ab1fc20cbd/editorial_acceptance.json,reports,.json,298
reports/content_packages/sig-identity-test-001/runs/3df3d7e4-3411-4c5d-a2c8-43ab1fc20cbd/generated.json,reports,.json,1091
reports/content_packages/sig-identity-test-001/runs/3e1b19b8-19a3-4bcd-8368-208e39a0d62d/generated.json,reports,.json,856
reports/content_packages/sig-identity-test-001/runs/3e474772-be86-4e62-a3c2-ea086454ba36/assignment.json,reports,.json,836
reports/content_packages/sig-identity-test-001/runs/3e474772-be86-4e62-a3c2-ea086454ba36/business_strategy.json,reports,.json,17194
reports/content_packages/sig-identity-test-001/runs/3e60c60b-de5c-4ab8-86e9-c17f06112b37/business_strategy.json,reports,.json,17194
reports/content_packages/sig-identity-test-001/runs/3e60c60b-de5c-4ab8-86e9-c17f06112b37/editorial_acceptance.json,reports,.json,245
reports/content_packages/sig-identity-test-001/runs/3e60c60b-de5c-4ab8-86e9-c17f06112b37/generated.json,reports,.json,1091
reports/content_packages/sig-identity-test-001/runs/3ea0988e-5669-4708-9046-d4aac9855272/business_strategy.json,reports,.json,17194
reports/content_packages/sig-identity-test-001/runs/3ea0988e-5669-4708-9046-d4aac9855272/generated.json,reports,.json,1091
reports/content_packages/sig-identity-test-001/runs/3eab05a9-5f7e-4fea-bc4b-00b0b10e1a48/assignment.json,reports,.json,836
reports/content_packages/sig-identity-test-001/runs/3eab05a9-5f7e-4fea-bc4b-00b0b10e1a48/business_strategy.json,reports,.json,17194
reports/content_packages/sig-identity-test-001/runs/3eab05a9-5f7e-4fea-bc4b-00b0b10e1a48/editorial_acceptance.json,reports,.json,298
reports/content_packages/sig-identity-test-001/runs/3eab05a9-5f7e-4fea-bc4b-00b0b10e1a48/generated.json,reports,.json,1091
reports/content_packages/sig-identity-test-001/runs/3ec86708-7d5e-4aac-9fe1-050d851bc675/assignment.json,reports,.json,836
reports/content_packages/sig-identity-test-001/runs/3ec86708-7d5e-4aac-9fe1-050d851bc675/business_strategy.json,reports,.json,17194
reports/content_packages/sig-identity-test-001/runs/3ec86708-7d5e-4aac-9fe1-050d851bc675/editorial_acceptance.json,reports,.json,298
reports/content_packages/sig-identity-test-001/runs/3ec86708-7d5e-4aac-9fe1-050d851bc675/generated.json,reports,.json,1091
reports/content_packages/sig-identity-test-001/runs/3ed525eb-7430-4cc8-bafd-27c6f9052921/business_strategy.json,reports,.json,17194
reports/content_packages/sig-identity-test-001/runs/3ed525eb-7430-4cc8-bafd-27c6f9052921/generated.json,reports,.json,1091
reports/content_packages/sig-identity-test-001/runs/3ee9f03d-4ef2-481d-b238-d709d63afc25/business_strategy.json,reports,.json,17194
reports/content_packages/sig-identity-test-001/runs/3ee9f03d-4ef2-481d-b238-d709d63afc25/generated.json,reports,.json,1091
reports/content_packages/sig-identity-test-001/runs/3f228dad-cf27-4482-9660-a22f687303c5/assignment.json,reports,.json,836
reports/content_packages/sig-identity-test-001/runs/3f228dad-cf27-4482-9660-a22f687303c5/business_strategy.json,reports,.json,17194
reports/content_packages/sig-identity-test-001/runs/3f228dad-cf27-4482-9660-a22f687303c5/editorial_acceptance.json,reports,.json,298
reports/content_packages/sig-identity-test-001/runs/3f228dad-cf27-4482-9660-a22f687303c5/generated.json,reports,.json,1091
reports/content_packages/sig-identity-test-001/runs/3f8f9cfb-d60e-42a2-8891-8c1a0298a9b3/assignment.json,reports,.json,836
reports/content_packages/sig-identity-test-001/runs/3f8f9cfb-d60e-42a2-8891-8c1a0298a9b3/business_strategy.json,reports,.json,17194
reports/content_packages/sig-identity-test-001/runs/3f8f9cfb-d60e-42a2-8891-8c1a0298a9b3/editorial_acceptance.json,reports,.json,298
reports/content_packages/sig-identity-test-001/runs/3f8f9cfb-d60e-42a2-8891-8c1a0298a9b3/generated.json,reports,.json,1091
reports/content_packages/sig-identity-test-001/runs/3ff76e6e-1a84-47bf-acd2-829f54a545fa/assignment.json,reports,.json,836
reports/content_packages/sig-identity-test-001/runs/3ff76e6e-1a84-47bf-acd2-829f54a545fa/business_strategy.json,reports,.json,17194
reports/content_packages/sig-identity-test-001/runs/3ff76e6e-1a84-47bf-acd2-829f54a545fa/editorial_acceptance.json,reports,.json,298
reports/content_packages/sig-identity-test-001/runs/3ff76e6e-1a84-47bf-acd2-829f54a545fa/generated.json,reports,.json,1091
reports/content_packages/sig-identity-test-001/runs/400661a9-6f3c-42a2-868c-a5e3fd068d9b/assignment.json,reports,.json,836
reports/content_packages/sig-identity-test-001/runs/400661a9-6f3c-42a2-868c-a5e3fd068d9b/business_strategy.json,reports,.json,17194
reports/content_packages/sig-identity-test-001/runs/400661a9-6f3c-42a2-868c-a5e3fd068d9b/editorial_acceptance.json,reports,.json,298
reports/content_packages/sig-identity-test-001/runs/400661a9-6f3c-42a2-868c-a5e3fd068d9b/generated.json,reports,.json,1091
reports/content_packages/sig-identity-test-001/runs/406ca3bf-6595-4bef-9554-ee7cb8bd3146/assignment.json,reports,.json,836
reports/content_packages/sig-identity-test-001/runs/406ca3bf-6595-4bef-9554-ee7cb8bd3146/business_strategy.json,reports,.json,17194
reports/content_packages/sig-identity-test-001/runs/406ca3bf-6595-4bef-9554-ee7cb8bd3146/editorial_acceptance.json,reports,.json,298
reports/content_packages/sig-identity-test-001/runs/406ca3bf-6595-4bef-9554-ee7cb8bd3146/generated.json,reports,.json,1091
reports/content_packages/sig-identity-test-001/runs/40c1acb5-4631-4b72-a581-e222dc73873b/business_strategy.json,reports,.json,17194
reports/content_packages/sig-identity-test-001/runs/40c1acb5-4631-4b72-a581-e222dc73873b/generated.json,reports,.json,1091
reports/content_packages/sig-identity-test-001/runs/40fbad7c-5594-4052-8159-d3128d4809f0/assignment.json,reports,.json,836
reports/content_packages/sig-identity-test-001/runs/40fbad7c-5594-4052-8159-d3128d4809f0/business_strategy.json,reports,.json,17194
reports/content_packages/sig-identity-test-001/runs/40fbad7c-5594-4052-8159-d3128d4809f0/editorial_acceptance.json,reports,.json,298
reports/content_packages/sig-identity-test-001/runs/40fbad7c-5594-4052-8159-d3128d4809f0/generated.json,reports,.json,1091
reports/content_packages/sig-identity-test-001/runs/4127469d-0303-4677-9675-879c84b15e82/generated.json,reports,.json,856
reports/content_packages/sig-identity-test-001/runs/4138780e-b15d-4657-ac87-b75dc411275d/generated.json,reports,.json,856
reports/content_packages/sig-identity-test-001/runs/4162ce34-422a-40f3-adf6-e95126fe6201/business_strategy.json,reports,.json,17194
reports/content_packages/sig-identity-test-001/runs/41cc07d9-9a5f-4d0d-9a80-a1d1815b1afe/business_strategy.json,reports,.json,17194
reports/content_packages/sig-identity-test-001/runs/41cc07d9-9a5f-4d0d-9a80-a1d1815b1afe/generated.json,reports,.json,1091
reports/content_packages/sig-identity-test-001/runs/41e91d82-6370-4428-9133-2c7cc81e0982/assignment.json,reports,.json,836
reports/content_packages/sig-identity-test-001/runs/41e91d82-6370-4428-9133-2c7cc81e0982/business_strategy.json,reports,.json,17194
reports/content_packages/sig-identity-test-001/runs/41e91d82-6370-4428-9133-2c7cc81e0982/editorial_acceptance.json,reports,.json,298
reports/content_packages/sig-identity-test-001/runs/41e91d82-6370-4428-9133-2c7cc81e0982/generated.json,reports,.json,1091
reports/content_packages/sig-identity-test-001/runs/42cc4482-cf4a-4346-9860-6b469fdd60ae/business_strategy.json,reports,.json,17194
reports/content_packages/sig-identity-test-001/runs/42cc4482-cf4a-4346-9860-6b469fdd60ae/editorial_acceptance.json,reports,.json,245
reports/content_packages/sig-identity-test-001/runs/42cc4482-cf4a-4346-9860-6b469fdd60ae/generated.json,reports,.json,1091
reports/content_packages/sig-identity-test-001/runs/430c2a34-63be-41f9-b827-9d51a23f48c1/generated.json,reports,.json,856
reports/content_packages/sig-identity-test-001/runs/432582cf-5129-4738-85fa-960140948000/business_strategy.json,reports,.json,17194
reports/content_packages/sig-identity-test-001/runs/432582cf-5129-4738-85fa-960140948000/editorial_acceptance.json,reports,.json,245
reports/content_packages/sig-identity-test-001/runs/432582cf-5129-4738-85fa-960140948000/generated.json,reports,.json,1091
reports/content_packages/sig-identity-test-001/runs/4367b209-0098-470d-8fff-a5fc0ca05179/business_strategy.json,reports,.json,17194
reports/content_packages/sig-identity-test-001/runs/4367b209-0098-470d-8fff-a5fc0ca05179/editorial_acceptance.json,reports,.json,245
reports/content_packages/sig-identity-test-001/runs/4367b209-0098-470d-8fff-a5fc0ca05179/generated.json,reports,.json,1091
reports/content_packages/sig-identity-test-001/runs/43b0f4a5-63d7-472f-b38f-aeed5ec9029f/business_strategy.json,reports,.json,17194
reports/content_packages/sig-identity-test-001/runs/43b0f4a5-63d7-472f-b38f-aeed5ec9029f/generated.json,reports,.json,1091
reports/content_packages/sig-identity-test-001/runs/43d4cb20-996f-43e9-a484-7e08c7ef97e9/business_strategy.json,reports,.json,17194
reports/content_packages/sig-identity-test-001/runs/43d4cb20-996f-43e9-a484-7e08c7ef97e9/editorial_acceptance.json,reports,.json,245
reports/content_packages/sig-identity-test-001/runs/43d4cb20-996f-43e9-a484-7e08c7ef97e9/generated.json,reports,.json,1091
reports/content_packages/sig-identity-test-001/runs/43dd6fde-3bcf-4333-aa53-ea648c65b535/business_strategy.json,reports,.json,17194
reports/content_packages/sig-identity-test-001/runs/43dd6fde-3bcf-4333-aa53-ea648c65b535/generated.json,reports,.json,1286
reports/content_packages/sig-identity-test-001/runs/4406fdc2-1aac-44bf-96b1-0dfa9bac0f26/generated.json,reports,.json,856
reports/content_packages/sig-identity-test-001/runs/440cffdf-a143-4cbf-acdd-dccdd064951c/business_strategy.json,reports,.json,17194
reports/content_packages/sig-identity-test-001/runs/446fcf9c-6b96-4846-ad04-dc03d74ccb92/assignment.json,reports,.json,836
reports/content_packages/sig-identity-test-001/runs/446fcf9c-6b96-4846-ad04-dc03d74ccb92/business_strategy.json,reports,.json,17194
reports/content_packages/sig-identity-test-001/runs/446fcf9c-6b96-4846-ad04-dc03d74ccb92/editorial_acceptance.json,reports,.json,298
reports/content_packages/sig-identity-test-001/runs/446fcf9c-6b96-4846-ad04-dc03d74ccb92/generated.json,reports,.json,1091
reports/content_packages/sig-identity-test-001/runs/4485f2d6-e5eb-40e5-bd68-24509f7f26ef/business_strategy.json,reports,.json,17194
reports/content_packages/sig-identity-test-001/runs/4485f2d6-e5eb-40e5-bd68-24509f7f26ef/editorial_acceptance.json,reports,.json,245
reports/content_packages/sig-identity-test-001/runs/4485f2d6-e5eb-40e5-bd68-24509f7f26ef/generated.json,reports,.json,1091
reports/content_packages/sig-identity-test-001/runs/44c4a904-0a5b-439f-b364-a7516993619a/assignment.json,reports,.json,836
reports/content_packages/sig-identity-test-001/runs/44c4a904-0a5b-439f-b364-a7516993619a/business_strategy.json,reports,.json,17194
reports/content_packages/sig-identity-test-001/runs/44d25f72-6365-42d3-a420-1a651acd1e93/business_strategy.json,reports,.json,17194
reports/content_packages/sig-identity-test-001/runs/44d25f72-6365-42d3-a420-1a651acd1e93/editorial_acceptance.json,reports,.json,245
reports/content_packages/sig-identity-test-001/runs/44d25f72-6365-42d3-a420-1a651acd1e93/generated.json,reports,.json,1091
reports/content_packages/sig-identity-test-001/runs/44da5ca3-9d79-4378-a311-8ad66610387b/assignment.json,reports,.json,836
reports/content_packages/sig-identity-test-001/runs/44da5ca3-9d79-4378-a311-8ad66610387b/business_strategy.json,reports,.json,17194
reports/content_packages/sig-identity-test-001/runs/44da5ca3-9d79-4378-a311-8ad66610387b/editorial_acceptance.json,reports,.json,298
reports/content_packages/sig-identity-test-001/runs/44da5ca3-9d79-4378-a311-8ad66610387b/generated.json,reports,.json,1091
reports/content_packages/sig-identity-test-001/runs/44f6f5d6-dfbb-4f79-833e-089bd419ea5b/assignment.json,reports,.json,836
reports/content_packages/sig-identity-test-001/runs/44f6f5d6-dfbb-4f79-833e-089bd419ea5b/business_strategy.json,reports,.json,17194
reports/content_packages/sig-identity-test-001/runs/44f6f5d6-dfbb-4f79-833e-089bd419ea5b/editorial_acceptance.json,reports,.json,298
reports/content_packages/sig-identity-test-001/runs/44f6f5d6-dfbb-4f79-833e-089bd419ea5b/generated.json,reports,.json,1091
reports/content_packages/sig-identity-test-001/runs/459a6515-9b8f-4e98-b48f-374d561358c9/business_strategy.json,reports,.json,17194
reports/content_packages/sig-identity-test-001/runs/459a6515-9b8f-4e98-b48f-374d561358c9/generated.json,reports,.json,1286
reports/content_packages/sig-identity-test-001/runs/45ae0dcd-d3b6-4ba3-80fd-b1c97e04dbfb/generated.json,reports,.json,990
reports/content_packages/sig-identity-test-001/runs/45d6ce82-ca66-4651-844f-170065cde98f/generated.json,reports,.json,990
reports/content_packages/sig-identity-test-001/runs/45ff264c-bf16-4d8c-9c39-01fc0b262826/business_strategy.json,reports,.json,17194
reports/content_packages/sig-identity-test-001/runs/45ff264c-bf16-4d8c-9c39-01fc0b262826/generated.json,reports,.json,1091
reports/content_packages/sig-identity-test-001/runs/460e186f-9134-47f4-92cb-d154e254821c/assignment.json,reports,.json,836
reports/content_packages/sig-identity-test-001/runs/460e186f-9134-47f4-92cb-d154e254821c/business_strategy.json,reports,.json,17194
reports/content_packages/sig-identity-test-001/runs/462b978f-30bf-4b56-9008-d505f8e93b66/business_strategy.json,reports,.json,17194
reports/content_packages/sig-identity-test-001/runs/462b978f-30bf-4b56-9008-d505f8e93b66/editorial_acceptance.json,reports,.json,245
reports/content_packages/sig-identity-test-001/runs/462b978f-30bf-4b56-9008-d505f8e93b66/generated.json,reports,.json,1091
reports/content_packages/sig-identity-test-001/runs/468511e9-a5f6-45f5-a338-4221f20b51d9/generated.json,reports,.json,990
reports/content_packages/sig-identity-test-001/runs/46887d66-7cb9-49f9-b09e-3f8436ec351d/business_strategy.json,reports,.json,17194
reports/content_packages/sig-identity-test-001/runs/46887d66-7cb9-49f9-b09e-3f8436ec351d/generated.json,reports,.json,1091
reports/content_packages/sig-identity-test-001/runs/46b3f677-1612-4630-ba71-1150346c93ec/business_strategy.json,reports,.json,17194
reports/content_packages/sig-identity-test-001/runs/46b3f677-1612-4630-ba71-1150346c93ec/generated.json,reports,.json,1091
reports/content_packages/sig-identity-test-001/runs/46eb504c-6d8a-45c8-9bea-32d51361da02/business_strategy.json,reports,.json,17194
reports/content_packages/sig-identity-test-001/runs/46f80160-6357-4f9d-8b33-7baae465b522/assignment.json,reports,.json,844
reports/content_packages/sig-identity-test-001/runs/46f80160-6357-4f9d-8b33-7baae465b522/business_strategy.json,reports,.json,17194
reports/content_packages/sig-identity-test-001/runs/46f80160-6357-4f9d-8b33-7baae465b522/editorial_acceptance.json,reports,.json,298
reports/content_packages/sig-identity-test-001/runs/46f80160-6357-4f9d-8b33-7baae465b522/generated.json,reports,.json,1091
reports/content_packages/sig-identity-test-001/runs/46faed63-5191-4b19-87e2-004f6c5f74c9/business_strategy.json,reports,.json,17194
reports/content_packages/sig-identity-test-001/runs/46faed63-5191-4b19-87e2-004f6c5f74c9/editorial_acceptance.json,reports,.json,245
reports/content_packages/sig-identity-test-001/runs/46faed63-5191-4b19-87e2-004f6c5f74c9/generated.json,reports,.json,1091
reports/content_packages/sig-identity-test-001/runs/470ff898-d911-4d47-96c9-dae121e0cb43/business_strategy.json,reports,.json,17194
reports/content_packages/sig-identity-test-001/runs/470ff898-d911-4d47-96c9-dae121e0cb43/editorial_acceptance.json,reports,.json,245
reports/content_packages/sig-identity-test-001/runs/470ff898-d911-4d47-96c9-dae121e0cb43/generated.json,reports,.json,1091
reports/content_packages/sig-identity-test-001/runs/4749dc10-d1d8-4f89-a85b-b2ec58b08830/generated.json,reports,.json,856
reports/content_packages/sig-identity-test-001/runs/4794d15a-2aff-46c8-854e-2e9a4f020bc1/assignment.json,reports,.json,844
reports/content_packages/sig-identity-test-001/runs/4794d15a-2aff-46c8-854e-2e9a4f020bc1/business_strategy.json,reports,.json,17194
reports/content_packages/sig-identity-test-001/runs/4794d15a-2aff-46c8-854e-2e9a4f020bc1/editorial_acceptance.json,reports,.json,298
reports/content_packages/sig-identity-test-001/runs/4794d15a-2aff-46c8-854e-2e9a4f020bc1/generated.json,reports,.json,1091
reports/content_packages/sig-identity-test-001/runs/480aeb59-646a-411c-91b6-30ad079f56fc/business_strategy.json,reports,.json,17194
reports/content_packages/sig-identity-test-001/runs/480aeb59-646a-411c-91b6-30ad079f56fc/generated.json,reports,.json,1091
reports/content_packages/sig-identity-test-001/runs/48209a46-6d66-46b8-b033-983ac669ad18/business_strategy.json,reports,.json,17194
reports/content_packages/sig-identity-test-001/runs/48209a46-6d66-46b8-b033-983ac669ad18/generated.json,reports,.json,1091
reports/content_packages/sig-identity-test-001/runs/48611e0e-0d4d-4589-b47f-59102b7c8644/business_strategy.json,reports,.json,17194
reports/content_packages/sig-identity-test-001/runs/488a97d8-1c45-473d-bc5c-8725373c2a3d/business_strategy.json,reports,.json,17194
reports/content_packages/sig-identity-test-001/runs/488a97d8-1c45-473d-bc5c-8725373c2a3d/editorial_acceptance.json,reports,.json,245
reports/content_packages/sig-identity-test-001/runs/488a97d8-1c45-473d-bc5c-8725373c2a3d/generated.json,reports,.json,1091
reports/content_packages/sig-identity-test-001/runs/48e24e97-86cd-44e8-b412-a8b8b83f3ff5/assignment.json,reports,.json,836
reports/content_packages/sig-identity-test-001/runs/48e24e97-86cd-44e8-b412-a8b8b83f3ff5/business_strategy.json,reports,.json,17194
reports/content_packages/sig-identity-test-001/runs/48e24e97-86cd-44e8-b412-a8b8b83f3ff5/editorial_acceptance.json,reports,.json,298
reports/content_packages/sig-identity-test-001/runs/48e24e97-86cd-44e8-b412-a8b8b83f3ff5/generated.json,reports,.json,1091
reports/content_packages/sig-identity-test-001/runs/49bbc339-ed30-4092-a735-590381a716a3/generated.json,reports,.json,856
reports/content_packages/sig-identity-test-001/runs/49f59432-abe4-4a12-ac3a-743ab95f6886/business_strategy.json,reports,.json,17194
reports/content_packages/sig-identity-test-001/runs/49f59432-abe4-4a12-ac3a-743ab95f6886/editorial_acceptance.json,reports,.json,245
reports/content_packages/sig-identity-test-001/runs/49f59432-abe4-4a12-ac3a-743ab95f6886/generated.json,reports,.json,1091
reports/content_packages/sig-identity-test-001/runs/4a999ff5-df7c-4452-b47a-7a72a44e8664/assignment.json,reports,.json,836
reports/content_packages/sig-identity-test-001/runs/4a999ff5-df7c-4452-b47a-7a72a44e8664/business_strategy.json,reports,.json,17194
reports/content_packages/sig-identity-test-001/runs/4a999ff5-df7c-4452-b47a-7a72a44e8664/editorial_acceptance.json,reports,.json,298
reports/content_packages/sig-identity-test-001/runs/4a999ff5-df7c-4452-b47a-7a72a44e8664/generated.json,reports,.json,1091
reports/content_packages/sig-identity-test-001/runs/4aaf6c05-4c8f-487b-959b-8ee605b8228d/assignment.json,reports,.json,844
reports/content_packages/sig-identity-test-001/runs/4aaf6c05-4c8f-487b-959b-8ee605b8228d/business_strategy.json,reports,.json,17194
reports/content_packages/sig-identity-test-001/runs/4aaf6c05-4c8f-487b-959b-8ee605b8228d/editorial_acceptance.json,reports,.json,298
reports/content_packages/sig-identity-test-001/runs/4aaf6c05-4c8f-487b-959b-8ee605b8228d/generated.json,reports,.json,1091
reports/content_packages/sig-identity-test-001/runs/4ad946c2-99de-4e1e-9f13-f4b7f4d2fe4f/business_strategy.json,reports,.json,17194
reports/content_packages/sig-identity-test-001/runs/4ad946c2-99de-4e1e-9f13-f4b7f4d2fe4f/generated.json,reports,.json,1091
reports/content_packages/sig-identity-test-001/runs/4b703999-e253-490f-92d9-4a0cf0ab74eb/assignment.json,reports,.json,844
reports/content_packages/sig-identity-test-001/runs/4b703999-e253-490f-92d9-4a0cf0ab74eb/business_strategy.json,reports,.json,17194
reports/content_packages/sig-identity-test-001/runs/4b703999-e253-490f-92d9-4a0cf0ab74eb/editorial_acceptance.json,reports,.json,298
reports/content_packages/sig-identity-test-001/runs/4b703999-e253-490f-92d9-4a0cf0ab74eb/generated.json,reports,.json,1091
reports/content_packages/sig-identity-test-001/runs/4b741283-6708-45f5-9afa-a9284489340a/business_strategy.json,reports,.json,17194
reports/content_packages/sig-identity-test-001/runs/4b741283-6708-45f5-9afa-a9284489340a/editorial_acceptance.json,reports,.json,245
reports/content_packages/sig-identity-test-001/runs/4b741283-6708-45f5-9afa-a9284489340a/generated.json,reports,.json,1091
reports/content_packages/sig-identity-test-001/runs/4b915391-e403-4462-8bbc-dd44d7379559/assignment.json,reports,.json,836
reports/content_packages/sig-identity-test-001/runs/4b915391-e403-4462-8bbc-dd44d7379559/business_strategy.json,reports,.json,17194
reports/content_packages/sig-identity-test-001/runs/4b915391-e403-4462-8bbc-dd44d7379559/editorial_acceptance.json,reports,.json,298
reports/content_packages/sig-identity-test-001/runs/4b915391-e403-4462-8bbc-dd44d7379559/generated.json,reports,.json,1091
reports/content_packages/sig-identity-test-001/runs/4bc018d3-93eb-475a-949d-9ee5a9a9faa8/business_strategy.json,reports,.json,17194
reports/content_packages/sig-identity-test-001/runs/4bc018d3-93eb-475a-949d-9ee5a9a9faa8/generated.json,reports,.json,1286
reports/content_packages/sig-identity-test-001/runs/4bca5886-6b19-4664-b852-d82d7817bed7/assignment.json,reports,.json,836
reports/content_packages/sig-identity-test-001/runs/4bca5886-6b19-4664-b852-d82d7817bed7/business_strategy.json,reports,.json,17194
reports/content_packages/sig-identity-test-001/runs/4bca5886-6b19-4664-b852-d82d7817bed7/editorial_acceptance.json,reports,.json,298
reports/content_packages/sig-identity-test-001/runs/4bca5886-6b19-4664-b852-d82d7817bed7/generated.json,reports,.json,1091
reports/content_packages/sig-identity-test-001/runs/4bcd8e6e-5723-478a-b20c-c46c08f3b4df/business_strategy.json,reports,.json,17194
reports/content_packages/sig-identity-test-001/runs/4bcd8e6e-5723-478a-b20c-c46c08f3b4df/generated.json,reports,.json,1286
reports/content_packages/sig-identity-test-001/runs/4c3d6297-2e25-4760-be37-1d65f1745d59/assignment.json,reports,.json,836
reports/content_packages/sig-identity-test-001/runs/4c3d6297-2e25-4760-be37-1d65f1745d59/business_strategy.json,reports,.json,17194
reports/content_packages/sig-identity-test-001/runs/4cc438b0-cfae-460c-b29d-b089322099ca/assignment.json,reports,.json,836
reports/content_packages/sig-identity-test-001/runs/4cc438b0-cfae-460c-b29d-b089322099ca/business_strategy.json,reports,.json,17194
reports/content_packages/sig-identity-test-001/runs/4d596c8e-13b2-4c49-9610-c2e98f618469/assignment.json,reports,.json,844
reports/content_packages/sig-identity-test-001/runs/4d596c8e-13b2-4c49-9610-c2e98f618469/business_strategy.json,reports,.json,17194
reports/content_packages/sig-identity-test-001/runs/4d596c8e-13b2-4c49-9610-c2e98f618469/editorial_acceptance.json,reports,.json,298
reports/content_packages/sig-identity-test-001/runs/4d596c8e-13b2-4c49-9610-c2e98f618469/generated.json,reports,.json,1091
reports/content_packages/sig-identity-test-001/runs/4db71c5a-dba9-4f98-a704-e8d64a5e4e5c/assignment.json,reports,.json,844
reports/content_packages/sig-identity-test-001/runs/4db71c5a-dba9-4f98-a704-e8d64a5e4e5c/business_strategy.json,reports,.json,17194
reports/content_packages/sig-identity-test-001/runs/4db71c5a-dba9-4f98-a704-e8d64a5e4e5c/editorial_acceptance.json,reports,.json,298
reports/content_packages/sig-identity-test-001/runs/4db71c5a-dba9-4f98-a704-e8d64a5e4e5c/generated.json,reports,.json,1091
reports/content_packages/sig-identity-test-001/runs/4decbfce-e9b9-433d-a117-509ad71337d8/assignment.json,reports,.json,836
reports/content_packages/sig-identity-test-001/runs/4decbfce-e9b9-433d-a117-509ad71337d8/business_strategy.json,reports,.json,17194
reports/content_packages/sig-identity-test-001/runs/4decbfce-e9b9-433d-a117-509ad71337d8/editorial_acceptance.json,reports,.json,298
reports/content_packages/sig-identity-test-001/runs/4decbfce-e9b9-433d-a117-509ad71337d8/generated.json,reports,.json,1091
reports/content_packages/sig-identity-test-001/runs/4e139ea6-e849-4520-aba9-159df76cd2e4/generated.json,reports,.json,856
reports/content_packages/sig-identity-test-001/runs/4e95842b-cf36-4338-85ce-e4fc30cf8b6b/business_strategy.json,reports,.json,17194
reports/content_packages/sig-identity-test-001/runs/4ee2256b-0db7-4c01-8726-8cb98a59a728/business_strategy.json,reports,.json,17194
reports/content_packages/sig-identity-test-001/runs/4ee2256b-0db7-4c01-8726-8cb98a59a728/generated.json,reports,.json,1091
reports/content_packages/sig-identity-test-001/runs/4f29a807-4cfd-49d2-83de-c9f2ae83f5a8/business_strategy.json,reports,.json,17194
reports/content_packages/sig-identity-test-001/runs/4f6069e8-2849-4bb1-806f-766f606d41da/business_strategy.json,reports,.json,17194
reports/content_packages/sig-identity-test-001/runs/4f6069e8-2849-4bb1-806f-766f606d41da/generated.json,reports,.json,1286
reports/content_packages/sig-identity-test-001/runs/4f9904eb-5936-41dd-9a2a-1d94c573a822/assignment.json,reports,.json,836
reports/content_packages/sig-identity-test-001/runs/4f9904eb-5936-41dd-9a2a-1d94c573a822/business_strategy.json,reports,.json,17194
reports/content_packages/sig-identity-test-001/runs/4f9904eb-5936-41dd-9a2a-1d94c573a822/editorial_acceptance.json,reports,.json,298
reports/content_packages/sig-identity-test-001/runs/4f9904eb-5936-41dd-9a2a-1d94c573a822/generated.json,reports,.json,1091
reports/content_packages/sig-identity-test-001/runs/4fb20ab2-5c24-45b8-a72a-551e8a3b8ae7/business_strategy.json,reports,.json,17194
reports/content_packages/sig-identity-test-001/runs/4fb20ab2-5c24-45b8-a72a-551e8a3b8ae7/generated.json,reports,.json,1286
reports/content_packages/sig-identity-test-001/runs/4fee7236-c08b-4c60-a967-63264fed4448/assignment.json,reports,.json,836
reports/content_packages/sig-identity-test-001/runs/4fee7236-c08b-4c60-a967-63264fed4448/business_strategy.json,reports,.json,17194
reports/content_packages/sig-identity-test-001/runs/4fee7236-c08b-4c60-a967-63264fed4448/editorial_acceptance.json,reports,.json,298
reports/content_packages/sig-identity-test-001/runs/4fee7236-c08b-4c60-a967-63264fed4448/generated.json,reports,.json,1091
reports/content_packages/sig-identity-test-001/runs/500507dd-8d60-4207-a139-c270abccc84d/business_strategy.json,reports,.json,17194
reports/content_packages/sig-identity-test-001/runs/500507dd-8d60-4207-a139-c270abccc84d/editorial_acceptance.json,reports,.json,245
reports/content_packages/sig-identity-test-001/runs/500507dd-8d60-4207-a139-c270abccc84d/generated.json,reports,.json,1091
reports/content_packages/sig-identity-test-001/runs/50ff006e-42d8-4f18-a776-313b5f909602/business_strategy.json,reports,.json,17194
reports/content_packages/sig-identity-test-001/runs/50ff006e-42d8-4f18-a776-313b5f909602/editorial_acceptance.json,reports,.json,245
reports/content_packages/sig-identity-test-001/runs/50ff006e-42d8-4f18-a776-313b5f909602/generated.json,reports,.json,1091
reports/content_packages/sig-identity-test-001/runs/5104ac58-9070-4973-8d25-44ac498f3867/business_strategy.json,reports,.json,17194
reports/content_packages/sig-identity-test-001/runs/5104ac58-9070-4973-8d25-44ac498f3867/generated.json,reports,.json,1286
reports/content_packages/sig-identity-test-001/runs/511fbbda-c232-4f3e-aaba-ad088dea4cdd/business_strategy.json,reports,.json,17194
reports/content_packages/sig-identity-test-001/runs/511fbbda-c232-4f3e-aaba-ad088dea4cdd/generated.json,reports,.json,1286
reports/content_packages/sig-identity-test-001/runs/51fef6c9-425a-4845-bddd-1874eb2f3f40/business_strategy.json,reports,.json,17194
reports/content_packages/sig-identity-test-001/runs/51fef6c9-425a-4845-bddd-1874eb2f3f40/generated.json,reports,.json,1091
reports/content_packages/sig-identity-test-001/runs/51ff7987-327e-4a1f-8642-c2268bc49a4d/business_strategy.json,reports,.json,17194
reports/content_packages/sig-identity-test-001/runs/51ff7987-327e-4a1f-8642-c2268bc49a4d/generated.json,reports,.json,1091
reports/content_packages/sig-identity-test-001/runs/5240b123-6c0f-4ece-9403-f119b63aafc2/assignment.json,reports,.json,836
reports/content_packages/sig-identity-test-001/runs/5240b123-6c0f-4ece-9403-f119b63aafc2/business_strategy.json,reports,.json,17194
reports/content_packages/sig-identity-test-001/runs/5240b123-6c0f-4ece-9403-f119b63aafc2/editorial_acceptance.json,reports,.json,298
reports/content_packages/sig-identity-test-001/runs/5240b123-6c0f-4ece-9403-f119b63aafc2/generated.json,reports,.json,1091
reports/content_packages/sig-identity-test-001/runs/526b3f3e-ce76-4ee9-9515-40f607473ad0/business_strategy.json,reports,.json,17194
reports/content_packages/sig-identity-test-001/runs/526b3f3e-ce76-4ee9-9515-40f607473ad0/editorial_acceptance.json,reports,.json,245
reports/content_packages/sig-identity-test-001/runs/526b3f3e-ce76-4ee9-9515-40f607473ad0/generated.json,reports,.json,1091
reports/content_packages/sig-identity-test-001/runs/52b011f9-4da8-437b-aa29-a08aad8a8615/assignment.json,reports,.json,836
reports/content_packages/sig-identity-test-001/runs/52b011f9-4da8-437b-aa29-a08aad8a8615/business_strategy.json,reports,.json,17194
reports/content_packages/sig-identity-test-001/runs/52fc9169-1020-4df3-808e-2ddd770a28fd/business_strategy.json,reports,.json,17194
reports/content_packages/sig-identity-test-001/runs/52fc9169-1020-4df3-808e-2ddd770a28fd/generated.json,reports,.json,1091
reports/content_packages/sig-identity-test-001/runs/53099a1f-4d24-4f0c-833b-f452215b4141/business_strategy.json,reports,.json,17194
reports/content_packages/sig-identity-test-001/runs/53099a1f-4d24-4f0c-833b-f452215b4141/editorial_acceptance.json,reports,.json,245
reports/content_packages/sig-identity-test-001/runs/53099a1f-4d24-4f0c-833b-f452215b4141/generated.json,reports,.json,1091
reports/content_packages/sig-identity-test-001/runs/5316a02e-dac2-49ba-bc35-168b2ca26f2b/business_strategy.json,reports,.json,17194
reports/content_packages/sig-identity-test-001/runs/5316a02e-dac2-49ba-bc35-168b2ca26f2b/generated.json,reports,.json,1286
reports/content_packages/sig-identity-test-001/runs/5322896b-202a-4642-899a-01fd27a22971/business_strategy.json,reports,.json,17194
reports/content_packages/sig-identity-test-001/runs/5322896b-202a-4642-899a-01fd27a22971/editorial_acceptance.json,reports,.json,245
reports/content_packages/sig-identity-test-001/runs/5322896b-202a-4642-899a-01fd27a22971/generated.json,reports,.json,1091
reports/content_packages/sig-identity-test-001/runs/534aebd0-4fc1-4b37-881c-155ad83a7911/business_strategy.json,reports,.json,17194
reports/content_packages/sig-identity-test-001/runs/534aebd0-4fc1-4b37-881c-155ad83a7911/generated.json,reports,.json,1091
reports/content_packages/sig-identity-test-001/runs/536f600d-af7d-4434-9d22-a88bbb5b308d/business_strategy.json,reports,.json,17194
reports/content_packages/sig-identity-test-001/runs/536f600d-af7d-4434-9d22-a88bbb5b308d/generated.json,reports,.json,1091
reports/content_packages/sig-identity-test-001/runs/53bb6293-cc7a-4c0d-a5c6-93d49d05029d/assignment.json,reports,.json,836
reports/content_packages/sig-identity-test-001/runs/53bb6293-cc7a-4c0d-a5c6-93d49d05029d/business_strategy.json,reports,.json,17194
reports/content_packages/sig-identity-test-001/runs/53bb6293-cc7a-4c0d-a5c6-93d49d05029d/editorial_acceptance.json,reports,.json,298
reports/content_packages/sig-identity-test-001/runs/53bb6293-cc7a-4c0d-a5c6-93d49d05029d/generated.json,reports,.json,1091
reports/content_packages/sig-identity-test-001/runs/53fe9132-5795-4eb5-a998-a1816a889a02/business_strategy.json,reports,.json,17194
reports/content_packages/sig-identity-test-001/runs/53fe9132-5795-4eb5-a998-a1816a889a02/editorial_acceptance.json,reports,.json,245
reports/content_packages/sig-identity-test-001/runs/53fe9132-5795-4eb5-a998-a1816a889a02/generated.json,reports,.json,1091
reports/content_packages/sig-identity-test-001/runs/542705c4-b386-4087-8874-0acc63b9d872/business_strategy.json,reports,.json,17194
reports/content_packages/sig-identity-test-001/runs/542705c4-b386-4087-8874-0acc63b9d872/generated.json,reports,.json,1091
reports/content_packages/sig-identity-test-001/runs/5505ca7d-3b1a-43ff-a910-823bddfabde2/assignment.json,reports,.json,836
reports/content_packages/sig-identity-test-001/runs/5505ca7d-3b1a-43ff-a910-823bddfabde2/business_strategy.json,reports,.json,17194
reports/content_packages/sig-identity-test-001/runs/5505ca7d-3b1a-43ff-a910-823bddfabde2/editorial_acceptance.json,reports,.json,298
reports/content_packages/sig-identity-test-001/runs/5505ca7d-3b1a-43ff-a910-823bddfabde2/generated.json,reports,.json,1091
reports/content_packages/sig-identity-test-001/runs/5524b1b8-4087-4320-b521-3009474edb43/business_strategy.json,reports,.json,17194
reports/content_packages/sig-identity-test-001/runs/5524b1b8-4087-4320-b521-3009474edb43/generated.json,reports,.json,1286
reports/content_packages/sig-identity-test-001/runs/5545d359-b4a1-475a-910b-5c535e20a7ae/business_strategy.json,reports,.json,17194
reports/content_packages/sig-identity-test-001/runs/5545d359-b4a1-475a-910b-5c535e20a7ae/editorial_acceptance.json,reports,.json,245
reports/content_packages/sig-identity-test-001/runs/5545d359-b4a1-475a-910b-5c535e20a7ae/generated.json,reports,.json,1091
reports/content_packages/sig-identity-test-001/runs/55610cad-f649-4dfc-9fe4-052a8489f926/business_strategy.json,reports,.json,17194
reports/content_packages/sig-identity-test-001/runs/55610cad-f649-4dfc-9fe4-052a8489f926/editorial_acceptance.json,reports,.json,245
reports/content_packages/sig-identity-test-001/runs/55610cad-f649-4dfc-9fe4-052a8489f926/generated.json,reports,.json,1091
reports/content_packages/sig-identity-test-001/runs/5599811e-c4e3-48a5-b3af-e5c314a7b761/business_strategy.json,reports,.json,17194
reports/content_packages/sig-identity-test-001/runs/5599811e-c4e3-48a5-b3af-e5c314a7b761/generated.json,reports,.json,1091
reports/content_packages/sig-identity-test-001/runs/55f5f987-b148-482f-b4a6-9a840fb1f8be/assignment.json,reports,.json,836
reports/content_packages/sig-identity-test-001/runs/55f5f987-b148-482f-b4a6-9a840fb1f8be/business_strategy.json,reports,.json,17194
reports/content_packages/sig-identity-test-001/runs/56269f7c-9f2b-4c36-b520-77ad6b48da50/assignment.json,reports,.json,836
reports/content_packages/sig-identity-test-001/runs/56269f7c-9f2b-4c36-b520-77ad6b48da50/business_strategy.json,reports,.json,17194
reports/content_packages/sig-identity-test-001/runs/56269f7c-9f2b-4c36-b520-77ad6b48da50/editorial_acceptance.json,reports,.json,298
reports/content_packages/sig-identity-test-001/runs/56269f7c-9f2b-4c36-b520-77ad6b48da50/generated.json,reports,.json,1091
reports/content_packages/sig-identity-test-001/runs/564a544c-0b37-4855-b2cb-df89ba85fa45/generated.json,reports,.json,990
reports/content_packages/sig-identity-test-001/runs/564db373-6c04-43e0-90e8-57461ca541ee/generated.json,reports,.json,856
reports/content_packages/sig-identity-test-001/runs/56cb8284-e518-4471-825d-88577118a4f7/business_strategy.json,reports,.json,17194
reports/content_packages/sig-identity-test-001/runs/56cb8284-e518-4471-825d-88577118a4f7/generated.json,reports,.json,1091
reports/content_packages/sig-identity-test-001/runs/56f09b7c-8106-4e28-9523-ebe24a88d3d8/assignment.json,reports,.json,836
reports/content_packages/sig-identity-test-001/runs/56f09b7c-8106-4e28-9523-ebe24a88d3d8/business_strategy.json,reports,.json,17194
reports/content_packages/sig-identity-test-001/runs/56f09b7c-8106-4e28-9523-ebe24a88d3d8/editorial_acceptance.json,reports,.json,298
reports/content_packages/sig-identity-test-001/runs/56f09b7c-8106-4e28-9523-ebe24a88d3d8/generated.json,reports,.json,1091
reports/content_packages/sig-identity-test-001/runs/570a1df0-fa4f-41b6-9601-238efca43b2a/assignment.json,reports,.json,836
reports/content_packages/sig-identity-test-001/runs/570a1df0-fa4f-41b6-9601-238efca43b2a/business_strategy.json,reports,.json,17194
reports/content_packages/sig-identity-test-001/runs/570a1df0-fa4f-41b6-9601-238efca43b2a/editorial_acceptance.json,reports,.json,298
reports/content_packages/sig-identity-test-001/runs/570a1df0-fa4f-41b6-9601-238efca43b2a/generated.json,reports,.json,1091
reports/content_packages/sig-identity-test-001/runs/5740a9dd-a8f5-4c44-bad6-3b5eee665f33/business_strategy.json,reports,.json,17194
reports/content_packages/sig-identity-test-001/runs/5740a9dd-a8f5-4c44-bad6-3b5eee665f33/generated.json,reports,.json,1091
reports/content_packages/sig-identity-test-001/runs/5772f801-5608-4fb8-b864-48458e641ccd/business_strategy.json,reports,.json,17194
reports/content_packages/sig-identity-test-001/runs/5772f801-5608-4fb8-b864-48458e641ccd/generated.json,reports,.json,1091
reports/content_packages/sig-identity-test-001/runs/57f360d5-04f0-46f6-ab4e-1ac2e09a837d/assignment.json,reports,.json,836
reports/content_packages/sig-identity-test-001/runs/57f360d5-04f0-46f6-ab4e-1ac2e09a837d/business_strategy.json,reports,.json,17194
reports/content_packages/sig-identity-test-001/runs/5800e529-5c41-4610-9e2e-a0b050dc2652/assignment.json,reports,.json,836
reports/content_packages/sig-identity-test-001/runs/5800e529-5c41-4610-9e2e-a0b050dc2652/business_strategy.json,reports,.json,17194
reports/content_packages/sig-identity-test-001/runs/5800e529-5c41-4610-9e2e-a0b050dc2652/editorial_acceptance.json,reports,.json,298
reports/content_packages/sig-identity-test-001/runs/5800e529-5c41-4610-9e2e-a0b050dc2652/generated.json,reports,.json,1091
reports/content_packages/sig-identity-test-001/runs/584a189e-9221-4dfe-b2bd-0eadee0cfb1f/business_strategy.json,reports,.json,17194
reports/content_packages/sig-identity-test-001/runs/584a189e-9221-4dfe-b2bd-0eadee0cfb1f/editorial_acceptance.json,reports,.json,245
reports/content_packages/sig-identity-test-001/runs/584a189e-9221-4dfe-b2bd-0eadee0cfb1f/generated.json,reports,.json,1091
reports/content_packages/sig-identity-test-001/runs/58523505-46c8-4cb9-aa90-42c048792eb9/generated.json,reports,.json,856
reports/content_packages/sig-identity-test-001/runs/594f9f7d-3933-4382-94c9-c158dbaf880c/assignment.json,reports,.json,836
reports/content_packages/sig-identity-test-001/runs/594f9f7d-3933-4382-94c9-c158dbaf880c/business_strategy.json,reports,.json,17194
reports/content_packages/sig-identity-test-001/runs/594f9f7d-3933-4382-94c9-c158dbaf880c/editorial_acceptance.json,reports,.json,298
reports/content_packages/sig-identity-test-001/runs/594f9f7d-3933-4382-94c9-c158dbaf880c/generated.json,reports,.json,1091
reports/content_packages/sig-identity-test-001/runs/5991b1aa-3257-4cbb-aac6-6288aae048c6/business_strategy.json,reports,.json,17194
reports/content_packages/sig-identity-test-001/runs/5991b1aa-3257-4cbb-aac6-6288aae048c6/generated.json,reports,.json,1286
reports/content_packages/sig-identity-test-001/runs/59ba7cde-bb8a-47a8-8335-529f623b5134/business_strategy.json,reports,.json,17194
reports/content_packages/sig-identity-test-001/runs/59ba7cde-bb8a-47a8-8335-529f623b5134/generated.json,reports,.json,1286
reports/content_packages/sig-identity-test-001/runs/5a2cb989-5a72-41a2-80d4-054a2ceadf6c/assignment.json,reports,.json,836
reports/content_packages/sig-identity-test-001/runs/5a2cb989-5a72-41a2-80d4-054a2ceadf6c/business_strategy.json,reports,.json,17194
reports/content_packages/sig-identity-test-001/runs/5a2cb989-5a72-41a2-80d4-054a2ceadf6c/editorial_acceptance.json,reports,.json,298
reports/content_packages/sig-identity-test-001/runs/5a2cb989-5a72-41a2-80d4-054a2ceadf6c/generated.json,reports,.json,1091
reports/content_packages/sig-identity-test-001/runs/5a5461ef-2065-4792-be8e-388c4cb3f6ef/assignment.json,reports,.json,836
reports/content_packages/sig-identity-test-001/runs/5a5461ef-2065-4792-be8e-388c4cb3f6ef/business_strategy.json,reports,.json,17194
reports/content_packages/sig-identity-test-001/runs/5a5461ef-2065-4792-be8e-388c4cb3f6ef/editorial_acceptance.json,reports,.json,298
reports/content_packages/sig-identity-test-001/runs/5a5461ef-2065-4792-be8e-388c4cb3f6ef/generated.json,reports,.json,1091
reports/content_packages/sig-identity-test-001/runs/5ad40626-643c-43d4-90ca-7180f9f9d92a/business_strategy.json,reports,.json,17194
reports/content_packages/sig-identity-test-001/runs/5ad40626-643c-43d4-90ca-7180f9f9d92a/editorial_acceptance.json,reports,.json,245
reports/content_packages/sig-identity-test-001/runs/5ad40626-643c-43d4-90ca-7180f9f9d92a/generated.json,reports,.json,1091
reports/content_packages/sig-identity-test-001/runs/5ae9190b-279a-4f98-9935-48a6ccf60e6b/generated.json,reports,.json,856
reports/content_packages/sig-identity-test-001/runs/5b0be155-05f0-4f76-990a-55201012aaa2/assignment.json,reports,.json,836
reports/content_packages/sig-identity-test-001/runs/5b0be155-05f0-4f76-990a-55201012aaa2/business_strategy.json,reports,.json,17194
reports/content_packages/sig-identity-test-001/runs/5b0be155-05f0-4f76-990a-55201012aaa2/editorial_acceptance.json,reports,.json,298
reports/content_packages/sig-identity-test-001/runs/5b0be155-05f0-4f76-990a-55201012aaa2/generated.json,reports,.json,1091
reports/content_packages/sig-identity-test-001/runs/5b974ce9-14d7-40fc-a3c2-5b95af9f75f7/business_strategy.json,reports,.json,17194
reports/content_packages/sig-identity-test-001/runs/5b974ce9-14d7-40fc-a3c2-5b95af9f75f7/generated.json,reports,.json,1091
reports/content_packages/sig-identity-test-001/runs/5ba60c27-8c9c-4659-9e16-f65a1d611807/assignment.json,reports,.json,844
reports/content_packages/sig-identity-test-001/runs/5ba60c27-8c9c-4659-9e16-f65a1d611807/business_strategy.json,reports,.json,17194
reports/content_packages/sig-identity-test-001/runs/5ba60c27-8c9c-4659-9e16-f65a1d611807/editorial_acceptance.json,reports,.json,298
reports/content_packages/sig-identity-test-001/runs/5ba60c27-8c9c-4659-9e16-f65a1d611807/generated.json,reports,.json,1091
reports/content_packages/sig-identity-test-001/runs/5ba60c27-8c9c-4659-9e16-f65a1d611807/publication_results.json,reports,.json,1355
reports/content_packages/sig-identity-test-001/runs/5bfeb911-f152-4fd9-9908-b44a10e9f920/assignment.json,reports,.json,836
reports/content_packages/sig-identity-test-001/runs/5bfeb911-f152-4fd9-9908-b44a10e9f920/business_strategy.json,reports,.json,17194
reports/content_packages/sig-identity-test-001/runs/5bfeb911-f152-4fd9-9908-b44a10e9f920/editorial_acceptance.json,reports,.json,298
reports/content_packages/sig-identity-test-001/runs/5bfeb911-f152-4fd9-9908-b44a10e9f920/generated.json,reports,.json,1091
reports/content_packages/sig-identity-test-001/runs/5c5ac6e5-ef59-4136-ba20-bdc15e6573e5/assignment.json,reports,.json,836
reports/content_packages/sig-identity-test-001/runs/5c5ac6e5-ef59-4136-ba20-bdc15e6573e5/business_strategy.json,reports,.json,17194
reports/content_packages/sig-identity-test-001/runs/5c5ac6e5-ef59-4136-ba20-bdc15e6573e5/editorial_acceptance.json,reports,.json,298
reports/content_packages/sig-identity-test-001/runs/5c5ac6e5-ef59-4136-ba20-bdc15e6573e5/generated.json,reports,.json,1091
reports/content_packages/sig-identity-test-001/runs/5ca9cf88-2bf9-44f0-847b-95477015c4d2/assignment.json,reports,.json,836
reports/content_packages/sig-identity-test-001/runs/5ca9cf88-2bf9-44f0-847b-95477015c4d2/business_strategy.json,reports,.json,17194
reports/content_packages/sig-identity-test-001/runs/5cfc81c0-89ef-45ea-932c-c4809cf4297a/generated.json,reports,.json,856
reports/content_packages/sig-identity-test-001/runs/5d2462fe-61da-4a7d-a007-47a0b89a015d/business_strategy.json,reports,.json,17194
reports/content_packages/sig-identity-test-001/runs/5d2f8470-b745-49dc-b266-1588a2e364b9/assignment.json,reports,.json,836
reports/content_packages/sig-identity-test-001/runs/5d2f8470-b745-49dc-b266-1588a2e364b9/business_strategy.json,reports,.json,17194
reports/content_packages/sig-identity-test-001/runs/5d2f8470-b745-49dc-b266-1588a2e364b9/editorial_acceptance.json,reports,.json,298
reports/content_packages/sig-identity-test-001/runs/5d2f8470-b745-49dc-b266-1588a2e364b9/generated.json,reports,.json,1091
reports/content_packages/sig-identity-test-001/runs/5d971e21-8bf7-4b81-8360-732410917305/business_strategy.json,reports,.json,17194
reports/content_packages/sig-identity-test-001/runs/5d971e21-8bf7-4b81-8360-732410917305/generated.json,reports,.json,1091
reports/content_packages/sig-identity-test-001/runs/5da71496-4f81-4ab4-97bd-6e83b370718e/business_strategy.json,reports,.json,17194
reports/content_packages/sig-identity-test-001/runs/5e2c5533-1a7b-4230-aef6-f9264f050675/assignment.json,reports,.json,836
reports/content_packages/sig-identity-test-001/runs/5e2c5533-1a7b-4230-aef6-f9264f050675/business_strategy.json,reports,.json,17194
reports/content_packages/sig-identity-test-001/runs/5e2c5533-1a7b-4230-aef6-f9264f050675/editorial_acceptance.json,reports,.json,298
reports/content_packages/sig-identity-test-001/runs/5e2c5533-1a7b-4230-aef6-f9264f050675/generated.json,reports,.json,1091
reports/content_packages/sig-identity-test-001/runs/5e610cdb-f448-4957-8ffc-7efc14d53aa6/assignment.json,reports,.json,836
reports/content_packages/sig-identity-test-001/runs/5e610cdb-f448-4957-8ffc-7efc14d53aa6/business_strategy.json,reports,.json,17194
reports/content_packages/sig-identity-test-001/runs/5e69fff2-e691-4e59-8807-ae173f9b4bbd/business_strategy.json,reports,.json,17194
reports/content_packages/sig-identity-test-001/runs/5e69fff2-e691-4e59-8807-ae173f9b4bbd/editorial_acceptance.json,reports,.json,245
reports/content_packages/sig-identity-test-001/runs/5e69fff2-e691-4e59-8807-ae173f9b4bbd/generated.json,reports,.json,1091
reports/content_packages/sig-identity-test-001/runs/5ee960a6-c50a-480e-b6e1-02c58787e87f/assignment.json,reports,.json,836
reports/content_packages/sig-identity-test-001/runs/5ee960a6-c50a-480e-b6e1-02c58787e87f/business_strategy.json,reports,.json,17194
reports/content_packages/sig-identity-test-001/runs/5ee960a6-c50a-480e-b6e1-02c58787e87f/editorial_acceptance.json,reports,.json,298
reports/content_packages/sig-identity-test-001/runs/5ee960a6-c50a-480e-b6e1-02c58787e87f/generated.json,reports,.json,1091
reports/content_packages/sig-identity-test-001/runs/5f590d9e-f37e-4a14-872d-b9f71eaa77d2/business_strategy.json,reports,.json,17194
reports/content_packages/sig-identity-test-001/runs/5f590d9e-f37e-4a14-872d-b9f71eaa77d2/generated.json,reports,.json,1091
reports/content_packages/sig-identity-test-001/runs/5fcbed69-a857-428b-9970-e9f23379af4d/assignment.json,reports,.json,836
reports/content_packages/sig-identity-test-001/runs/5fcbed69-a857-428b-9970-e9f23379af4d/business_strategy.json,reports,.json,17194
reports/content_packages/sig-identity-test-001/runs/607be6e2-6e00-44b6-b58f-33f9717580a0/generated.json,reports,.json,856
reports/content_packages/sig-identity-test-001/runs/6099410d-3d52-48cf-b56d-91f33708ff36/assignment.json,reports,.json,836
reports/content_packages/sig-identity-test-001/runs/6099410d-3d52-48cf-b56d-91f33708ff36/business_strategy.json,reports,.json,17194
reports/content_packages/sig-identity-test-001/runs/6099410d-3d52-48cf-b56d-91f33708ff36/editorial_acceptance.json,reports,.json,298
reports/content_packages/sig-identity-test-001/runs/6099410d-3d52-48cf-b56d-91f33708ff36/generated.json,reports,.json,1091
reports/content_packages/sig-identity-test-001/runs/60abf862-e53d-40c4-a309-f3d47b9f0245/business_strategy.json,reports,.json,17194
reports/content_packages/sig-identity-test-001/runs/60abf862-e53d-40c4-a309-f3d47b9f0245/editorial_acceptance.json,reports,.json,245
reports/content_packages/sig-identity-test-001/runs/60abf862-e53d-40c4-a309-f3d47b9f0245/generated.json,reports,.json,1091
reports/content_packages/sig-identity-test-001/runs/60d28b27-8c72-46d3-a0d8-cf1d03647d1e/business_strategy.json,reports,.json,17194
reports/content_packages/sig-identity-test-001/runs/60d28b27-8c72-46d3-a0d8-cf1d03647d1e/generated.json,reports,.json,1091
reports/content_packages/sig-identity-test-001/runs/60d6cbf2-d4c0-429b-a364-2790d7ca7bc2/business_strategy.json,reports,.json,17194
reports/content_packages/sig-identity-test-001/runs/60d6cbf2-d4c0-429b-a364-2790d7ca7bc2/editorial_acceptance.json,reports,.json,245
reports/content_packages/sig-identity-test-001/runs/60d6cbf2-d4c0-429b-a364-2790d7ca7bc2/generated.json,reports,.json,1091
reports/content_packages/sig-identity-test-001/runs/60edfcaa-0888-4399-b55d-65edc4fec076/assignment.json,reports,.json,836
reports/content_packages/sig-identity-test-001/runs/60edfcaa-0888-4399-b55d-65edc4fec076/business_strategy.json,reports,.json,17194
reports/content_packages/sig-identity-test-001/runs/60edfcaa-0888-4399-b55d-65edc4fec076/editorial_acceptance.json,reports,.json,298
reports/content_packages/sig-identity-test-001/runs/60edfcaa-0888-4399-b55d-65edc4fec076/generated.json,reports,.json,1091
reports/content_packages/sig-identity-test-001/runs/61561f4b-4e38-4639-ae3e-004f3196e1e0/generated.json,reports,.json,856
reports/content_packages/sig-identity-test-001/runs/6166249e-40dd-43ea-a406-9a504bf0af57/assignment.json,reports,.json,836
reports/content_packages/sig-identity-test-001/runs/6166249e-40dd-43ea-a406-9a504bf0af57/business_strategy.json,reports,.json,17194
reports/content_packages/sig-identity-test-001/runs/6166249e-40dd-43ea-a406-9a504bf0af57/editorial_acceptance.json,reports,.json,298
reports/content_packages/sig-identity-test-001/runs/6166249e-40dd-43ea-a406-9a504bf0af57/generated.json,reports,.json,1091
reports/content_packages/sig-identity-test-001/runs/619119c5-69cf-4dc5-ac26-10f6d33cb74f/assignment.json,reports,.json,836
reports/content_packages/sig-identity-test-001/runs/619119c5-69cf-4dc5-ac26-10f6d33cb74f/business_strategy.json,reports,.json,17194
reports/content_packages/sig-identity-test-001/runs/619119c5-69cf-4dc5-ac26-10f6d33cb74f/editorial_acceptance.json,reports,.json,298
reports/content_packages/sig-identity-test-001/runs/619119c5-69cf-4dc5-ac26-10f6d33cb74f/generated.json,reports,.json,1091
reports/content_packages/sig-identity-test-001/runs/61ca6904-31c2-459c-9ed0-7045e9ac67a1/assignment.json,reports,.json,836
reports/content_packages/sig-identity-test-001/runs/61ca6904-31c2-459c-9ed0-7045e9ac67a1/business_strategy.json,reports,.json,17194
reports/content_packages/sig-identity-test-001/runs/61ca6904-31c2-459c-9ed0-7045e9ac67a1/editorial_acceptance.json,reports,.json,298
reports/content_packages/sig-identity-test-001/runs/61ca6904-31c2-459c-9ed0-7045e9ac67a1/generated.json,reports,.json,1091
reports/content_packages/sig-identity-test-001/runs/61fe540f-9052-40ab-aeb8-acae3bc83466/assignment.json,reports,.json,836
reports/content_packages/sig-identity-test-001/runs/61fe540f-9052-40ab-aeb8-acae3bc83466/business_strategy.json,reports,.json,17194
reports/content_packages/sig-identity-test-001/runs/61fe540f-9052-40ab-aeb8-acae3bc83466/editorial_acceptance.json,reports,.json,298
reports/content_packages/sig-identity-test-001/runs/61fe540f-9052-40ab-aeb8-acae3bc83466/generated.json,reports,.json,1091
reports/content_packages/sig-identity-test-001/runs/622340b2-99e9-4cf1-854d-d61133f3a564/business_strategy.json,reports,.json,17194
reports/content_packages/sig-identity-test-001/runs/622340b2-99e9-4cf1-854d-d61133f3a564/generated.json,reports,.json,1091
reports/content_packages/sig-identity-test-001/runs/62652fbb-3a76-41ba-ac58-e88d13f37590/assignment.json,reports,.json,836
reports/content_packages/sig-identity-test-001/runs/62652fbb-3a76-41ba-ac58-e88d13f37590/business_strategy.json,reports,.json,17194
reports/content_packages/sig-identity-test-001/runs/62652fbb-3a76-41ba-ac58-e88d13f37590/editorial_acceptance.json,reports,.json,298
reports/content_packages/sig-identity-test-001/runs/62652fbb-3a76-41ba-ac58-e88d13f37590/generated.json,reports,.json,1091
reports/content_packages/sig-identity-test-001/runs/62817b7f-8758-4504-941c-fd434ede375f/assignment.json,reports,.json,836
reports/content_packages/sig-identity-test-001/runs/62817b7f-8758-4504-941c-fd434ede375f/business_strategy.json,reports,.json,17194
reports/content_packages/sig-identity-test-001/runs/62817b7f-8758-4504-941c-fd434ede375f/editorial_acceptance.json,reports,.json,298
reports/content_packages/sig-identity-test-001/runs/62817b7f-8758-4504-941c-fd434ede375f/generated.json,reports,.json,1091
reports/content_packages/sig-identity-test-001/runs/62a2401b-8b85-4844-ab8e-0df0d2c03ca3/business_strategy.json,reports,.json,17194
reports/content_packages/sig-identity-test-001/runs/62a2401b-8b85-4844-ab8e-0df0d2c03ca3/generated.json,reports,.json,1091
reports/content_packages/sig-identity-test-001/runs/62c7ba54-1136-46f7-9da3-aa8ac0f20fa6/assignment.json,reports,.json,844
reports/content_packages/sig-identity-test-001/runs/62c7ba54-1136-46f7-9da3-aa8ac0f20fa6/business_strategy.json,reports,.json,17194
reports/content_packages/sig-identity-test-001/runs/62c7ba54-1136-46f7-9da3-aa8ac0f20fa6/editorial_acceptance.json,reports,.json,298
reports/content_packages/sig-identity-test-001/runs/62c7ba54-1136-46f7-9da3-aa8ac0f20fa6/generated.json,reports,.json,1091
reports/content_packages/sig-identity-test-001/runs/62e226c7-6f7a-4d82-bc28-441414e6bb69/assignment.json,reports,.json,836
reports/content_packages/sig-identity-test-001/runs/62e226c7-6f7a-4d82-bc28-441414e6bb69/business_strategy.json,reports,.json,17194
reports/content_packages/sig-identity-test-001/runs/62e226c7-6f7a-4d82-bc28-441414e6bb69/editorial_acceptance.json,reports,.json,298
reports/content_packages/sig-identity-test-001/runs/62e226c7-6f7a-4d82-bc28-441414e6bb69/generated.json,reports,.json,1091
reports/content_packages/sig-identity-test-001/runs/62f8d98a-ba19-4b4e-92de-bbfc05c61bba/assignment.json,reports,.json,836
reports/content_packages/sig-identity-test-001/runs/62f8d98a-ba19-4b4e-92de-bbfc05c61bba/business_strategy.json,reports,.json,17194
reports/content_packages/sig-identity-test-001/runs/62f8d98a-ba19-4b4e-92de-bbfc05c61bba/editorial_acceptance.json,reports,.json,298
reports/content_packages/sig-identity-test-001/runs/62f8d98a-ba19-4b4e-92de-bbfc05c61bba/generated.json,reports,.json,1091
reports/content_packages/sig-identity-test-001/runs/6321f91e-2bf7-4176-b442-39c1f3cdecb1/business_strategy.json,reports,.json,17194
reports/content_packages/sig-identity-test-001/runs/6321f91e-2bf7-4176-b442-39c1f3cdecb1/generated.json,reports,.json,1091
reports/content_packages/sig-identity-test-001/runs/632a96d6-de82-4c1f-8ddc-7b8bcda20b87/business_strategy.json,reports,.json,17194
reports/content_packages/sig-identity-test-001/runs/632a96d6-de82-4c1f-8ddc-7b8bcda20b87/generated.json,reports,.json,1091
reports/content_packages/sig-identity-test-001/runs/635f4517-de49-4e20-866e-24e368ea46b0/business_strategy.json,reports,.json,17194
reports/content_packages/sig-identity-test-001/runs/6390c5ae-14b1-4fb4-a82f-e42565b2cd7a/assignment.json,reports,.json,836
reports/content_packages/sig-identity-test-001/runs/6390c5ae-14b1-4fb4-a82f-e42565b2cd7a/business_strategy.json,reports,.json,17194
reports/content_packages/sig-identity-test-001/runs/639e5de7-fc04-4150-87e0-cc3b92f03596/business_strategy.json,reports,.json,17194
reports/content_packages/sig-identity-test-001/runs/639e5de7-fc04-4150-87e0-cc3b92f03596/generated.json,reports,.json,1091
reports/content_packages/sig-identity-test-001/runs/63a46f01-1c10-488a-883d-ebb8657f06c6/assignment.json,reports,.json,836
reports/content_packages/sig-identity-test-001/runs/63a46f01-1c10-488a-883d-ebb8657f06c6/business_strategy.json,reports,.json,17194
reports/content_packages/sig-identity-test-001/runs/63a46f01-1c10-488a-883d-ebb8657f06c6/editorial_acceptance.json,reports,.json,298
reports/content_packages/sig-identity-test-001/runs/63a46f01-1c10-488a-883d-ebb8657f06c6/generated.json,reports,.json,1091
reports/content_packages/sig-identity-test-001/runs/63f0bd1f-50a6-4c1b-8ab6-eb95c6625e26/business_strategy.json,reports,.json,17194
reports/content_packages/sig-identity-test-001/runs/63f0bd1f-50a6-4c1b-8ab6-eb95c6625e26/editorial_acceptance.json,reports,.json,245
reports/content_packages/sig-identity-test-001/runs/63f0bd1f-50a6-4c1b-8ab6-eb95c6625e26/generated.json,reports,.json,1091
reports/content_packages/sig-identity-test-001/runs/644c2969-cd77-4218-8be5-5ec20ab8b9d8/business_strategy.json,reports,.json,17194
reports/content_packages/sig-identity-test-001/runs/644c2969-cd77-4218-8be5-5ec20ab8b9d8/generated.json,reports,.json,1091
reports/content_packages/sig-identity-test-001/runs/646b22e2-38fb-4bd8-9c29-57458c484d22/generated.json,reports,.json,856
reports/content_packages/sig-identity-test-001/runs/64855770-0088-40c6-950f-f5fa2a4e8ca6/business_strategy.json,reports,.json,17194
reports/content_packages/sig-identity-test-001/runs/64855770-0088-40c6-950f-f5fa2a4e8ca6/generated.json,reports,.json,1286
reports/content_packages/sig-identity-test-001/runs/648d078e-6611-4a5b-8f72-d085318bdfe6/generated.json,reports,.json,856
reports/content_packages/sig-identity-test-001/runs/64bade73-a9bf-4981-ad0a-07f950943fe8/generated.json,reports,.json,856
reports/content_packages/sig-identity-test-001/runs/65087d53-09b8-4252-b190-c210be79e168/generated.json,reports,.json,856
reports/content_packages/sig-identity-test-001/runs/651acc21-57a3-4cc4-a02e-1e7dc0883f9c/business_strategy.json,reports,.json,17194
reports/content_packages/sig-identity-test-001/runs/6567a85e-ed93-401a-8052-d63a4281f2b0/business_strategy.json,reports,.json,17194
reports/content_packages/sig-identity-test-001/runs/6567a85e-ed93-401a-8052-d63a4281f2b0/editorial_acceptance.json,reports,.json,245
reports/content_packages/sig-identity-test-001/runs/6567a85e-ed93-401a-8052-d63a4281f2b0/generated.json,reports,.json,1091
reports/content_packages/sig-identity-test-001/runs/657d58ee-132a-43c7-b025-f1e7ac4b670b/assignment.json,reports,.json,836
reports/content_packages/sig-identity-test-001/runs/657d58ee-132a-43c7-b025-f1e7ac4b670b/business_strategy.json,reports,.json,17194
reports/content_packages/sig-identity-test-001/runs/657d58ee-132a-43c7-b025-f1e7ac4b670b/editorial_acceptance.json,reports,.json,298
reports/content_packages/sig-identity-test-001/runs/657d58ee-132a-43c7-b025-f1e7ac4b670b/generated.json,reports,.json,1091
reports/content_packages/sig-identity-test-001/runs/65e437c9-826d-4671-9513-9cdae852c6ad/generated.json,reports,.json,856
reports/content_packages/sig-identity-test-001/runs/663139fb-caf6-4193-84d0-b7bac679646f/generated.json,reports,.json,856
reports/content_packages/sig-identity-test-001/runs/663fda7d-b214-4621-92bc-945ae897127d/generated.json,reports,.json,856
reports/content_packages/sig-identity-test-001/runs/664ac677-abb9-4e9c-a506-820a4b189635/business_strategy.json,reports,.json,17194
reports/content_packages/sig-identity-test-001/runs/664ac677-abb9-4e9c-a506-820a4b189635/generated.json,reports,.json,1091
reports/content_packages/sig-identity-test-001/runs/668b888c-04e3-4d3f-b358-62aab2c4d535/generated.json,reports,.json,856
reports/content_packages/sig-identity-test-001/runs/66b9d31d-51f6-4f61-869f-a083049b02b6/generated.json,reports,.json,856
reports/content_packages/sig-identity-test-001/runs/66f657f1-7bf0-44e4-a91c-cddfaa2f8068/assignment.json,reports,.json,836
reports/content_packages/sig-identity-test-001/runs/66f657f1-7bf0-44e4-a91c-cddfaa2f8068/business_strategy.json,reports,.json,17194
reports/content_packages/sig-identity-test-001/runs/66f657f1-7bf0-44e4-a91c-cddfaa2f8068/editorial_acceptance.json,reports,.json,298
reports/content_packages/sig-identity-test-001/runs/66f657f1-7bf0-44e4-a91c-cddfaa2f8068/generated.json,reports,.json,1091
reports/content_packages/sig-identity-test-001/runs/672c9fa9-3e1c-424f-9ac2-860fc61c3b79/assignment.json,reports,.json,836
reports/content_packages/sig-identity-test-001/runs/672c9fa9-3e1c-424f-9ac2-860fc61c3b79/business_strategy.json,reports,.json,17194
reports/content_packages/sig-identity-test-001/runs/672c9fa9-3e1c-424f-9ac2-860fc61c3b79/editorial_acceptance.json,reports,.json,298
reports/content_packages/sig-identity-test-001/runs/672c9fa9-3e1c-424f-9ac2-860fc61c3b79/generated.json,reports,.json,1091
reports/content_packages/sig-identity-test-001/runs/67393546-aec4-4875-87d9-5ca4fbd5fbc4/assignment.json,reports,.json,836
reports/content_packages/sig-identity-test-001/runs/67393546-aec4-4875-87d9-5ca4fbd5fbc4/business_strategy.json,reports,.json,17194
reports/content_packages/sig-identity-test-001/runs/67393546-aec4-4875-87d9-5ca4fbd5fbc4/editorial_acceptance.json,reports,.json,298
reports/content_packages/sig-identity-test-001/runs/67393546-aec4-4875-87d9-5ca4fbd5fbc4/generated.json,reports,.json,1091
reports/content_packages/sig-identity-test-001/runs/6767aa21-ec45-4850-a6b1-3b37dd1b2c70/business_strategy.json,reports,.json,17194
reports/content_packages/sig-identity-test-001/runs/6767aa21-ec45-4850-a6b1-3b37dd1b2c70/generated.json,reports,.json,1091
reports/content_packages/sig-identity-test-001/runs/677cf6e4-3231-49d0-a851-14618cab1252/business_strategy.json,reports,.json,17194
reports/content_packages/sig-identity-test-001/runs/677cf6e4-3231-49d0-a851-14618cab1252/generated.json,reports,.json,1091
reports/content_packages/sig-identity-test-001/runs/67c0bae7-06dc-4153-b1dc-b63229528a07/assignment.json,reports,.json,836
reports/content_packages/sig-identity-test-001/runs/67c0bae7-06dc-4153-b1dc-b63229528a07/business_strategy.json,reports,.json,17194
reports/content_packages/sig-identity-test-001/runs/67cb09fa-9ab8-4557-8497-45f1f755fadd/business_strategy.json,reports,.json,17194
reports/content_packages/sig-identity-test-001/runs/67ef273e-8eae-49c7-9684-a7864be34b5a/business_strategy.json,reports,.json,17194
reports/content_packages/sig-identity-test-001/runs/67ef273e-8eae-49c7-9684-a7864be34b5a/generated.json,reports,.json,1091
reports/content_packages/sig-identity-test-001/runs/682343eb-3665-4301-a424-1ff12c4a1263/assignment.json,reports,.json,836
reports/content_packages/sig-identity-test-001/runs/682343eb-3665-4301-a424-1ff12c4a1263/business_strategy.json,reports,.json,17194
reports/content_packages/sig-identity-test-001/runs/68389b1e-a706-44ee-82db-fa0c480ff548/business_strategy.json,reports,.json,17194
reports/content_packages/sig-identity-test-001/runs/68389b1e-a706-44ee-82db-fa0c480ff548/editorial_acceptance.json,reports,.json,245
reports/content_packages/sig-identity-test-001/runs/68389b1e-a706-44ee-82db-fa0c480ff548/generated.json,reports,.json,1091
reports/content_packages/sig-identity-test-001/runs/686f44da-b43c-4a4c-a1d3-6c73a4f7eff0/generated.json,reports,.json,856
reports/content_packages/sig-identity-test-001/runs/68c41ab6-0dc6-4b57-97da-14a60aa56015/assignment.json,reports,.json,836
reports/content_packages/sig-identity-test-001/runs/68c41ab6-0dc6-4b57-97da-14a60aa56015/business_strategy.json,reports,.json,17194
reports/content_packages/sig-identity-test-001/runs/68c41ab6-0dc6-4b57-97da-14a60aa56015/editorial_acceptance.json,reports,.json,298
reports/content_packages/sig-identity-test-001/runs/68c41ab6-0dc6-4b57-97da-14a60aa56015/generated.json,reports,.json,1091
reports/content_packages/sig-identity-test-001/runs/68d5555b-eaa3-43b0-bc4e-ca1f910a51c2/business_strategy.json,reports,.json,17194
reports/content_packages/sig-identity-test-001/runs/68d5555b-eaa3-43b0-bc4e-ca1f910a51c2/generated.json,reports,.json,1091
reports/content_packages/sig-identity-test-001/runs/68e2afa9-6931-4ef2-b628-d407a9b12d54/business_strategy.json,reports,.json,17194
reports/content_packages/sig-identity-test-001/runs/68e2afa9-6931-4ef2-b628-d407a9b12d54/generated.json,reports,.json,1091
reports/content_packages/sig-identity-test-001/runs/68e9c59b-d03c-466e-8b69-d735c738d0b5/assignment.json,reports,.json,844
reports/content_packages/sig-identity-test-001/runs/68e9c59b-d03c-466e-8b69-d735c738d0b5/business_strategy.json,reports,.json,17194
reports/content_packages/sig-identity-test-001/runs/68e9c59b-d03c-466e-8b69-d735c738d0b5/editorial_acceptance.json,reports,.json,298
reports/content_packages/sig-identity-test-001/runs/68e9c59b-d03c-466e-8b69-d735c738d0b5/generated.json,reports,.json,1091
reports/content_packages/sig-identity-test-001/runs/6942e49b-420a-481d-a06c-ad6b40b6c638/generated.json,reports,.json,856
reports/content_packages/sig-identity-test-001/runs/695875d6-ed7a-4ad5-a20e-0d115f7e4c4b/business_strategy.json,reports,.json,17194
reports/content_packages/sig-identity-test-001/runs/695875d6-ed7a-4ad5-a20e-0d115f7e4c4b/editorial_acceptance.json,reports,.json,245
reports/content_packages/sig-identity-test-001/runs/695875d6-ed7a-4ad5-a20e-0d115f7e4c4b/generated.json,reports,.json,1091
reports/content_packages/sig-identity-test-001/runs/69b14ff2-88c1-4c0c-8477-ba98b1dc909b/business_strategy.json,reports,.json,17194
reports/content_packages/sig-identity-test-001/runs/69b14ff2-88c1-4c0c-8477-ba98b1dc909b/generated.json,reports,.json,1091
reports/content_packages/sig-identity-test-001/runs/69dcaf32-33f6-4463-808f-da85352bc0c7/generated.json,reports,.json,990
reports/content_packages/sig-identity-test-001/runs/6a12c48f-a935-467d-9a9f-a7c7f38f8fac/business_strategy.json,reports,.json,17194
reports/content_packages/sig-identity-test-001/runs/6a12c48f-a935-467d-9a9f-a7c7f38f8fac/generated.json,reports,.json,1091
reports/content_packages/sig-identity-test-001/runs/6a6b8595-a97f-4c02-85f1-d5e1b2d98c68/assignment.json,reports,.json,836
reports/content_packages/sig-identity-test-001/runs/6a6b8595-a97f-4c02-85f1-d5e1b2d98c68/business_strategy.json,reports,.json,17194
reports/content_packages/sig-identity-test-001/runs/6a847bce-fceb-48b6-8596-a9a908184309/business_strategy.json,reports,.json,17194
reports/content_packages/sig-identity-test-001/runs/6ad3698e-cda9-452c-b96e-e52bd47e5154/business_strategy.json,reports,.json,17194
reports/content_packages/sig-identity-test-001/runs/6ad3698e-cda9-452c-b96e-e52bd47e5154/generated.json,reports,.json,1091
reports/content_packages/sig-identity-test-001/runs/6ad76c48-24f1-4b75-b05f-5c7b9f236988/business_strategy.json,reports,.json,17194
reports/content_packages/sig-identity-test-001/runs/6ad76c48-24f1-4b75-b05f-5c7b9f236988/generated.json,reports,.json,1091
reports/content_packages/sig-identity-test-001/runs/6b1a7c5a-db99-4ae6-8735-e16639cf2055/assignment.json,reports,.json,836
reports/content_packages/sig-identity-test-001/runs/6b1a7c5a-db99-4ae6-8735-e16639cf2055/business_strategy.json,reports,.json,17194
reports/content_packages/sig-identity-test-001/runs/6b31eaa9-1d7e-4e5a-9d7a-94f9ba082bee/business_strategy.json,reports,.json,17194
reports/content_packages/sig-identity-test-001/runs/6bd4127e-9840-40da-8458-d0d556d09e1b/business_strategy.json,reports,.json,17194
reports/content_packages/sig-identity-test-001/runs/6bfdbab1-6f22-4194-a8b0-354cf5e98507/business_strategy.json,reports,.json,17194
reports/content_packages/sig-identity-test-001/runs/6c077d69-2054-41b6-a33f-1219f6793e50/business_strategy.json,reports,.json,17194
reports/content_packages/sig-identity-test-001/runs/6c077d69-2054-41b6-a33f-1219f6793e50/generated.json,reports,.json,1091
reports/content_packages/sig-identity-test-001/runs/6c09ac1d-eed5-456e-a468-dbacd7521ad0/assignment.json,reports,.json,836
reports/content_packages/sig-identity-test-001/runs/6c09ac1d-eed5-456e-a468-dbacd7521ad0/business_strategy.json,reports,.json,17194
reports/content_packages/sig-identity-test-001/runs/6c09ac1d-eed5-456e-a468-dbacd7521ad0/editorial_acceptance.json,reports,.json,298
reports/content_packages/sig-identity-test-001/runs/6c09ac1d-eed5-456e-a468-dbacd7521ad0/generated.json,reports,.json,1091
reports/content_packages/sig-identity-test-001/runs/6c1329f2-e46c-45d0-ab1a-acbf4e616f2c/assignment.json,reports,.json,836
reports/content_packages/sig-identity-test-001/runs/6c1329f2-e46c-45d0-ab1a-acbf4e616f2c/business_strategy.json,reports,.json,17194
reports/content_packages/sig-identity-test-001/runs/6c1329f2-e46c-45d0-ab1a-acbf4e616f2c/editorial_acceptance.json,reports,.json,298
reports/content_packages/sig-identity-test-001/runs/6c1329f2-e46c-45d0-ab1a-acbf4e616f2c/generated.json,reports,.json,1091
reports/content_packages/sig-identity-test-001/runs/6c203be6-e216-468b-9646-a8d045a006c2/assignment.json,reports,.json,836
reports/content_packages/sig-identity-test-001/runs/6c203be6-e216-468b-9646-a8d045a006c2/business_strategy.json,reports,.json,17194
reports/content_packages/sig-identity-test-001/runs/6c203be6-e216-468b-9646-a8d045a006c2/editorial_acceptance.json,reports,.json,298
reports/content_packages/sig-identity-test-001/runs/6c203be6-e216-468b-9646-a8d045a006c2/generated.json,reports,.json,1091
reports/content_packages/sig-identity-test-001/runs/6c3e3ea6-3f28-4ef0-bd8a-5f3879181151/assignment.json,reports,.json,836
reports/content_packages/sig-identity-test-001/runs/6c3e3ea6-3f28-4ef0-bd8a-5f3879181151/business_strategy.json,reports,.json,17194
reports/content_packages/sig-identity-test-001/runs/6c3e3ea6-3f28-4ef0-bd8a-5f3879181151/editorial_acceptance.json,reports,.json,298
reports/content_packages/sig-identity-test-001/runs/6c3e3ea6-3f28-4ef0-bd8a-5f3879181151/generated.json,reports,.json,1091
reports/content_packages/sig-identity-test-001/runs/6c44cf05-47b6-4681-b519-507ae746d835/business_strategy.json,reports,.json,17194
reports/content_packages/sig-identity-test-001/runs/6c44cf05-47b6-4681-b519-507ae746d835/editorial_acceptance.json,reports,.json,245
reports/content_packages/sig-identity-test-001/runs/6c44cf05-47b6-4681-b519-507ae746d835/generated.json,reports,.json,1091
reports/content_packages/sig-identity-test-001/runs/6c975780-b1bf-47c2-ba18-0845b5aecda3/assignment.json,reports,.json,844
reports/content_packages/sig-identity-test-001/runs/6c975780-b1bf-47c2-ba18-0845b5aecda3/business_strategy.json,reports,.json,17194
reports/content_packages/sig-identity-test-001/runs/6c975780-b1bf-47c2-ba18-0845b5aecda3/editorial_acceptance.json,reports,.json,298
reports/content_packages/sig-identity-test-001/runs/6c975780-b1bf-47c2-ba18-0845b5aecda3/generated.json,reports,.json,1091
reports/content_packages/sig-identity-test-001/runs/6ca4bec6-aaa3-40e5-a373-8b70d0754bea/generated.json,reports,.json,856
reports/content_packages/sig-identity-test-001/runs/6cc8d8ae-c761-43b0-b722-f38ab6e4d0f1/business_strategy.json,reports,.json,17194
reports/content_packages/sig-identity-test-001/runs/6cc8d8ae-c761-43b0-b722-f38ab6e4d0f1/generated.json,reports,.json,1286
reports/content_packages/sig-identity-test-001/runs/6cf58b0c-a2aa-45ce-9b16-8df4234496fc/assignment.json,reports,.json,836
reports/content_packages/sig-identity-test-001/runs/6cf58b0c-a2aa-45ce-9b16-8df4234496fc/business_strategy.json,reports,.json,17194
reports/content_packages/sig-identity-test-001/runs/6cf58b0c-a2aa-45ce-9b16-8df4234496fc/editorial_acceptance.json,reports,.json,298
reports/content_packages/sig-identity-test-001/runs/6cf58b0c-a2aa-45ce-9b16-8df4234496fc/generated.json,reports,.json,1091
reports/content_packages/sig-identity-test-001/runs/6d0b5896-4c22-48b9-8f90-58439538459d/assignment.json,reports,.json,836
reports/content_packages/sig-identity-test-001/runs/6d0b5896-4c22-48b9-8f90-58439538459d/business_strategy.json,reports,.json,17194
reports/content_packages/sig-identity-test-001/runs/6d0b5896-4c22-48b9-8f90-58439538459d/editorial_acceptance.json,reports,.json,298
reports/content_packages/sig-identity-test-001/runs/6d0b5896-4c22-48b9-8f90-58439538459d/generated.json,reports,.json,1091
reports/content_packages/sig-identity-test-001/runs/6d1a27b4-e6aa-4b4f-a515-ae003a877e1c/assignment.json,reports,.json,836
reports/content_packages/sig-identity-test-001/runs/6d1a27b4-e6aa-4b4f-a515-ae003a877e1c/business_strategy.json,reports,.json,17194
reports/content_packages/sig-identity-test-001/runs/6d1a27b4-e6aa-4b4f-a515-ae003a877e1c/editorial_acceptance.json,reports,.json,298
reports/content_packages/sig-identity-test-001/runs/6d1a27b4-e6aa-4b4f-a515-ae003a877e1c/generated.json,reports,.json,1091
reports/content_packages/sig-identity-test-001/runs/6d5c75ae-eb6f-4305-ab89-864ff8d43c8b/assignment.json,reports,.json,836
reports/content_packages/sig-identity-test-001/runs/6d5c75ae-eb6f-4305-ab89-864ff8d43c8b/business_strategy.json,reports,.json,17194
reports/content_packages/sig-identity-test-001/runs/6d5c75ae-eb6f-4305-ab89-864ff8d43c8b/editorial_acceptance.json,reports,.json,298
reports/content_packages/sig-identity-test-001/runs/6d5c75ae-eb6f-4305-ab89-864ff8d43c8b/generated.json,reports,.json,1091
reports/content_packages/sig-identity-test-001/runs/6d9ed29c-994b-480b-aa17-ae438a44c428/assignment.json,reports,.json,836
reports/content_packages/sig-identity-test-001/runs/6d9ed29c-994b-480b-aa17-ae438a44c428/business_strategy.json,reports,.json,17194
reports/content_packages/sig-identity-test-001/runs/6d9f9118-4510-4d76-8928-dd9b8b61bbe1/business_strategy.json,reports,.json,17194
reports/content_packages/sig-identity-test-001/runs/6d9f9118-4510-4d76-8928-dd9b8b61bbe1/editorial_acceptance.json,reports,.json,245
reports/content_packages/sig-identity-test-001/runs/6d9f9118-4510-4d76-8928-dd9b8b61bbe1/generated.json,reports,.json,1091
reports/content_packages/sig-identity-test-001/runs/6daee28e-ea35-4e51-a83d-0c9b93f21fbe/assignment.json,reports,.json,836
reports/content_packages/sig-identity-test-001/runs/6daee28e-ea35-4e51-a83d-0c9b93f21fbe/business_strategy.json,reports,.json,17194
reports/content_packages/sig-identity-test-001/runs/6daee28e-ea35-4e51-a83d-0c9b93f21fbe/editorial_acceptance.json,reports,.json,298
reports/content_packages/sig-identity-test-001/runs/6daee28e-ea35-4e51-a83d-0c9b93f21fbe/generated.json,reports,.json,1091
reports/content_packages/sig-identity-test-001/runs/6dd6217e-5562-4f25-80af-e5339f1115ce/assignment.json,reports,.json,836
reports/content_packages/sig-identity-test-001/runs/6dd6217e-5562-4f25-80af-e5339f1115ce/business_strategy.json,reports,.json,17194
reports/content_packages/sig-identity-test-001/runs/6dd6217e-5562-4f25-80af-e5339f1115ce/editorial_acceptance.json,reports,.json,298
reports/content_packages/sig-identity-test-001/runs/6dd6217e-5562-4f25-80af-e5339f1115ce/generated.json,reports,.json,1091
reports/content_packages/sig-identity-test-001/runs/6deef7b6-75c2-4570-917c-a054ad4fb591/assignment.json,reports,.json,836
reports/content_packages/sig-identity-test-001/runs/6deef7b6-75c2-4570-917c-a054ad4fb591/business_strategy.json,reports,.json,17194
reports/content_packages/sig-identity-test-001/runs/6deef7b6-75c2-4570-917c-a054ad4fb591/editorial_acceptance.json,reports,.json,298
reports/content_packages/sig-identity-test-001/runs/6deef7b6-75c2-4570-917c-a054ad4fb591/generated.json,reports,.json,1091
reports/content_packages/sig-identity-test-001/runs/6e0c50f2-d2bd-45ef-92a6-d0f8878d5cd3/assignment.json,reports,.json,836
reports/content_packages/sig-identity-test-001/runs/6e0c50f2-d2bd-45ef-92a6-d0f8878d5cd3/business_strategy.json,reports,.json,17194
reports/content_packages/sig-identity-test-001/runs/6e159b33-6c91-46bd-a97c-6e7ea4ba86ab/generated.json,reports,.json,856
reports/content_packages/sig-identity-test-001/runs/6e67299d-8d0e-4b30-b83a-6a9e689c31d9/generated.json,reports,.json,856
reports/content_packages/sig-identity-test-001/runs/6e96e1d3-7559-4dea-898b-fc9b8b8f080d/business_strategy.json,reports,.json,17194
reports/content_packages/sig-identity-test-001/runs/6ee6303b-f452-403b-9da4-8532fa52e7d0/business_strategy.json,reports,.json,17194
reports/content_packages/sig-identity-test-001/runs/6eeddb5a-2e37-46fe-b6e4-9deb652c687a/business_strategy.json,reports,.json,17194
reports/content_packages/sig-identity-test-001/runs/6eeddb5a-2e37-46fe-b6e4-9deb652c687a/generated.json,reports,.json,1091
reports/content_packages/sig-identity-test-001/runs/6f114809-8a0b-4e91-9b0c-0577886524ed/business_strategy.json,reports,.json,17194
reports/content_packages/sig-identity-test-001/runs/6f114809-8a0b-4e91-9b0c-0577886524ed/editorial_acceptance.json,reports,.json,245
reports/content_packages/sig-identity-test-001/runs/6f114809-8a0b-4e91-9b0c-0577886524ed/generated.json,reports,.json,1091
reports/content_packages/sig-identity-test-001/runs/6f47f05f-ffb5-44a0-a014-affeda7f456b/assignment.json,reports,.json,844
reports/content_packages/sig-identity-test-001/runs/6f47f05f-ffb5-44a0-a014-affeda7f456b/business_strategy.json,reports,.json,17194
reports/content_packages/sig-identity-test-001/runs/6f47f05f-ffb5-44a0-a014-affeda7f456b/editorial_acceptance.json,reports,.json,298
reports/content_packages/sig-identity-test-001/runs/6f47f05f-ffb5-44a0-a014-affeda7f456b/generated.json,reports,.json,1091
reports/content_packages/sig-identity-test-001/runs/6f81ced9-ab65-4604-9f33-f5ecd1d4b3f9/generated.json,reports,.json,856
reports/content_packages/sig-identity-test-001/runs/6fa0fd61-b149-4e88-9672-c8cf96d0f71e/generated.json,reports,.json,990
reports/content_packages/sig-identity-test-001/runs/6fea0b2f-9461-4e39-80db-e8e47ed676fd/assignment.json,reports,.json,836
reports/content_packages/sig-identity-test-001/runs/6fea0b2f-9461-4e39-80db-e8e47ed676fd/business_strategy.json,reports,.json,17194
reports/content_packages/sig-identity-test-001/runs/6fea0b2f-9461-4e39-80db-e8e47ed676fd/editorial_acceptance.json,reports,.json,298
reports/content_packages/sig-identity-test-001/runs/6fea0b2f-9461-4e39-80db-e8e47ed676fd/generated.json,reports,.json,1091
reports/content_packages/sig-identity-test-001/runs/700162e8-df07-4786-bc13-58167e29363f/business_strategy.json,reports,.json,17194
reports/content_packages/sig-identity-test-001/runs/700162e8-df07-4786-bc13-58167e29363f/generated.json,reports,.json,1091
reports/content_packages/sig-identity-test-001/runs/70744bfe-52c6-4a2a-bb62-1e07efe52b65/business_strategy.json,reports,.json,17194
reports/content_packages/sig-identity-test-001/runs/70744bfe-52c6-4a2a-bb62-1e07efe52b65/generated.json,reports,.json,1091
reports/content_packages/sig-identity-test-001/runs/70f233f0-abdb-4dfd-a9cc-9d216cc957ed/business_strategy.json,reports,.json,17194
reports/content_packages/sig-identity-test-001/runs/70f233f0-abdb-4dfd-a9cc-9d216cc957ed/generated.json,reports,.json,1091
reports/content_packages/sig-identity-test-001/runs/7124b29a-8d21-4e5b-a0de-b21ca2607e3c/assignment.json,reports,.json,836
reports/content_packages/sig-identity-test-001/runs/7124b29a-8d21-4e5b-a0de-b21ca2607e3c/business_strategy.json,reports,.json,17194
reports/content_packages/sig-identity-test-001/runs/7124b29a-8d21-4e5b-a0de-b21ca2607e3c/editorial_acceptance.json,reports,.json,298
reports/content_packages/sig-identity-test-001/runs/7124b29a-8d21-4e5b-a0de-b21ca2607e3c/generated.json,reports,.json,1091
reports/content_packages/sig-identity-test-001/runs/7144d40d-2914-4eff-8379-d4f1ebe9c670/assignment.json,reports,.json,844
reports/content_packages/sig-identity-test-001/runs/7144d40d-2914-4eff-8379-d4f1ebe9c670/business_strategy.json,reports,.json,17194
reports/content_packages/sig-identity-test-001/runs/7144d40d-2914-4eff-8379-d4f1ebe9c670/editorial_acceptance.json,reports,.json,298
reports/content_packages/sig-identity-test-001/runs/7144d40d-2914-4eff-8379-d4f1ebe9c670/generated.json,reports,.json,1091
reports/content_packages/sig-identity-test-001/runs/7153b067-a1a4-445f-a7f0-99eb05991534/business_strategy.json,reports,.json,17194
reports/content_packages/sig-identity-test-001/runs/7153b067-a1a4-445f-a7f0-99eb05991534/generated.json,reports,.json,1091
reports/content_packages/sig-identity-test-001/runs/716ffbcf-3f00-4bf8-a23b-fa5c25b2c746/assignment.json,reports,.json,836
reports/content_packages/sig-identity-test-001/runs/716ffbcf-3f00-4bf8-a23b-fa5c25b2c746/business_strategy.json,reports,.json,17194
reports/content_packages/sig-identity-test-001/runs/716ffbcf-3f00-4bf8-a23b-fa5c25b2c746/editorial_acceptance.json,reports,.json,298
reports/content_packages/sig-identity-test-001/runs/716ffbcf-3f00-4bf8-a23b-fa5c25b2c746/generated.json,reports,.json,1091
reports/content_packages/sig-identity-test-001/runs/719d556f-04f1-4063-a06b-5eafc46104d9/business_strategy.json,reports,.json,17194
reports/content_packages/sig-identity-test-001/runs/720575dc-37e3-4885-ad43-d7a935d456c5/assignment.json,reports,.json,836
reports/content_packages/sig-identity-test-001/runs/720575dc-37e3-4885-ad43-d7a935d456c5/business_strategy.json,reports,.json,17194
reports/content_packages/sig-identity-test-001/runs/7235293b-8b5e-422e-8c6a-8ac036290736/assignment.json,reports,.json,836
reports/content_packages/sig-identity-test-001/runs/7235293b-8b5e-422e-8c6a-8ac036290736/business_strategy.json,reports,.json,17194
reports/content_packages/sig-identity-test-001/runs/7235293b-8b5e-422e-8c6a-8ac036290736/editorial_acceptance.json,reports,.json,298
reports/content_packages/sig-identity-test-001/runs/7235293b-8b5e-422e-8c6a-8ac036290736/generated.json,reports,.json,1091
reports/content_packages/sig-identity-test-001/runs/723857a1-86a7-4003-b4c0-4c7da8669643/business_strategy.json,reports,.json,17194
reports/content_packages/sig-identity-test-001/runs/726127a3-c2fb-4dd6-8103-75bdab07ffb5/assignment.json,reports,.json,836
reports/content_packages/sig-identity-test-001/runs/726127a3-c2fb-4dd6-8103-75bdab07ffb5/business_strategy.json,reports,.json,17194
reports/content_packages/sig-identity-test-001/runs/726127a3-c2fb-4dd6-8103-75bdab07ffb5/editorial_acceptance.json,reports,.json,298
reports/content_packages/sig-identity-test-001/runs/726127a3-c2fb-4dd6-8103-75bdab07ffb5/generated.json,reports,.json,1091
reports/content_packages/sig-identity-test-001/runs/7275ff65-bb6d-4ef9-9564-282e17505c06/generated.json,reports,.json,856
reports/content_packages/sig-identity-test-001/runs/72fcfa4d-ac4e-40a3-9cdd-f9a87a589a3d/business_strategy.json,reports,.json,17194
reports/content_packages/sig-identity-test-001/runs/72fcfa4d-ac4e-40a3-9cdd-f9a87a589a3d/generated.json,reports,.json,1091
reports/content_packages/sig-identity-test-001/runs/73185766-6182-404c-baa4-aa420058b8ad/business_strategy.json,reports,.json,17194
reports/content_packages/sig-identity-test-001/runs/73185766-6182-404c-baa4-aa420058b8ad/generated.json,reports,.json,1091
reports/content_packages/sig-identity-test-001/runs/738c43ff-dc83-4893-8d82-0265b071878c/assignment.json,reports,.json,836
reports/content_packages/sig-identity-test-001/runs/738c43ff-dc83-4893-8d82-0265b071878c/business_strategy.json,reports,.json,17194
reports/content_packages/sig-identity-test-001/runs/738c43ff-dc83-4893-8d82-0265b071878c/editorial_acceptance.json,reports,.json,298
reports/content_packages/sig-identity-test-001/runs/738c43ff-dc83-4893-8d82-0265b071878c/generated.json,reports,.json,1091
reports/content_packages/sig-identity-test-001/runs/738f3c5e-6fa9-4949-93a9-d3c22ef4018e/business_strategy.json,reports,.json,17194
reports/content_packages/sig-identity-test-001/runs/738f3c5e-6fa9-4949-93a9-d3c22ef4018e/editorial_acceptance.json,reports,.json,245
reports/content_packages/sig-identity-test-001/runs/738f3c5e-6fa9-4949-93a9-d3c22ef4018e/generated.json,reports,.json,1091
reports/content_packages/sig-identity-test-001/runs/73cb5777-1dce-4623-9892-3c966d75368b/assignment.json,reports,.json,836
reports/content_packages/sig-identity-test-001/runs/73cb5777-1dce-4623-9892-3c966d75368b/business_strategy.json,reports,.json,17194
reports/content_packages/sig-identity-test-001/runs/73cb5777-1dce-4623-9892-3c966d75368b/editorial_acceptance.json,reports,.json,298
reports/content_packages/sig-identity-test-001/runs/73cb5777-1dce-4623-9892-3c966d75368b/generated.json,reports,.json,1091
reports/content_packages/sig-identity-test-001/runs/740f9f40-c4f1-478f-b2b0-3c5f529114f4/business_strategy.json,reports,.json,17194
reports/content_packages/sig-identity-test-001/runs/740f9f40-c4f1-478f-b2b0-3c5f529114f4/generated.json,reports,.json,1091
reports/content_packages/sig-identity-test-001/runs/7411233b-0723-45c4-b7b6-35a340852840/assignment.json,reports,.json,836
reports/content_packages/sig-identity-test-001/runs/7411233b-0723-45c4-b7b6-35a340852840/business_strategy.json,reports,.json,17194
reports/content_packages/sig-identity-test-001/runs/7411233b-0723-45c4-b7b6-35a340852840/editorial_acceptance.json,reports,.json,298
reports/content_packages/sig-identity-test-001/runs/7411233b-0723-45c4-b7b6-35a340852840/generated.json,reports,.json,1091
reports/content_packages/sig-identity-test-001/runs/7415979e-8150-4cc0-955c-6eeae72726b2/assignment.json,reports,.json,836
reports/content_packages/sig-identity-test-001/runs/7415979e-8150-4cc0-955c-6eeae72726b2/business_strategy.json,reports,.json,17194
reports/content_packages/sig-identity-test-001/runs/7415979e-8150-4cc0-955c-6eeae72726b2/editorial_acceptance.json,reports,.json,298
reports/content_packages/sig-identity-test-001/runs/7415979e-8150-4cc0-955c-6eeae72726b2/generated.json,reports,.json,1091
reports/content_packages/sig-identity-test-001/runs/7442f2b4-6655-45b0-96d7-7ed98e0d90b6/generated.json,reports,.json,856
reports/content_packages/sig-identity-test-001/runs/7452648c-f7b5-45d8-8e89-142f0f4daf0a/business_strategy.json,reports,.json,17194
reports/content_packages/sig-identity-test-001/runs/747bfb42-7dcb-4629-b1fb-db5fb24b5f7a/generated.json,reports,.json,856
reports/content_packages/sig-identity-test-001/runs/74898fe5-5647-4209-8b7e-dbfd6f125a60/business_strategy.json,reports,.json,17194
reports/content_packages/sig-identity-test-001/runs/74898fe5-5647-4209-8b7e-dbfd6f125a60/editorial_acceptance.json,reports,.json,245
reports/content_packages/sig-identity-test-001/runs/74898fe5-5647-4209-8b7e-dbfd6f125a60/generated.json,reports,.json,1091
reports/content_packages/sig-identity-test-001/runs/7492e807-b022-4a0a-92aa-f4c5b730dbd8/assignment.json,reports,.json,836
reports/content_packages/sig-identity-test-001/runs/7492e807-b022-4a0a-92aa-f4c5b730dbd8/business_strategy.json,reports,.json,17194
reports/content_packages/sig-identity-test-001/runs/7492e807-b022-4a0a-92aa-f4c5b730dbd8/editorial_acceptance.json,reports,.json,298
reports/content_packages/sig-identity-test-001/runs/7492e807-b022-4a0a-92aa-f4c5b730dbd8/generated.json,reports,.json,1091
reports/content_packages/sig-identity-test-001/runs/74a99f8b-5b68-4636-8061-ffc6fc78d83e/business_strategy.json,reports,.json,17194
reports/content_packages/sig-identity-test-001/runs/74a99f8b-5b68-4636-8061-ffc6fc78d83e/editorial_acceptance.json,reports,.json,245
reports/content_packages/sig-identity-test-001/runs/74a99f8b-5b68-4636-8061-ffc6fc78d83e/generated.json,reports,.json,1091
reports/content_packages/sig-identity-test-001/runs/751abdea-9a99-4e7b-847e-d34164176987/generated.json,reports,.json,856
reports/content_packages/sig-identity-test-001/runs/75882b8a-0cc8-4ccb-97f8-8d9ef4ff046a/business_strategy.json,reports,.json,17194
reports/content_packages/sig-identity-test-001/runs/75882b8a-0cc8-4ccb-97f8-8d9ef4ff046a/editorial_acceptance.json,reports,.json,245
reports/content_packages/sig-identity-test-001/runs/75882b8a-0cc8-4ccb-97f8-8d9ef4ff046a/generated.json,reports,.json,1091
reports/content_packages/sig-identity-test-001/runs/75e0a123-7037-466e-aee4-a1d6e99537dc/assignment.json,reports,.json,844
reports/content_packages/sig-identity-test-001/runs/75e0a123-7037-466e-aee4-a1d6e99537dc/business_strategy.json,reports,.json,17194
reports/content_packages/sig-identity-test-001/runs/75e0a123-7037-466e-aee4-a1d6e99537dc/editorial_acceptance.json,reports,.json,298
reports/content_packages/sig-identity-test-001/runs/75e0a123-7037-466e-aee4-a1d6e99537dc/generated.json,reports,.json,1091
reports/content_packages/sig-identity-test-001/runs/763fa8f1-3c22-4e1b-b212-a2120ad635ba/business_strategy.json,reports,.json,17194
reports/content_packages/sig-identity-test-001/runs/763fa8f1-3c22-4e1b-b212-a2120ad635ba/generated.json,reports,.json,1091
reports/content_packages/sig-identity-test-001/runs/766d1ea4-3d62-42c0-905a-f635917578a2/assignment.json,reports,.json,836
reports/content_packages/sig-identity-test-001/runs/766d1ea4-3d62-42c0-905a-f635917578a2/business_strategy.json,reports,.json,17194
reports/content_packages/sig-identity-test-001/runs/766d1ea4-3d62-42c0-905a-f635917578a2/editorial_acceptance.json,reports,.json,298
reports/content_packages/sig-identity-test-001/runs/766d1ea4-3d62-42c0-905a-f635917578a2/generated.json,reports,.json,1091
reports/content_packages/sig-identity-test-001/runs/76c27bf0-0289-4ccc-b667-69186688d2a4/assignment.json,reports,.json,836
reports/content_packages/sig-identity-test-001/runs/76c27bf0-0289-4ccc-b667-69186688d2a4/business_strategy.json,reports,.json,17194
reports/content_packages/sig-identity-test-001/runs/76cc9f36-b1b4-4101-95b0-a1a3e12656e3/business_strategy.json,reports,.json,17194
reports/content_packages/sig-identity-test-001/runs/76cc9f36-b1b4-4101-95b0-a1a3e12656e3/editorial_acceptance.json,reports,.json,245
reports/content_packages/sig-identity-test-001/runs/76cc9f36-b1b4-4101-95b0-a1a3e12656e3/generated.json,reports,.json,1091
reports/content_packages/sig-identity-test-001/runs/77275d5f-e14e-4c75-89f5-74060a51ebfc/business_strategy.json,reports,.json,17194
reports/content_packages/sig-identity-test-001/runs/77275d5f-e14e-4c75-89f5-74060a51ebfc/editorial_acceptance.json,reports,.json,245
reports/content_packages/sig-identity-test-001/runs/77275d5f-e14e-4c75-89f5-74060a51ebfc/generated.json,reports,.json,1091
reports/content_packages/sig-identity-test-001/runs/7771beef-89a6-4770-84ae-2cc157d87e2a/business_strategy.json,reports,.json,17194
reports/content_packages/sig-identity-test-001/runs/7771beef-89a6-4770-84ae-2cc157d87e2a/generated.json,reports,.json,1286
reports/content_packages/sig-identity-test-001/runs/77c07dcd-b966-435b-bf5d-9221456add53/business_strategy.json,reports,.json,17194
reports/content_packages/sig-identity-test-001/runs/77c07dcd-b966-435b-bf5d-9221456add53/editorial_acceptance.json,reports,.json,245
reports/content_packages/sig-identity-test-001/runs/77c07dcd-b966-435b-bf5d-9221456add53/generated.json,reports,.json,1091
reports/content_packages/sig-identity-test-001/runs/77cb1055-c10f-4bc5-9e9c-259d4172c91c/assignment.json,reports,.json,836
reports/content_packages/sig-identity-test-001/runs/77cb1055-c10f-4bc5-9e9c-259d4172c91c/business_strategy.json,reports,.json,17194
reports/content_packages/sig-identity-test-001/runs/77cb1055-c10f-4bc5-9e9c-259d4172c91c/editorial_acceptance.json,reports,.json,298
reports/content_packages/sig-identity-test-001/runs/77cb1055-c10f-4bc5-9e9c-259d4172c91c/generated.json,reports,.json,1091
reports/content_packages/sig-identity-test-001/runs/789df019-0bd7-4071-aa72-723447a44609/assignment.json,reports,.json,836
reports/content_packages/sig-identity-test-001/runs/789df019-0bd7-4071-aa72-723447a44609/business_strategy.json,reports,.json,17194
reports/content_packages/sig-identity-test-001/runs/789df019-0bd7-4071-aa72-723447a44609/editorial_acceptance.json,reports,.json,298
reports/content_packages/sig-identity-test-001/runs/789df019-0bd7-4071-aa72-723447a44609/generated.json,reports,.json,1091
reports/content_packages/sig-identity-test-001/runs/78eefd58-57fb-4876-a6ef-93df001e5347/assignment.json,reports,.json,844
reports/content_packages/sig-identity-test-001/runs/78eefd58-57fb-4876-a6ef-93df001e5347/business_strategy.json,reports,.json,17194
reports/content_packages/sig-identity-test-001/runs/78eefd58-57fb-4876-a6ef-93df001e5347/editorial_acceptance.json,reports,.json,298
reports/content_packages/sig-identity-test-001/runs/78eefd58-57fb-4876-a6ef-93df001e5347/generated.json,reports,.json,1091
reports/content_packages/sig-identity-test-001/runs/78f3bfb1-2d6c-49db-ba9b-6b99a4024862/assignment.json,reports,.json,836
reports/content_packages/sig-identity-test-001/runs/78f3bfb1-2d6c-49db-ba9b-6b99a4024862/business_strategy.json,reports,.json,17194
reports/content_packages/sig-identity-test-001/runs/79253c5e-1da2-4908-9008-31ba5a44d57b/business_strategy.json,reports,.json,17194
reports/content_packages/sig-identity-test-001/runs/79253c5e-1da2-4908-9008-31ba5a44d57b/editorial_acceptance.json,reports,.json,245
reports/content_packages/sig-identity-test-001/runs/79253c5e-1da2-4908-9008-31ba5a44d57b/generated.json,reports,.json,1091
reports/content_packages/sig-identity-test-001/runs/79385526-26c5-4867-83b2-512573440c0f/assignment.json,reports,.json,836
reports/content_packages/sig-identity-test-001/runs/79385526-26c5-4867-83b2-512573440c0f/business_strategy.json,reports,.json,17194
reports/content_packages/sig-identity-test-001/runs/79385526-26c5-4867-83b2-512573440c0f/editorial_acceptance.json,reports,.json,298
reports/content_packages/sig-identity-test-001/runs/79385526-26c5-4867-83b2-512573440c0f/generated.json,reports,.json,1091
reports/content_packages/sig-identity-test-001/runs/79425650-cc1b-4209-83db-b133bee0ab6f/assignment.json,reports,.json,836
reports/content_packages/sig-identity-test-001/runs/79425650-cc1b-4209-83db-b133bee0ab6f/business_strategy.json,reports,.json,17194
reports/content_packages/sig-identity-test-001/runs/79425650-cc1b-4209-83db-b133bee0ab6f/editorial_acceptance.json,reports,.json,298
reports/content_packages/sig-identity-test-001/runs/79425650-cc1b-4209-83db-b133bee0ab6f/generated.json,reports,.json,1091
reports/content_packages/sig-identity-test-001/runs/794a7304-b1fb-4d38-aa23-94164035a3ae/generated.json,reports,.json,856
reports/content_packages/sig-identity-test-001/runs/79665c40-b9af-424b-8bb0-38a32096be0b/assignment.json,reports,.json,836
reports/content_packages/sig-identity-test-001/runs/79665c40-b9af-424b-8bb0-38a32096be0b/business_strategy.json,reports,.json,17194
reports/content_packages/sig-identity-test-001/runs/79670af8-e2c6-4e49-86da-7e14c29897cf/assignment.json,reports,.json,836
reports/content_packages/sig-identity-test-001/runs/79670af8-e2c6-4e49-86da-7e14c29897cf/business_strategy.json,reports,.json,17194
reports/content_packages/sig-identity-test-001/runs/79670af8-e2c6-4e49-86da-7e14c29897cf/editorial_acceptance.json,reports,.json,298
reports/content_packages/sig-identity-test-001/runs/79670af8-e2c6-4e49-86da-7e14c29897cf/generated.json,reports,.json,1091
reports/content_packages/sig-identity-test-001/runs/79828b43-de82-4983-839a-84ac38b1f250/assignment.json,reports,.json,836
reports/content_packages/sig-identity-test-001/runs/79828b43-de82-4983-839a-84ac38b1f250/business_strategy.json,reports,.json,17194
reports/content_packages/sig-identity-test-001/runs/79828b43-de82-4983-839a-84ac38b1f250/editorial_acceptance.json,reports,.json,298
reports/content_packages/sig-identity-test-001/runs/79828b43-de82-4983-839a-84ac38b1f250/generated.json,reports,.json,1091
reports/content_packages/sig-identity-test-001/runs/798787fc-8e75-4dec-9559-bda938982358/assignment.json,reports,.json,836
reports/content_packages/sig-identity-test-001/runs/798787fc-8e75-4dec-9559-bda938982358/business_strategy.json,reports,.json,17194
reports/content_packages/sig-identity-test-001/runs/798787fc-8e75-4dec-9559-bda938982358/editorial_acceptance.json,reports,.json,298
reports/content_packages/sig-identity-test-001/runs/798787fc-8e75-4dec-9559-bda938982358/generated.json,reports,.json,1091
reports/content_packages/sig-identity-test-001/runs/798d5fb4-3263-4d8b-80a0-a26d45319674/business_strategy.json,reports,.json,17194
reports/content_packages/sig-identity-test-001/runs/798d5fb4-3263-4d8b-80a0-a26d45319674/generated.json,reports,.json,1091
reports/content_packages/sig-identity-test-001/runs/79f7857a-d5b9-4b73-8df9-b49af80065ae/assignment.json,reports,.json,844
reports/content_packages/sig-identity-test-001/runs/79f7857a-d5b9-4b73-8df9-b49af80065ae/business_strategy.json,reports,.json,17194
reports/content_packages/sig-identity-test-001/runs/79f7857a-d5b9-4b73-8df9-b49af80065ae/editorial_acceptance.json,reports,.json,298
reports/content_packages/sig-identity-test-001/runs/79f7857a-d5b9-4b73-8df9-b49af80065ae/generated.json,reports,.json,1091
reports/content_packages/sig-identity-test-001/runs/79f88e12-d062-4cab-a674-1843578932b8/business_strategy.json,reports,.json,17194
reports/content_packages/sig-identity-test-001/runs/79f88e12-d062-4cab-a674-1843578932b8/editorial_acceptance.json,reports,.json,245
reports/content_packages/sig-identity-test-001/runs/79f88e12-d062-4cab-a674-1843578932b8/generated.json,reports,.json,1091
reports/content_packages/sig-identity-test-001/runs/7a08b070-b1e2-4ea3-b196-ddb85af5f06a/generated.json,reports,.json,856
reports/content_packages/sig-identity-test-001/runs/7a30cf90-f691-477d-93e3-a286604d6cbd/assignment.json,reports,.json,836
reports/content_packages/sig-identity-test-001/runs/7a30cf90-f691-477d-93e3-a286604d6cbd/business_strategy.json,reports,.json,17194
reports/content_packages/sig-identity-test-001/runs/7a30cf90-f691-477d-93e3-a286604d6cbd/editorial_acceptance.json,reports,.json,298
reports/content_packages/sig-identity-test-001/runs/7a30cf90-f691-477d-93e3-a286604d6cbd/generated.json,reports,.json,1091
reports/content_packages/sig-identity-test-001/runs/7aeb20eb-4c3f-4d0c-b67a-96a748af0b82/business_strategy.json,reports,.json,17194
reports/content_packages/sig-identity-test-001/runs/7aeb20eb-4c3f-4d0c-b67a-96a748af0b82/editorial_acceptance.json,reports,.json,245
reports/content_packages/sig-identity-test-001/runs/7aeb20eb-4c3f-4d0c-b67a-96a748af0b82/generated.json,reports,.json,1091
reports/content_packages/sig-identity-test-001/runs/7b2d38e2-dea3-4782-a8dc-e6b10d93cb74/assignment.json,reports,.json,844
reports/content_packages/sig-identity-test-001/runs/7b2d38e2-dea3-4782-a8dc-e6b10d93cb74/business_strategy.json,reports,.json,17194
reports/content_packages/sig-identity-test-001/runs/7b2d38e2-dea3-4782-a8dc-e6b10d93cb74/editorial_acceptance.json,reports,.json,298
reports/content_packages/sig-identity-test-001/runs/7b2d38e2-dea3-4782-a8dc-e6b10d93cb74/generated.json,reports,.json,1091
reports/content_packages/sig-identity-test-001/runs/7b43b5bd-b62f-4676-8dea-6733020d0a51/assignment.json,reports,.json,836
reports/content_packages/sig-identity-test-001/runs/7b43b5bd-b62f-4676-8dea-6733020d0a51/business_strategy.json,reports,.json,17194
reports/content_packages/sig-identity-test-001/runs/7b43b5bd-b62f-4676-8dea-6733020d0a51/editorial_acceptance.json,reports,.json,298
reports/content_packages/sig-identity-test-001/runs/7b43b5bd-b62f-4676-8dea-6733020d0a51/generated.json,reports,.json,1091
reports/content_packages/sig-identity-test-001/runs/7b8b6a24-e9ca-462d-9cd5-80b200990957/business_strategy.json,reports,.json,17194
reports/content_packages/sig-identity-test-001/runs/7bb71c53-e851-4b8e-8c3c-e005bd8bb41b/business_strategy.json,reports,.json,17194
reports/content_packages/sig-identity-test-001/runs/7bb71c53-e851-4b8e-8c3c-e005bd8bb41b/editorial_acceptance.json,reports,.json,245
reports/content_packages/sig-identity-test-001/runs/7bb71c53-e851-4b8e-8c3c-e005bd8bb41b/generated.json,reports,.json,1091
reports/content_packages/sig-identity-test-001/runs/7be35e84-5162-4997-aa8e-dbac5bfa66aa/assignment.json,reports,.json,836
reports/content_packages/sig-identity-test-001/runs/7be35e84-5162-4997-aa8e-dbac5bfa66aa/business_strategy.json,reports,.json,17194
reports/content_packages/sig-identity-test-001/runs/7be35e84-5162-4997-aa8e-dbac5bfa66aa/editorial_acceptance.json,reports,.json,298
reports/content_packages/sig-identity-test-001/runs/7be35e84-5162-4997-aa8e-dbac5bfa66aa/generated.json,reports,.json,1091
reports/content_packages/sig-identity-test-001/runs/7c262ad9-83c9-4c97-bf3c-abf12993e1a4/assignment.json,reports,.json,836
reports/content_packages/sig-identity-test-001/runs/7c262ad9-83c9-4c97-bf3c-abf12993e1a4/business_strategy.json,reports,.json,17194
reports/content_packages/sig-identity-test-001/runs/7c605ce1-219b-4fb6-a308-2898f38831a9/generated.json,reports,.json,856
reports/content_packages/sig-identity-test-001/runs/7c888a53-4786-49bf-a011-64513149b3e2/assignment.json,reports,.json,836
reports/content_packages/sig-identity-test-001/runs/7c888a53-4786-49bf-a011-64513149b3e2/business_strategy.json,reports,.json,17194
reports/content_packages/sig-identity-test-001/runs/7c888a53-4786-49bf-a011-64513149b3e2/editorial_acceptance.json,reports,.json,298
reports/content_packages/sig-identity-test-001/runs/7c888a53-4786-49bf-a011-64513149b3e2/generated.json,reports,.json,1091
reports/content_packages/sig-identity-test-001/runs/7c975327-ecc1-466d-a2cc-eda48e267e6d/business_strategy.json,reports,.json,17194
reports/content_packages/sig-identity-test-001/runs/7c975327-ecc1-466d-a2cc-eda48e267e6d/editorial_acceptance.json,reports,.json,245
reports/content_packages/sig-identity-test-001/runs/7c975327-ecc1-466d-a2cc-eda48e267e6d/generated.json,reports,.json,1091
reports/content_packages/sig-identity-test-001/runs/7cacbddf-086b-4e07-9d23-788439dfd0b7/assignment.json,reports,.json,836
reports/content_packages/sig-identity-test-001/runs/7cacbddf-086b-4e07-9d23-788439dfd0b7/business_strategy.json,reports,.json,17194
reports/content_packages/sig-identity-test-001/runs/7cacbddf-086b-4e07-9d23-788439dfd0b7/editorial_acceptance.json,reports,.json,298
reports/content_packages/sig-identity-test-001/runs/7cacbddf-086b-4e07-9d23-788439dfd0b7/generated.json,reports,.json,1091
reports/content_packages/sig-identity-test-001/runs/7cec279c-7885-44fa-aa7a-d043082c665d/assignment.json,reports,.json,836
reports/content_packages/sig-identity-test-001/runs/7cec279c-7885-44fa-aa7a-d043082c665d/business_strategy.json,reports,.json,17194
reports/content_packages/sig-identity-test-001/runs/7cec279c-7885-44fa-aa7a-d043082c665d/editorial_acceptance.json,reports,.json,298
reports/content_packages/sig-identity-test-001/runs/7cec279c-7885-44fa-aa7a-d043082c665d/generated.json,reports,.json,1091
reports/content_packages/sig-identity-test-001/runs/7cfa48a8-26bb-4a51-a60a-672c5da77907/assignment.json,reports,.json,836
reports/content_packages/sig-identity-test-001/runs/7cfa48a8-26bb-4a51-a60a-672c5da77907/business_strategy.json,reports,.json,17194
reports/content_packages/sig-identity-test-001/runs/7d21ec8a-8eac-42f4-a8c4-32c15dda7ed6/assignment.json,reports,.json,836
reports/content_packages/sig-identity-test-001/runs/7d21ec8a-8eac-42f4-a8c4-32c15dda7ed6/business_strategy.json,reports,.json,17194
reports/content_packages/sig-identity-test-001/runs/7d21ec8a-8eac-42f4-a8c4-32c15dda7ed6/editorial_acceptance.json,reports,.json,298
reports/content_packages/sig-identity-test-001/runs/7d21ec8a-8eac-42f4-a8c4-32c15dda7ed6/generated.json,reports,.json,1091
reports/content_packages/sig-identity-test-001/runs/7da78c2f-f547-46a0-8932-2a4940d2e66d/generated.json,reports,.json,856
reports/content_packages/sig-identity-test-001/runs/7e1d3546-fbf4-4487-af91-15d6f846254f/assignment.json,reports,.json,836
reports/content_packages/sig-identity-test-001/runs/7e1d3546-fbf4-4487-af91-15d6f846254f/business_strategy.json,reports,.json,17194
reports/content_packages/sig-identity-test-001/runs/7e365c87-07ea-4fbd-9e3f-74deabd1b6bf/assignment.json,reports,.json,836
reports/content_packages/sig-identity-test-001/runs/7e365c87-07ea-4fbd-9e3f-74deabd1b6bf/business_strategy.json,reports,.json,17194
reports/content_packages/sig-identity-test-001/runs/7e365c87-07ea-4fbd-9e3f-74deabd1b6bf/editorial_acceptance.json,reports,.json,298
reports/content_packages/sig-identity-test-001/runs/7e365c87-07ea-4fbd-9e3f-74deabd1b6bf/generated.json,reports,.json,1091
reports/content_packages/sig-identity-test-001/runs/7e3cd239-8d12-4d19-bf92-75ad5bf66254/business_strategy.json,reports,.json,17194
reports/content_packages/sig-identity-test-001/runs/7e4291b4-1f13-49dd-a331-505894c05445/assignment.json,reports,.json,836
reports/content_packages/sig-identity-test-001/runs/7e4291b4-1f13-49dd-a331-505894c05445/business_strategy.json,reports,.json,17194
reports/content_packages/sig-identity-test-001/runs/7e4291b4-1f13-49dd-a331-505894c05445/editorial_acceptance.json,reports,.json,298
reports/content_packages/sig-identity-test-001/runs/7e4291b4-1f13-49dd-a331-505894c05445/generated.json,reports,.json,1091
reports/content_packages/sig-identity-test-001/runs/7e4cad91-b053-49da-be0b-18fc8beafab3/assignment.json,reports,.json,836
reports/content_packages/sig-identity-test-001/runs/7e4cad91-b053-49da-be0b-18fc8beafab3/business_strategy.json,reports,.json,17194
reports/content_packages/sig-identity-test-001/runs/7e4cad91-b053-49da-be0b-18fc8beafab3/editorial_acceptance.json,reports,.json,298
reports/content_packages/sig-identity-test-001/runs/7e4cad91-b053-49da-be0b-18fc8beafab3/generated.json,reports,.json,1091
reports/content_packages/sig-identity-test-001/runs/7e9b1b63-b204-43cf-af70-a5788f81cd96/business_strategy.json,reports,.json,17194
reports/content_packages/sig-identity-test-001/runs/7eb4d0c2-ac03-437d-b3fe-6638a689cb4e/assignment.json,reports,.json,836
reports/content_packages/sig-identity-test-001/runs/7eb4d0c2-ac03-437d-b3fe-6638a689cb4e/business_strategy.json,reports,.json,17194
reports/content_packages/sig-identity-test-001/runs/7eb4d0c2-ac03-437d-b3fe-6638a689cb4e/editorial_acceptance.json,reports,.json,298
reports/content_packages/sig-identity-test-001/runs/7eb4d0c2-ac03-437d-b3fe-6638a689cb4e/generated.json,reports,.json,1091
reports/content_packages/sig-identity-test-001/runs/7ee8107d-6103-4832-a3fb-ee0a3e9e1699/business_strategy.json,reports,.json,17194
reports/content_packages/sig-identity-test-001/runs/7ee8107d-6103-4832-a3fb-ee0a3e9e1699/generated.json,reports,.json,1091
reports/content_packages/sig-identity-test-001/runs/7f1ff0e5-23c6-4e8d-80cd-95403dfe5976/business_strategy.json,reports,.json,17194
reports/content_packages/sig-identity-test-001/runs/7f1ff0e5-23c6-4e8d-80cd-95403dfe5976/generated.json,reports,.json,1091
reports/content_packages/sig-identity-test-001/runs/7f31e4c4-3238-4e85-a11b-eb11f0536858/assignment.json,reports,.json,836
reports/content_packages/sig-identity-test-001/runs/7f31e4c4-3238-4e85-a11b-eb11f0536858/business_strategy.json,reports,.json,17194
reports/content_packages/sig-identity-test-001/runs/7f31e4c4-3238-4e85-a11b-eb11f0536858/editorial_acceptance.json,reports,.json,298
reports/content_packages/sig-identity-test-001/runs/7f31e4c4-3238-4e85-a11b-eb11f0536858/generated.json,reports,.json,1091
reports/content_packages/sig-identity-test-001/runs/7f57c96c-c0b8-481d-8ac5-a99154742a8f/business_strategy.json,reports,.json,17194
reports/content_packages/sig-identity-test-001/runs/7f57c96c-c0b8-481d-8ac5-a99154742a8f/generated.json,reports,.json,1091
reports/content_packages/sig-identity-test-001/runs/7f95f01f-78df-40e9-b731-6b06d39dc49a/assignment.json,reports,.json,844
reports/content_packages/sig-identity-test-001/runs/7f95f01f-78df-40e9-b731-6b06d39dc49a/business_strategy.json,reports,.json,17194
reports/content_packages/sig-identity-test-001/runs/7f95f01f-78df-40e9-b731-6b06d39dc49a/editorial_acceptance.json,reports,.json,298
reports/content_packages/sig-identity-test-001/runs/7f95f01f-78df-40e9-b731-6b06d39dc49a/generated.json,reports,.json,1091
reports/content_packages/sig-identity-test-001/runs/802ff656-274b-4795-8be1-52f26a1e8b6b/business_strategy.json,reports,.json,17194
reports/content_packages/sig-identity-test-001/runs/802ff656-274b-4795-8be1-52f26a1e8b6b/generated.json,reports,.json,1091
reports/content_packages/sig-identity-test-001/runs/8062eb6b-bb24-4c8d-8bb5-7fbcc2bffd09/assignment.json,reports,.json,836
reports/content_packages/sig-identity-test-001/runs/8062eb6b-bb24-4c8d-8bb5-7fbcc2bffd09/business_strategy.json,reports,.json,17194
reports/content_packages/sig-identity-test-001/runs/8062eb6b-bb24-4c8d-8bb5-7fbcc2bffd09/editorial_acceptance.json,reports,.json,298
reports/content_packages/sig-identity-test-001/runs/8062eb6b-bb24-4c8d-8bb5-7fbcc2bffd09/generated.json,reports,.json,1091
reports/content_packages/sig-identity-test-001/runs/80d7f2cf-ff03-4f7b-a3c2-c67ff73c3e4e/business_strategy.json,reports,.json,17194
reports/content_packages/sig-identity-test-001/runs/81486cd7-aecc-4a40-a857-43415cdfafe5/assignment.json,reports,.json,844
reports/content_packages/sig-identity-test-001/runs/81486cd7-aecc-4a40-a857-43415cdfafe5/business_strategy.json,reports,.json,17194
reports/content_packages/sig-identity-test-001/runs/81486cd7-aecc-4a40-a857-43415cdfafe5/editorial_acceptance.json,reports,.json,298
reports/content_packages/sig-identity-test-001/runs/81486cd7-aecc-4a40-a857-43415cdfafe5/generated.json,reports,.json,1091
reports/content_packages/sig-identity-test-001/runs/81c336eb-36d1-4ea3-bb93-80fc7857233f/assignment.json,reports,.json,836
reports/content_packages/sig-identity-test-001/runs/81c336eb-36d1-4ea3-bb93-80fc7857233f/business_strategy.json,reports,.json,17194
reports/content_packages/sig-identity-test-001/runs/81c336eb-36d1-4ea3-bb93-80fc7857233f/editorial_acceptance.json,reports,.json,298
reports/content_packages/sig-identity-test-001/runs/81c336eb-36d1-4ea3-bb93-80fc7857233f/generated.json,reports,.json,1091
reports/content_packages/sig-identity-test-001/runs/81d8aa8e-8877-456d-aa4f-161a486c839f/business_strategy.json,reports,.json,17194
reports/content_packages/sig-identity-test-001/runs/81d8aa8e-8877-456d-aa4f-161a486c839f/generated.json,reports,.json,1091
reports/content_packages/sig-identity-test-001/runs/81e27b21-cb04-4922-b85b-9b3d2492bcb6/generated.json,reports,.json,856
reports/content_packages/sig-identity-test-001/runs/81fbc23b-39e4-4f49-884a-197fc5c9bebe/assignment.json,reports,.json,836
reports/content_packages/sig-identity-test-001/runs/81fbc23b-39e4-4f49-884a-197fc5c9bebe/business_strategy.json,reports,.json,17194
reports/content_packages/sig-identity-test-001/runs/81fbc23b-39e4-4f49-884a-197fc5c9bebe/editorial_acceptance.json,reports,.json,298
reports/content_packages/sig-identity-test-001/runs/81fbc23b-39e4-4f49-884a-197fc5c9bebe/generated.json,reports,.json,1091
reports/content_packages/sig-identity-test-001/runs/8226957b-2383-49e0-8a99-5a2e7ac07b81/assignment.json,reports,.json,844
reports/content_packages/sig-identity-test-001/runs/8226957b-2383-49e0-8a99-5a2e7ac07b81/business_strategy.json,reports,.json,17194
reports/content_packages/sig-identity-test-001/runs/8226957b-2383-49e0-8a99-5a2e7ac07b81/editorial_acceptance.json,reports,.json,298
reports/content_packages/sig-identity-test-001/runs/8226957b-2383-49e0-8a99-5a2e7ac07b81/generated.json,reports,.json,1091
reports/content_packages/sig-identity-test-001/runs/8242ee30-1e5c-4827-bcb8-ce47646469ee/assignment.json,reports,.json,836
reports/content_packages/sig-identity-test-001/runs/8242ee30-1e5c-4827-bcb8-ce47646469ee/business_strategy.json,reports,.json,17194
reports/content_packages/sig-identity-test-001/runs/8258e889-e09c-46da-a7b9-45b0a622ca13/assignment.json,reports,.json,844
reports/content_packages/sig-identity-test-001/runs/8258e889-e09c-46da-a7b9-45b0a622ca13/business_strategy.json,reports,.json,17194
reports/content_packages/sig-identity-test-001/runs/8258e889-e09c-46da-a7b9-45b0a622ca13/editorial_acceptance.json,reports,.json,298
reports/content_packages/sig-identity-test-001/runs/8258e889-e09c-46da-a7b9-45b0a622ca13/generated.json,reports,.json,1091
reports/content_packages/sig-identity-test-001/runs/825d402b-5c16-4d8b-ab53-d20c382a858e/assignment.json,reports,.json,844
reports/content_packages/sig-identity-test-001/runs/825d402b-5c16-4d8b-ab53-d20c382a858e/business_strategy.json,reports,.json,17194
reports/content_packages/sig-identity-test-001/runs/825d402b-5c16-4d8b-ab53-d20c382a858e/editorial_acceptance.json,reports,.json,298
reports/content_packages/sig-identity-test-001/runs/825d402b-5c16-4d8b-ab53-d20c382a858e/generated.json,reports,.json,1091
reports/content_packages/sig-identity-test-001/runs/8293c53d-953d-4648-b48f-34be8110315b/assignment.json,reports,.json,836
reports/content_packages/sig-identity-test-001/runs/8293c53d-953d-4648-b48f-34be8110315b/business_strategy.json,reports,.json,17194
reports/content_packages/sig-identity-test-001/runs/8293c53d-953d-4648-b48f-34be8110315b/editorial_acceptance.json,reports,.json,298
reports/content_packages/sig-identity-test-001/runs/8293c53d-953d-4648-b48f-34be8110315b/generated.json,reports,.json,1091
reports/content_packages/sig-identity-test-001/runs/82d75f66-9f9f-4f86-a862-3d3b163d7d2a/assignment.json,reports,.json,836
reports/content_packages/sig-identity-test-001/runs/82d75f66-9f9f-4f86-a862-3d3b163d7d2a/business_strategy.json,reports,.json,17194
reports/content_packages/sig-identity-test-001/runs/82d75f66-9f9f-4f86-a862-3d3b163d7d2a/editorial_acceptance.json,reports,.json,298
reports/content_packages/sig-identity-test-001/runs/82d75f66-9f9f-4f86-a862-3d3b163d7d2a/generated.json,reports,.json,1091
reports/content_packages/sig-identity-test-001/runs/83040514-f340-4875-b3a3-9edfaa2ed54e/assignment.json,reports,.json,836
reports/content_packages/sig-identity-test-001/runs/83040514-f340-4875-b3a3-9edfaa2ed54e/business_strategy.json,reports,.json,17194
reports/content_packages/sig-identity-test-001/runs/83040514-f340-4875-b3a3-9edfaa2ed54e/editorial_acceptance.json,reports,.json,298
reports/content_packages/sig-identity-test-001/runs/83040514-f340-4875-b3a3-9edfaa2ed54e/generated.json,reports,.json,1091
reports/content_packages/sig-identity-test-001/runs/838569df-f056-4d45-991f-31e01a0b59f2/business_strategy.json,reports,.json,17194
reports/content_packages/sig-identity-test-001/runs/838569df-f056-4d45-991f-31e01a0b59f2/editorial_acceptance.json,reports,.json,245
reports/content_packages/sig-identity-test-001/runs/838569df-f056-4d45-991f-31e01a0b59f2/generated.json,reports,.json,1091
reports/content_packages/sig-identity-test-001/runs/83890be5-a45d-4f2e-b09e-d221a5a7aba4/business_strategy.json,reports,.json,17194
reports/content_packages/sig-identity-test-001/runs/83890be5-a45d-4f2e-b09e-d221a5a7aba4/editorial_acceptance.json,reports,.json,245
reports/content_packages/sig-identity-test-001/runs/83890be5-a45d-4f2e-b09e-d221a5a7aba4/generated.json,reports,.json,1091
reports/content_packages/sig-identity-test-001/runs/839fad09-a3ea-4dab-b6b1-1d21a11c1d3a/business_strategy.json,reports,.json,17194
reports/content_packages/sig-identity-test-001/runs/83e74ae4-05e9-40a8-847a-9e8ab470f369/assignment.json,reports,.json,836
reports/content_packages/sig-identity-test-001/runs/83e74ae4-05e9-40a8-847a-9e8ab470f369/business_strategy.json,reports,.json,17194
reports/content_packages/sig-identity-test-001/runs/83e74ae4-05e9-40a8-847a-9e8ab470f369/editorial_acceptance.json,reports,.json,298
reports/content_packages/sig-identity-test-001/runs/83e74ae4-05e9-40a8-847a-9e8ab470f369/generated.json,reports,.json,1091
reports/content_packages/sig-identity-test-001/runs/84138225-5942-466e-ac2c-f2a20cd51aae/assignment.json,reports,.json,836
reports/content_packages/sig-identity-test-001/runs/84138225-5942-466e-ac2c-f2a20cd51aae/business_strategy.json,reports,.json,17194
reports/content_packages/sig-identity-test-001/runs/84138225-5942-466e-ac2c-f2a20cd51aae/editorial_acceptance.json,reports,.json,298
reports/content_packages/sig-identity-test-001/runs/84138225-5942-466e-ac2c-f2a20cd51aae/generated.json,reports,.json,1091
reports/content_packages/sig-identity-test-001/runs/8421e14a-5180-4161-875b-8924b5f51405/assignment.json,reports,.json,844
reports/content_packages/sig-identity-test-001/runs/8421e14a-5180-4161-875b-8924b5f51405/business_strategy.json,reports,.json,17194
reports/content_packages/sig-identity-test-001/runs/8421e14a-5180-4161-875b-8924b5f51405/editorial_acceptance.json,reports,.json,298
reports/content_packages/sig-identity-test-001/runs/8421e14a-5180-4161-875b-8924b5f51405/generated.json,reports,.json,1091
reports/content_packages/sig-identity-test-001/runs/846144a0-7ed7-419b-b308-194c9cd9fcfb/business_strategy.json,reports,.json,17194
reports/content_packages/sig-identity-test-001/runs/846144a0-7ed7-419b-b308-194c9cd9fcfb/generated.json,reports,.json,1091
reports/content_packages/sig-identity-test-001/runs/848900b3-e713-4f17-9bab-218882c549ac/generated.json,reports,.json,856
reports/content_packages/sig-identity-test-001/runs/84a108ae-f9b3-43eb-bfbb-3c6ccc0c0012/assignment.json,reports,.json,836
reports/content_packages/sig-identity-test-001/runs/84a108ae-f9b3-43eb-bfbb-3c6ccc0c0012/business_strategy.json,reports,.json,17194
reports/content_packages/sig-identity-test-001/runs/84a108ae-f9b3-43eb-bfbb-3c6ccc0c0012/editorial_acceptance.json,reports,.json,298
reports/content_packages/sig-identity-test-001/runs/84a108ae-f9b3-43eb-bfbb-3c6ccc0c0012/generated.json,reports,.json,1091
reports/content_packages/sig-identity-test-001/runs/84b4e27f-e49d-4118-82e2-daac975885ab/business_strategy.json,reports,.json,17194
reports/content_packages/sig-identity-test-001/runs/84b4e27f-e49d-4118-82e2-daac975885ab/editorial_acceptance.json,reports,.json,245
reports/content_packages/sig-identity-test-001/runs/84b4e27f-e49d-4118-82e2-daac975885ab/generated.json,reports,.json,1091
reports/content_packages/sig-identity-test-001/runs/8556146b-6030-49d7-9558-b0b97bc3538d/business_strategy.json,reports,.json,17194
reports/content_packages/sig-identity-test-001/runs/8556146b-6030-49d7-9558-b0b97bc3538d/editorial_acceptance.json,reports,.json,245
reports/content_packages/sig-identity-test-001/runs/8556146b-6030-49d7-9558-b0b97bc3538d/generated.json,reports,.json,1091
reports/content_packages/sig-identity-test-001/runs/857fac6e-e350-48e1-98ea-91c1d053504e/assignment.json,reports,.json,836
reports/content_packages/sig-identity-test-001/runs/857fac6e-e350-48e1-98ea-91c1d053504e/business_strategy.json,reports,.json,17194
reports/content_packages/sig-identity-test-001/runs/857fac6e-e350-48e1-98ea-91c1d053504e/editorial_acceptance.json,reports,.json,298
reports/content_packages/sig-identity-test-001/runs/857fac6e-e350-48e1-98ea-91c1d053504e/generated.json,reports,.json,1091
reports/content_packages/sig-identity-test-001/runs/862b0591-e2d4-4b4a-af81-f632b47d3927/assignment.json,reports,.json,836
reports/content_packages/sig-identity-test-001/runs/862b0591-e2d4-4b4a-af81-f632b47d3927/business_strategy.json,reports,.json,17194
reports/content_packages/sig-identity-test-001/runs/862b0591-e2d4-4b4a-af81-f632b47d3927/editorial_acceptance.json,reports,.json,298
reports/content_packages/sig-identity-test-001/runs/862b0591-e2d4-4b4a-af81-f632b47d3927/generated.json,reports,.json,1091
reports/content_packages/sig-identity-test-001/runs/864caff3-b172-458a-8f54-297d46a4207c/business_strategy.json,reports,.json,17194
reports/content_packages/sig-identity-test-001/runs/864caff3-b172-458a-8f54-297d46a4207c/generated.json,reports,.json,1091
reports/content_packages/sig-identity-test-001/runs/867de4f8-2bfa-4ef8-a820-15ea3ec9ca19/business_strategy.json,reports,.json,17194
reports/content_packages/sig-identity-test-001/runs/867de4f8-2bfa-4ef8-a820-15ea3ec9ca19/generated.json,reports,.json,1091
reports/content_packages/sig-identity-test-001/runs/86a2edbd-6bf3-4b7a-8449-3dbb6dfc84b1/business_strategy.json,reports,.json,17194
reports/content_packages/sig-identity-test-001/runs/86ae42cd-602a-4619-a5ba-bf74dc80e4c9/generated.json,reports,.json,856
reports/content_packages/sig-identity-test-001/runs/86b9677b-d955-4bf2-84c4-d85bb8e25213/generated.json,reports,.json,990
reports/content_packages/sig-identity-test-001/runs/86bb5dae-12bc-4dff-a30e-d0ad54d3070e/business_strategy.json,reports,.json,17194
reports/content_packages/sig-identity-test-001/runs/86bb5dae-12bc-4dff-a30e-d0ad54d3070e/generated.json,reports,.json,1091
reports/content_packages/sig-identity-test-001/runs/86c91756-144c-4205-9084-3964c815879b/generated.json,reports,.json,856
reports/content_packages/sig-identity-test-001/runs/86de4865-132c-4d0f-9e7f-5b900dae69b3/business_strategy.json,reports,.json,17194
reports/content_packages/sig-identity-test-001/runs/86de4865-132c-4d0f-9e7f-5b900dae69b3/editorial_acceptance.json,reports,.json,245
reports/content_packages/sig-identity-test-001/runs/86de4865-132c-4d0f-9e7f-5b900dae69b3/generated.json,reports,.json,1091
reports/content_packages/sig-identity-test-001/runs/8734675a-31f5-4f06-9bdc-46eea67676c2/business_strategy.json,reports,.json,17194
reports/content_packages/sig-identity-test-001/runs/8734675a-31f5-4f06-9bdc-46eea67676c2/generated.json,reports,.json,1091
reports/content_packages/sig-identity-test-001/runs/8771b330-1fbf-4782-9f37-760bdae06bbd/business_strategy.json,reports,.json,17194
reports/content_packages/sig-identity-test-001/runs/8771b330-1fbf-4782-9f37-760bdae06bbd/editorial_acceptance.json,reports,.json,245
reports/content_packages/sig-identity-test-001/runs/8771b330-1fbf-4782-9f37-760bdae06bbd/generated.json,reports,.json,1091
reports/content_packages/sig-identity-test-001/runs/8872f519-7a03-44b0-8782-fbbe976f592c/business_strategy.json,reports,.json,17194
reports/content_packages/sig-identity-test-001/runs/8872f519-7a03-44b0-8782-fbbe976f592c/editorial_acceptance.json,reports,.json,245
reports/content_packages/sig-identity-test-001/runs/8872f519-7a03-44b0-8782-fbbe976f592c/generated.json,reports,.json,1091
reports/content_packages/sig-identity-test-001/runs/8899f24a-dccd-434e-adfe-ed6a94d6d6b5/assignment.json,reports,.json,836
reports/content_packages/sig-identity-test-001/runs/8899f24a-dccd-434e-adfe-ed6a94d6d6b5/business_strategy.json,reports,.json,17194
reports/content_packages/sig-identity-test-001/runs/8899f24a-dccd-434e-adfe-ed6a94d6d6b5/editorial_acceptance.json,reports,.json,298
reports/content_packages/sig-identity-test-001/runs/8899f24a-dccd-434e-adfe-ed6a94d6d6b5/generated.json,reports,.json,1091
reports/content_packages/sig-identity-test-001/runs/88c16311-4ef4-4264-98b8-79e7ff73d725/business_strategy.json,reports,.json,17194
reports/content_packages/sig-identity-test-001/runs/88c16311-4ef4-4264-98b8-79e7ff73d725/generated.json,reports,.json,1091
reports/content_packages/sig-identity-test-001/runs/88e77cf9-fc4c-4300-8eb0-ad3f604da11c/generated.json,reports,.json,856
reports/content_packages/sig-identity-test-001/runs/8981db94-ca50-498e-a48c-fc4ba66a36ee/business_strategy.json,reports,.json,17194
reports/content_packages/sig-identity-test-001/runs/8981db94-ca50-498e-a48c-fc4ba66a36ee/generated.json,reports,.json,1091
reports/content_packages/sig-identity-test-001/runs/8a622007-8483-4af6-bb92-10c34b062fa4/generated.json,reports,.json,856
reports/content_packages/sig-identity-test-001/runs/8adaaa76-a704-4a81-b8b0-f795d50884ed/assignment.json,reports,.json,836
reports/content_packages/sig-identity-test-001/runs/8adaaa76-a704-4a81-b8b0-f795d50884ed/business_strategy.json,reports,.json,17194
reports/content_packages/sig-identity-test-001/runs/8adaaa76-a704-4a81-b8b0-f795d50884ed/editorial_acceptance.json,reports,.json,298
reports/content_packages/sig-identity-test-001/runs/8adaaa76-a704-4a81-b8b0-f795d50884ed/generated.json,reports,.json,1091
reports/content_packages/sig-identity-test-001/runs/8aef17ff-b93e-41cc-9d07-e2f39a6edacb/assignment.json,reports,.json,836
reports/content_packages/sig-identity-test-001/runs/8aef17ff-b93e-41cc-9d07-e2f39a6edacb/business_strategy.json,reports,.json,17194
reports/content_packages/sig-identity-test-001/runs/8aef17ff-b93e-41cc-9d07-e2f39a6edacb/editorial_acceptance.json,reports,.json,298
reports/content_packages/sig-identity-test-001/runs/8aef17ff-b93e-41cc-9d07-e2f39a6edacb/generated.json,reports,.json,1091
reports/content_packages/sig-identity-test-001/runs/8b0baeac-dad7-4b92-9b5f-5bf80cca799e/business_strategy.json,reports,.json,17194
reports/content_packages/sig-identity-test-001/runs/8b290073-d56c-4329-9cc3-553f05deb024/assignment.json,reports,.json,836
reports/content_packages/sig-identity-test-001/runs/8b290073-d56c-4329-9cc3-553f05deb024/business_strategy.json,reports,.json,17194
reports/content_packages/sig-identity-test-001/runs/8b290073-d56c-4329-9cc3-553f05deb024/editorial_acceptance.json,reports,.json,298
reports/content_packages/sig-identity-test-001/runs/8b290073-d56c-4329-9cc3-553f05deb024/generated.json,reports,.json,1091
reports/content_packages/sig-identity-test-001/runs/8b5dc189-276f-4caf-8d46-e7420d87066c/assignment.json,reports,.json,844
reports/content_packages/sig-identity-test-001/runs/8b5dc189-276f-4caf-8d46-e7420d87066c/business_strategy.json,reports,.json,17194
reports/content_packages/sig-identity-test-001/runs/8b5dc189-276f-4caf-8d46-e7420d87066c/editorial_acceptance.json,reports,.json,298
reports/content_packages/sig-identity-test-001/runs/8b5dc189-276f-4caf-8d46-e7420d87066c/generated.json,reports,.json,1091
reports/content_packages/sig-identity-test-001/runs/8b7becc3-1263-4719-92e8-a99cebd32f37/assignment.json,reports,.json,836
reports/content_packages/sig-identity-test-001/runs/8b7becc3-1263-4719-92e8-a99cebd32f37/business_strategy.json,reports,.json,17194
reports/content_packages/sig-identity-test-001/runs/8b7becc3-1263-4719-92e8-a99cebd32f37/editorial_acceptance.json,reports,.json,298
reports/content_packages/sig-identity-test-001/runs/8b7becc3-1263-4719-92e8-a99cebd32f37/generated.json,reports,.json,1091
reports/content_packages/sig-identity-test-001/runs/8b823b57-a9da-4f8b-a873-eb9d9fc2addd/generated.json,reports,.json,856
reports/content_packages/sig-identity-test-001/runs/8bbb7b2c-d3c6-4ea8-8fe6-589cacec5382/business_strategy.json,reports,.json,17194
reports/content_packages/sig-identity-test-001/runs/8bbb7b2c-d3c6-4ea8-8fe6-589cacec5382/generated.json,reports,.json,1286
reports/content_packages/sig-identity-test-001/runs/8be39c01-9faa-499c-8416-2f77df05e8e5/assignment.json,reports,.json,836
reports/content_packages/sig-identity-test-001/runs/8be39c01-9faa-499c-8416-2f77df05e8e5/business_strategy.json,reports,.json,17194
reports/content_packages/sig-identity-test-001/runs/8be39c01-9faa-499c-8416-2f77df05e8e5/editorial_acceptance.json,reports,.json,298
reports/content_packages/sig-identity-test-001/runs/8be39c01-9faa-499c-8416-2f77df05e8e5/generated.json,reports,.json,1091
reports/content_packages/sig-identity-test-001/runs/8bf90a5e-dc17-4643-8efc-f91d73ca6821/business_strategy.json,reports,.json,17194
reports/content_packages/sig-identity-test-001/runs/8bf90a5e-dc17-4643-8efc-f91d73ca6821/generated.json,reports,.json,1091
reports/content_packages/sig-identity-test-001/runs/8bfb35ef-f51e-40e2-8a76-c4522be891dc/business_strategy.json,reports,.json,17194
reports/content_packages/sig-identity-test-001/runs/8bfb35ef-f51e-40e2-8a76-c4522be891dc/editorial_acceptance.json,reports,.json,245
reports/content_packages/sig-identity-test-001/runs/8bfb35ef-f51e-40e2-8a76-c4522be891dc/generated.json,reports,.json,1091
reports/content_packages/sig-identity-test-001/runs/8bfe1b57-e0d3-4558-9113-4646a94fc764/business_strategy.json,reports,.json,17194
reports/content_packages/sig-identity-test-001/runs/8bfe1b57-e0d3-4558-9113-4646a94fc764/editorial_acceptance.json,reports,.json,245
reports/content_packages/sig-identity-test-001/runs/8bfe1b57-e0d3-4558-9113-4646a94fc764/generated.json,reports,.json,1091
reports/content_packages/sig-identity-test-001/runs/8c033ee9-8e98-4391-9946-ad155e3d25f6/generated.json,reports,.json,856
reports/content_packages/sig-identity-test-001/runs/8c17ab64-b36a-4cd6-8c79-58b8336d13f1/business_strategy.json,reports,.json,17194
reports/content_packages/sig-identity-test-001/runs/8c5b674a-a0c5-4cb7-b95d-8861d4b3eeda/assignment.json,reports,.json,836
reports/content_packages/sig-identity-test-001/runs/8c5b674a-a0c5-4cb7-b95d-8861d4b3eeda/business_strategy.json,reports,.json,17194
reports/content_packages/sig-identity-test-001/runs/8c5b674a-a0c5-4cb7-b95d-8861d4b3eeda/editorial_acceptance.json,reports,.json,298
reports/content_packages/sig-identity-test-001/runs/8c5b674a-a0c5-4cb7-b95d-8861d4b3eeda/generated.json,reports,.json,1091
reports/content_packages/sig-identity-test-001/runs/8c937089-2cd8-4ffe-a455-7101ea5f458c/business_strategy.json,reports,.json,17194
reports/content_packages/sig-identity-test-001/runs/8c937089-2cd8-4ffe-a455-7101ea5f458c/generated.json,reports,.json,1091
reports/content_packages/sig-identity-test-001/runs/8ca5c5c7-e0f3-40fd-a7db-b8c99873488c/business_strategy.json,reports,.json,17194
reports/content_packages/sig-identity-test-001/runs/8ca5c5c7-e0f3-40fd-a7db-b8c99873488c/generated.json,reports,.json,1091
reports/content_packages/sig-identity-test-001/runs/8cf6f775-255e-4031-933b-e837515e938d/business_strategy.json,reports,.json,17194
reports/content_packages/sig-identity-test-001/runs/8d16c5d2-f9c1-4ab3-a9ef-23ecd612276a/business_strategy.json,reports,.json,17194
reports/content_packages/sig-identity-test-001/runs/8d383003-1fe4-4ed0-8de4-fac7479f8bf0/business_strategy.json,reports,.json,17194
reports/content_packages/sig-identity-test-001/runs/8d383003-1fe4-4ed0-8de4-fac7479f8bf0/editorial_acceptance.json,reports,.json,245
reports/content_packages/sig-identity-test-001/runs/8d383003-1fe4-4ed0-8de4-fac7479f8bf0/generated.json,reports,.json,1091
reports/content_packages/sig-identity-test-001/runs/8d43292f-bede-4b91-8f4f-97f56ddac78c/assignment.json,reports,.json,836
reports/content_packages/sig-identity-test-001/runs/8d43292f-bede-4b91-8f4f-97f56ddac78c/business_strategy.json,reports,.json,17194
reports/content_packages/sig-identity-test-001/runs/8d43292f-bede-4b91-8f4f-97f56ddac78c/editorial_acceptance.json,reports,.json,298
reports/content_packages/sig-identity-test-001/runs/8d43292f-bede-4b91-8f4f-97f56ddac78c/generated.json,reports,.json,1091
reports/content_packages/sig-identity-test-001/runs/8d767e24-bacf-4a0d-ab35-e91d9ada40d9/business_strategy.json,reports,.json,17194
reports/content_packages/sig-identity-test-001/runs/8d767e24-bacf-4a0d-ab35-e91d9ada40d9/editorial_acceptance.json,reports,.json,245
reports/content_packages/sig-identity-test-001/runs/8d767e24-bacf-4a0d-ab35-e91d9ada40d9/generated.json,reports,.json,1091
reports/content_packages/sig-identity-test-001/runs/8d94bfeb-dc21-4d3c-ae99-90bd5ba3a3a1/business_strategy.json,reports,.json,17194
reports/content_packages/sig-identity-test-001/runs/8d94bfeb-dc21-4d3c-ae99-90bd5ba3a3a1/generated.json,reports,.json,1091
reports/content_packages/sig-identity-test-001/runs/8daccd12-8555-4944-8aca-8f66f7e00b9b/assignment.json,reports,.json,844
reports/content_packages/sig-identity-test-001/runs/8daccd12-8555-4944-8aca-8f66f7e00b9b/business_strategy.json,reports,.json,17194
reports/content_packages/sig-identity-test-001/runs/8daccd12-8555-4944-8aca-8f66f7e00b9b/editorial_acceptance.json,reports,.json,298
reports/content_packages/sig-identity-test-001/runs/8daccd12-8555-4944-8aca-8f66f7e00b9b/generated.json,reports,.json,1091
reports/content_packages/sig-identity-test-001/runs/8ded19fa-12bf-49cf-b742-257116e8f73a/assignment.json,reports,.json,836
reports/content_packages/sig-identity-test-001/runs/8ded19fa-12bf-49cf-b742-257116e8f73a/business_strategy.json,reports,.json,17194
reports/content_packages/sig-identity-test-001/runs/8ded19fa-12bf-49cf-b742-257116e8f73a/editorial_acceptance.json,reports,.json,298
reports/content_packages/sig-identity-test-001/runs/8ded19fa-12bf-49cf-b742-257116e8f73a/generated.json,reports,.json,1091
reports/content_packages/sig-identity-test-001/runs/8dee9703-21de-400d-b570-84b23182591d/business_strategy.json,reports,.json,17194
reports/content_packages/sig-identity-test-001/runs/8dee9703-21de-400d-b570-84b23182591d/generated.json,reports,.json,1091
reports/content_packages/sig-identity-test-001/runs/8e56a519-6697-4458-9176-c2fe39ca3a3b/business_strategy.json,reports,.json,17194
reports/content_packages/sig-identity-test-001/runs/8e56a519-6697-4458-9176-c2fe39ca3a3b/editorial_acceptance.json,reports,.json,245
reports/content_packages/sig-identity-test-001/runs/8e56a519-6697-4458-9176-c2fe39ca3a3b/generated.json,reports,.json,1091
reports/content_packages/sig-identity-test-001/runs/8e8d9932-7256-4fbc-8d30-daf65eedd39b/assignment.json,reports,.json,836
reports/content_packages/sig-identity-test-001/runs/8e8d9932-7256-4fbc-8d30-daf65eedd39b/business_strategy.json,reports,.json,17194
reports/content_packages/sig-identity-test-001/runs/8e8d9932-7256-4fbc-8d30-daf65eedd39b/editorial_acceptance.json,reports,.json,298
reports/content_packages/sig-identity-test-001/runs/8e8d9932-7256-4fbc-8d30-daf65eedd39b/generated.json,reports,.json,1091
reports/content_packages/sig-identity-test-001/runs/8ead5734-7a52-442e-b493-49fc7c3a6c0a/assignment.json,reports,.json,836
reports/content_packages/sig-identity-test-001/runs/8ead5734-7a52-442e-b493-49fc7c3a6c0a/business_strategy.json,reports,.json,17194
reports/content_packages/sig-identity-test-001/runs/8ead5734-7a52-442e-b493-49fc7c3a6c0a/editorial_acceptance.json,reports,.json,298
reports/content_packages/sig-identity-test-001/runs/8ead5734-7a52-442e-b493-49fc7c3a6c0a/generated.json,reports,.json,1091
reports/content_packages/sig-identity-test-001/runs/8ec8661b-a57a-4d1e-99f2-aa42cd521107/assignment.json,reports,.json,844
reports/content_packages/sig-identity-test-001/runs/8ec8661b-a57a-4d1e-99f2-aa42cd521107/business_strategy.json,reports,.json,17194
reports/content_packages/sig-identity-test-001/runs/8ec8661b-a57a-4d1e-99f2-aa42cd521107/editorial_acceptance.json,reports,.json,298
reports/content_packages/sig-identity-test-001/runs/8ec8661b-a57a-4d1e-99f2-aa42cd521107/generated.json,reports,.json,1091
reports/content_packages/sig-identity-test-001/runs/8ef30b97-33e5-4ada-a54f-662f6a1edf99/generated.json,reports,.json,990
reports/content_packages/sig-identity-test-001/runs/8f1164eb-c6ca-40c2-b4d0-4336e3a90765/assignment.json,reports,.json,836
reports/content_packages/sig-identity-test-001/runs/8f1164eb-c6ca-40c2-b4d0-4336e3a90765/business_strategy.json,reports,.json,17194
reports/content_packages/sig-identity-test-001/runs/8f1164eb-c6ca-40c2-b4d0-4336e3a90765/editorial_acceptance.json,reports,.json,298
reports/content_packages/sig-identity-test-001/runs/8f1164eb-c6ca-40c2-b4d0-4336e3a90765/generated.json,reports,.json,1091
reports/content_packages/sig-identity-test-001/runs/8f49b89e-9446-4a57-b10e-8a021fd31ff9/generated.json,reports,.json,856
reports/content_packages/sig-identity-test-001/runs/8f99ac22-4c41-489f-abee-86d5f4fd9392/business_strategy.json,reports,.json,17194
reports/content_packages/sig-identity-test-001/runs/8f99ac22-4c41-489f-abee-86d5f4fd9392/generated.json,reports,.json,1091
reports/content_packages/sig-identity-test-001/runs/8fb9a3a6-717d-4859-946a-bdb19c30ec26/generated.json,reports,.json,856
reports/content_packages/sig-identity-test-001/runs/906aee47-3bbf-4cea-b82e-ffd4b39d2362/business_strategy.json,reports,.json,17194
reports/content_packages/sig-identity-test-001/runs/906aee47-3bbf-4cea-b82e-ffd4b39d2362/generated.json,reports,.json,1091
reports/content_packages/sig-identity-test-001/runs/9129d7dd-d6c0-4c6b-a67f-8afd38bb941e/business_strategy.json,reports,.json,17194
reports/content_packages/sig-identity-test-001/runs/9129d7dd-d6c0-4c6b-a67f-8afd38bb941e/editorial_acceptance.json,reports,.json,245
reports/content_packages/sig-identity-test-001/runs/9129d7dd-d6c0-4c6b-a67f-8afd38bb941e/generated.json,reports,.json,1091
reports/content_packages/sig-identity-test-001/runs/91c8cba6-5507-446f-a195-3bed12221f0b/assignment.json,reports,.json,844
reports/content_packages/sig-identity-test-001/runs/91c8cba6-5507-446f-a195-3bed12221f0b/business_strategy.json,reports,.json,17194
reports/content_packages/sig-identity-test-001/runs/91c8cba6-5507-446f-a195-3bed12221f0b/editorial_acceptance.json,reports,.json,298
reports/content_packages/sig-identity-test-001/runs/91c8cba6-5507-446f-a195-3bed12221f0b/generated.json,reports,.json,1091
reports/content_packages/sig-identity-test-001/runs/91d3f367-eec4-43a9-8268-ec9f73b5f5e3/business_strategy.json,reports,.json,17194
reports/content_packages/sig-identity-test-001/runs/91d3f367-eec4-43a9-8268-ec9f73b5f5e3/generated.json,reports,.json,1091
reports/content_packages/sig-identity-test-001/runs/91d618aa-ede6-48f5-a625-5d8cb587b5ff/business_strategy.json,reports,.json,17194
reports/content_packages/sig-identity-test-001/runs/91d618aa-ede6-48f5-a625-5d8cb587b5ff/editorial_acceptance.json,reports,.json,245
reports/content_packages/sig-identity-test-001/runs/91d618aa-ede6-48f5-a625-5d8cb587b5ff/generated.json,reports,.json,1091
reports/content_packages/sig-identity-test-001/runs/91f9f841-71b7-4012-9a46-dc3d7ed6a42a/assignment.json,reports,.json,836
reports/content_packages/sig-identity-test-001/runs/91f9f841-71b7-4012-9a46-dc3d7ed6a42a/business_strategy.json,reports,.json,17194
reports/content_packages/sig-identity-test-001/runs/91f9f841-71b7-4012-9a46-dc3d7ed6a42a/editorial_acceptance.json,reports,.json,298
reports/content_packages/sig-identity-test-001/runs/91f9f841-71b7-4012-9a46-dc3d7ed6a42a/generated.json,reports,.json,1091
reports/content_packages/sig-identity-test-001/runs/9288b96e-3027-4d29-b9a3-3ae0533d6384/business_strategy.json,reports,.json,17194
reports/content_packages/sig-identity-test-001/runs/9288b96e-3027-4d29-b9a3-3ae0533d6384/editorial_acceptance.json,reports,.json,245
reports/content_packages/sig-identity-test-001/runs/9288b96e-3027-4d29-b9a3-3ae0533d6384/generated.json,reports,.json,1091
reports/content_packages/sig-identity-test-001/runs/9298054b-a375-43b0-846f-4287c5e2b796/generated.json,reports,.json,856
reports/content_packages/sig-identity-test-001/runs/92aebfc0-8195-4483-8b79-9dae2104c341/generated.json,reports,.json,856
reports/content_packages/sig-identity-test-001/runs/92fea06b-2d25-477e-b17c-b8c85ccd670d/business_strategy.json,reports,.json,17194
reports/content_packages/sig-identity-test-001/runs/92fea06b-2d25-477e-b17c-b8c85ccd670d/editorial_acceptance.json,reports,.json,245
reports/content_packages/sig-identity-test-001/runs/92fea06b-2d25-477e-b17c-b8c85ccd670d/generated.json,reports,.json,1091
reports/content_packages/sig-identity-test-001/runs/937620da-cbff-452f-b35f-fbb539168156/assignment.json,reports,.json,844
reports/content_packages/sig-identity-test-001/runs/937620da-cbff-452f-b35f-fbb539168156/business_strategy.json,reports,.json,17194
reports/content_packages/sig-identity-test-001/runs/937620da-cbff-452f-b35f-fbb539168156/editorial_acceptance.json,reports,.json,298
reports/content_packages/sig-identity-test-001/runs/937620da-cbff-452f-b35f-fbb539168156/generated.json,reports,.json,1091
reports/content_packages/sig-identity-test-001/runs/938b3a1f-39ac-4e4c-994b-4ee16d87a21d/business_strategy.json,reports,.json,17194
reports/content_packages/sig-identity-test-001/runs/938b3a1f-39ac-4e4c-994b-4ee16d87a21d/generated.json,reports,.json,1091
reports/content_packages/sig-identity-test-001/runs/9390b1bf-25ee-4ba7-ba3e-3bd67a72c35e/assignment.json,reports,.json,836
reports/content_packages/sig-identity-test-001/runs/9390b1bf-25ee-4ba7-ba3e-3bd67a72c35e/business_strategy.json,reports,.json,17194
reports/content_packages/sig-identity-test-001/runs/93959e09-146d-4497-92f1-56099f7248e2/business_strategy.json,reports,.json,17194
reports/content_packages/sig-identity-test-001/runs/93959e09-146d-4497-92f1-56099f7248e2/generated.json,reports,.json,1286
reports/content_packages/sig-identity-test-001/runs/93cbb29e-23d9-4f3b-a5b6-35f56bab07ad/assignment.json,reports,.json,836
reports/content_packages/sig-identity-test-001/runs/93cbb29e-23d9-4f3b-a5b6-35f56bab07ad/business_strategy.json,reports,.json,17194
reports/content_packages/sig-identity-test-001/runs/93cbb29e-23d9-4f3b-a5b6-35f56bab07ad/editorial_acceptance.json,reports,.json,298
reports/content_packages/sig-identity-test-001/runs/93cbb29e-23d9-4f3b-a5b6-35f56bab07ad/generated.json,reports,.json,1091
reports/content_packages/sig-identity-test-001/runs/94635fb2-4ec9-42e3-92fb-1591a4293ce5/assignment.json,reports,.json,836
reports/content_packages/sig-identity-test-001/runs/94635fb2-4ec9-42e3-92fb-1591a4293ce5/business_strategy.json,reports,.json,17194
reports/content_packages/sig-identity-test-001/runs/94635fb2-4ec9-42e3-92fb-1591a4293ce5/editorial_acceptance.json,reports,.json,298
reports/content_packages/sig-identity-test-001/runs/94635fb2-4ec9-42e3-92fb-1591a4293ce5/generated.json,reports,.json,1091
reports/content_packages/sig-identity-test-001/runs/947a397d-8caf-4c0b-8ad5-0e04047b399b/business_strategy.json,reports,.json,17194
reports/content_packages/sig-identity-test-001/runs/947a397d-8caf-4c0b-8ad5-0e04047b399b/generated.json,reports,.json,1091
reports/content_packages/sig-identity-test-001/runs/94cc5143-7b99-431a-a71c-2d72bea54da5/assignment.json,reports,.json,836
reports/content_packages/sig-identity-test-001/runs/94cc5143-7b99-431a-a71c-2d72bea54da5/business_strategy.json,reports,.json,17194
reports/content_packages/sig-identity-test-001/runs/94cc5143-7b99-431a-a71c-2d72bea54da5/editorial_acceptance.json,reports,.json,298
reports/content_packages/sig-identity-test-001/runs/94cc5143-7b99-431a-a71c-2d72bea54da5/generated.json,reports,.json,1091
reports/content_packages/sig-identity-test-001/runs/95465429-3a65-4221-bd02-e0f96a2df540/business_strategy.json,reports,.json,17194
reports/content_packages/sig-identity-test-001/runs/95465429-3a65-4221-bd02-e0f96a2df540/generated.json,reports,.json,1091
reports/content_packages/sig-identity-test-001/runs/95ae418a-adce-4c88-98f2-fa1fb90f1719/assignment.json,reports,.json,844
reports/content_packages/sig-identity-test-001/runs/95ae418a-adce-4c88-98f2-fa1fb90f1719/business_strategy.json,reports,.json,17194
reports/content_packages/sig-identity-test-001/runs/95ae418a-adce-4c88-98f2-fa1fb90f1719/editorial_acceptance.json,reports,.json,298
reports/content_packages/sig-identity-test-001/runs/95ae418a-adce-4c88-98f2-fa1fb90f1719/generated.json,reports,.json,1091
reports/content_packages/sig-identity-test-001/runs/95f6b867-ae1f-4918-b9b1-b62982773c1a/assignment.json,reports,.json,836
reports/content_packages/sig-identity-test-001/runs/95f6b867-ae1f-4918-b9b1-b62982773c1a/business_strategy.json,reports,.json,17194
reports/content_packages/sig-identity-test-001/runs/95f6b867-ae1f-4918-b9b1-b62982773c1a/editorial_acceptance.json,reports,.json,298
reports/content_packages/sig-identity-test-001/runs/95f6b867-ae1f-4918-b9b1-b62982773c1a/generated.json,reports,.json,1091
reports/content_packages/sig-identity-test-001/runs/96096924-aa1f-430b-a0a3-2aef4223a61d/generated.json,reports,.json,856
reports/content_packages/sig-identity-test-001/runs/960b5afe-f344-4f7d-9f37-493336bfe9f3/business_strategy.json,reports,.json,17194
reports/content_packages/sig-identity-test-001/runs/960b5afe-f344-4f7d-9f37-493336bfe9f3/generated.json,reports,.json,1091
reports/content_packages/sig-identity-test-001/runs/96836ece-f268-4def-8226-a4128133127f/business_strategy.json,reports,.json,17194
reports/content_packages/sig-identity-test-001/runs/96836ece-f268-4def-8226-a4128133127f/generated.json,reports,.json,1091
reports/content_packages/sig-identity-test-001/runs/97319dd9-513b-4ce1-9bc7-c74f90892df1/generated.json,reports,.json,990
reports/content_packages/sig-identity-test-001/runs/97404577-7613-4ec2-a8a1-d1eadaca563b/assignment.json,reports,.json,844
reports/content_packages/sig-identity-test-001/runs/97404577-7613-4ec2-a8a1-d1eadaca563b/business_strategy.json,reports,.json,17194
reports/content_packages/sig-identity-test-001/runs/97404577-7613-4ec2-a8a1-d1eadaca563b/editorial_acceptance.json,reports,.json,298
reports/content_packages/sig-identity-test-001/runs/97404577-7613-4ec2-a8a1-d1eadaca563b/generated.json,reports,.json,1091
reports/content_packages/sig-identity-test-001/runs/975cbebb-ad7a-4281-b455-5a6c96c61a24/assignment.json,reports,.json,836
reports/content_packages/sig-identity-test-001/runs/975cbebb-ad7a-4281-b455-5a6c96c61a24/business_strategy.json,reports,.json,17194
reports/content_packages/sig-identity-test-001/runs/975cbebb-ad7a-4281-b455-5a6c96c61a24/editorial_acceptance.json,reports,.json,298
reports/content_packages/sig-identity-test-001/runs/975cbebb-ad7a-4281-b455-5a6c96c61a24/generated.json,reports,.json,1091
reports/content_packages/sig-identity-test-001/runs/97a23aef-cedc-4864-8b0f-701b727c8169/assignment.json,reports,.json,836
reports/content_packages/sig-identity-test-001/runs/97a23aef-cedc-4864-8b0f-701b727c8169/business_strategy.json,reports,.json,17194
reports/content_packages/sig-identity-test-001/runs/97a23aef-cedc-4864-8b0f-701b727c8169/editorial_acceptance.json,reports,.json,298
reports/content_packages/sig-identity-test-001/runs/97a23aef-cedc-4864-8b0f-701b727c8169/generated.json,reports,.json,1091
reports/content_packages/sig-identity-test-001/runs/97ae9ba9-a0cc-4f64-9525-edf2d28d7052/business_strategy.json,reports,.json,17194
reports/content_packages/sig-identity-test-001/runs/97b59613-b2f0-4d2b-be81-d116c0538820/business_strategy.json,reports,.json,17194
reports/content_packages/sig-identity-test-001/runs/97b59613-b2f0-4d2b-be81-d116c0538820/generated.json,reports,.json,1286
reports/content_packages/sig-identity-test-001/runs/980b15ff-31c8-49ed-9638-22ba37cc6763/assignment.json,reports,.json,836
reports/content_packages/sig-identity-test-001/runs/980b15ff-31c8-49ed-9638-22ba37cc6763/business_strategy.json,reports,.json,17194
reports/content_packages/sig-identity-test-001/runs/980b15ff-31c8-49ed-9638-22ba37cc6763/editorial_acceptance.json,reports,.json,298
reports/content_packages/sig-identity-test-001/runs/980b15ff-31c8-49ed-9638-22ba37cc6763/generated.json,reports,.json,1091
reports/content_packages/sig-identity-test-001/runs/981ce31d-647d-4a00-8b62-a945ed8adc5b/assignment.json,reports,.json,844
reports/content_packages/sig-identity-test-001/runs/981ce31d-647d-4a00-8b62-a945ed8adc5b/business_strategy.json,reports,.json,17194
reports/content_packages/sig-identity-test-001/runs/981ce31d-647d-4a00-8b62-a945ed8adc5b/editorial_acceptance.json,reports,.json,298
reports/content_packages/sig-identity-test-001/runs/981ce31d-647d-4a00-8b62-a945ed8adc5b/generated.json,reports,.json,1091
reports/content_packages/sig-identity-test-001/runs/982a3654-d532-45cd-9300-d80b4df52255/assignment.json,reports,.json,836
reports/content_packages/sig-identity-test-001/runs/982a3654-d532-45cd-9300-d80b4df52255/business_strategy.json,reports,.json,17194
reports/content_packages/sig-identity-test-001/runs/98a04749-d2b9-41b2-9639-57839ef14f5e/assignment.json,reports,.json,836
reports/content_packages/sig-identity-test-001/runs/98a04749-d2b9-41b2-9639-57839ef14f5e/business_strategy.json,reports,.json,17194
reports/content_packages/sig-identity-test-001/runs/98ac4cc5-cf7c-49db-af65-bd40a6be2f6c/business_strategy.json,reports,.json,17194
reports/content_packages/sig-identity-test-001/runs/98ac4cc5-cf7c-49db-af65-bd40a6be2f6c/editorial_acceptance.json,reports,.json,245
reports/content_packages/sig-identity-test-001/runs/98ac4cc5-cf7c-49db-af65-bd40a6be2f6c/generated.json,reports,.json,1091
reports/content_packages/sig-identity-test-001/runs/98b662ff-6c1e-4d3a-8280-2890aa4e2b36/business_strategy.json,reports,.json,17194
reports/content_packages/sig-identity-test-001/runs/98e60b13-5ad7-49dc-b472-7141ede5450f/assignment.json,reports,.json,836
reports/content_packages/sig-identity-test-001/runs/98e60b13-5ad7-49dc-b472-7141ede5450f/business_strategy.json,reports,.json,17194
reports/content_packages/sig-identity-test-001/runs/98e60b13-5ad7-49dc-b472-7141ede5450f/editorial_acceptance.json,reports,.json,298
reports/content_packages/sig-identity-test-001/runs/98e60b13-5ad7-49dc-b472-7141ede5450f/generated.json,reports,.json,1091
reports/content_packages/sig-identity-test-001/runs/99448dd2-9501-412b-b840-fff84c35d37c/business_strategy.json,reports,.json,17194
reports/content_packages/sig-identity-test-001/runs/99448dd2-9501-412b-b840-fff84c35d37c/generated.json,reports,.json,1091
reports/content_packages/sig-identity-test-001/runs/998590c9-064c-4604-b0f9-f86d3bc21110/assignment.json,reports,.json,836
reports/content_packages/sig-identity-test-001/runs/998590c9-064c-4604-b0f9-f86d3bc21110/business_strategy.json,reports,.json,17194
reports/content_packages/sig-identity-test-001/runs/998590c9-064c-4604-b0f9-f86d3bc21110/editorial_acceptance.json,reports,.json,298
reports/content_packages/sig-identity-test-001/runs/998590c9-064c-4604-b0f9-f86d3bc21110/generated.json,reports,.json,1091
reports/content_packages/sig-identity-test-001/runs/99c9179b-1cc5-4a1c-bdb2-a5ffc56fa3f0/business_strategy.json,reports,.json,17194
reports/content_packages/sig-identity-test-001/runs/99c9179b-1cc5-4a1c-bdb2-a5ffc56fa3f0/generated.json,reports,.json,1091
reports/content_packages/sig-identity-test-001/runs/99ed9707-b8c5-439a-a9ec-7bbae637741d/assignment.json,reports,.json,844
reports/content_packages/sig-identity-test-001/runs/99ed9707-b8c5-439a-a9ec-7bbae637741d/business_strategy.json,reports,.json,17194
reports/content_packages/sig-identity-test-001/runs/99ed9707-b8c5-439a-a9ec-7bbae637741d/editorial_acceptance.json,reports,.json,298
reports/content_packages/sig-identity-test-001/runs/99ed9707-b8c5-439a-a9ec-7bbae637741d/generated.json,reports,.json,1091
reports/content_packages/sig-identity-test-001/runs/9a0430f7-3ad2-4eaa-aac3-2dcf7c0db3b4/generated.json,reports,.json,856
reports/content_packages/sig-identity-test-001/runs/9a14a77e-e3a9-4c59-9f7a-934072c75624/assignment.json,reports,.json,836
reports/content_packages/sig-identity-test-001/runs/9a14a77e-e3a9-4c59-9f7a-934072c75624/business_strategy.json,reports,.json,17194
reports/content_packages/sig-identity-test-001/runs/9a14a77e-e3a9-4c59-9f7a-934072c75624/editorial_acceptance.json,reports,.json,298
reports/content_packages/sig-identity-test-001/runs/9a14a77e-e3a9-4c59-9f7a-934072c75624/generated.json,reports,.json,1091
reports/content_packages/sig-identity-test-001/runs/9a318dfc-1ef8-4514-9afe-20e72c079512/business_strategy.json,reports,.json,17194
reports/content_packages/sig-identity-test-001/runs/9a318dfc-1ef8-4514-9afe-20e72c079512/editorial_acceptance.json,reports,.json,245
reports/content_packages/sig-identity-test-001/runs/9a318dfc-1ef8-4514-9afe-20e72c079512/generated.json,reports,.json,1091
reports/content_packages/sig-identity-test-001/runs/9a54b561-dcdc-4295-b2a8-08cd6ecb5ab6/assignment.json,reports,.json,836
reports/content_packages/sig-identity-test-001/runs/9a54b561-dcdc-4295-b2a8-08cd6ecb5ab6/business_strategy.json,reports,.json,17194
reports/content_packages/sig-identity-test-001/runs/9a54b561-dcdc-4295-b2a8-08cd6ecb5ab6/editorial_acceptance.json,reports,.json,298
reports/content_packages/sig-identity-test-001/runs/9a54b561-dcdc-4295-b2a8-08cd6ecb5ab6/generated.json,reports,.json,1091
reports/content_packages/sig-identity-test-001/runs/9a7d8ecd-a441-4704-b1c1-deafbe388dfe/business_strategy.json,reports,.json,17194
reports/content_packages/sig-identity-test-001/runs/9a7d8ecd-a441-4704-b1c1-deafbe388dfe/generated.json,reports,.json,1091
reports/content_packages/sig-identity-test-001/runs/9a9ff3a4-1b6d-466e-8be6-604405e91e3b/business_strategy.json,reports,.json,17194
reports/content_packages/sig-identity-test-001/runs/9a9ff3a4-1b6d-466e-8be6-604405e91e3b/editorial_acceptance.json,reports,.json,245
reports/content_packages/sig-identity-test-001/runs/9a9ff3a4-1b6d-466e-8be6-604405e91e3b/generated.json,reports,.json,1091
reports/content_packages/sig-identity-test-001/runs/9aaa904e-46e8-4bf2-8726-a56894e06620/business_strategy.json,reports,.json,17194
reports/content_packages/sig-identity-test-001/runs/9aaa904e-46e8-4bf2-8726-a56894e06620/editorial_acceptance.json,reports,.json,245
reports/content_packages/sig-identity-test-001/runs/9aaa904e-46e8-4bf2-8726-a56894e06620/generated.json,reports,.json,1091
reports/content_packages/sig-identity-test-001/runs/9ac2f3f0-dd7b-4b53-872c-50fcbe5f7176/generated.json,reports,.json,856
reports/content_packages/sig-identity-test-001/runs/9b4757b1-887f-46ac-89d0-732dfd6224dd/assignment.json,reports,.json,836
reports/content_packages/sig-identity-test-001/runs/9b4757b1-887f-46ac-89d0-732dfd6224dd/business_strategy.json,reports,.json,17194
reports/content_packages/sig-identity-test-001/runs/9b4757b1-887f-46ac-89d0-732dfd6224dd/editorial_acceptance.json,reports,.json,298
reports/content_packages/sig-identity-test-001/runs/9b4757b1-887f-46ac-89d0-732dfd6224dd/generated.json,reports,.json,1091
reports/content_packages/sig-identity-test-001/runs/9b7e95b0-42e5-4ef1-8fdf-379ea1514adb/assignment.json,reports,.json,844
reports/content_packages/sig-identity-test-001/runs/9b7e95b0-42e5-4ef1-8fdf-379ea1514adb/business_strategy.json,reports,.json,17194
reports/content_packages/sig-identity-test-001/runs/9b7e95b0-42e5-4ef1-8fdf-379ea1514adb/editorial_acceptance.json,reports,.json,298
reports/content_packages/sig-identity-test-001/runs/9b7e95b0-42e5-4ef1-8fdf-379ea1514adb/generated.json,reports,.json,1091
reports/content_packages/sig-identity-test-001/runs/9bb9a0b5-9b99-4103-9cc3-402426d2f552/assignment.json,reports,.json,836
reports/content_packages/sig-identity-test-001/runs/9bb9a0b5-9b99-4103-9cc3-402426d2f552/business_strategy.json,reports,.json,17194
reports/content_packages/sig-identity-test-001/runs/9bb9a0b5-9b99-4103-9cc3-402426d2f552/editorial_acceptance.json,reports,.json,298
reports/content_packages/sig-identity-test-001/runs/9bb9a0b5-9b99-4103-9cc3-402426d2f552/generated.json,reports,.json,1091
reports/content_packages/sig-identity-test-001/runs/9c183c77-d106-4c17-8597-007acca28a39/assignment.json,reports,.json,836
reports/content_packages/sig-identity-test-001/runs/9c183c77-d106-4c17-8597-007acca28a39/business_strategy.json,reports,.json,17194
reports/content_packages/sig-identity-test-001/runs/9c477542-3bb8-4357-a1a0-1f5906d0fe27/business_strategy.json,reports,.json,17194
reports/content_packages/sig-identity-test-001/runs/9c477542-3bb8-4357-a1a0-1f5906d0fe27/generated.json,reports,.json,1091
reports/content_packages/sig-identity-test-001/runs/9c9729f5-c53a-4873-93db-a3821c2e3c4a/generated.json,reports,.json,856
reports/content_packages/sig-identity-test-001/runs/9cd931da-23b7-4a68-b735-e1940ba891e9/assignment.json,reports,.json,836
reports/content_packages/sig-identity-test-001/runs/9cd931da-23b7-4a68-b735-e1940ba891e9/business_strategy.json,reports,.json,17194
reports/content_packages/sig-identity-test-001/runs/9cdaf0bb-2b9b-4c3f-9cd4-2d39780d2850/assignment.json,reports,.json,836
reports/content_packages/sig-identity-test-001/runs/9cdaf0bb-2b9b-4c3f-9cd4-2d39780d2850/business_strategy.json,reports,.json,17194
reports/content_packages/sig-identity-test-001/runs/9cdaf0bb-2b9b-4c3f-9cd4-2d39780d2850/editorial_acceptance.json,reports,.json,298
reports/content_packages/sig-identity-test-001/runs/9cdaf0bb-2b9b-4c3f-9cd4-2d39780d2850/generated.json,reports,.json,1091
reports/content_packages/sig-identity-test-001/runs/9d0a8e2c-264f-4359-8cf3-78abbdb39b01/business_strategy.json,reports,.json,17194
reports/content_packages/sig-identity-test-001/runs/9d0a8e2c-264f-4359-8cf3-78abbdb39b01/generated.json,reports,.json,1091
reports/content_packages/sig-identity-test-001/runs/9d0f9056-e9fa-4b99-86af-251897a66860/business_strategy.json,reports,.json,17194
reports/content_packages/sig-identity-test-001/runs/9d0f9056-e9fa-4b99-86af-251897a66860/generated.json,reports,.json,1091
reports/content_packages/sig-identity-test-001/runs/9d1ced6d-9720-41ee-a0d8-3b1f002ce759/generated.json,reports,.json,856
reports/content_packages/sig-identity-test-001/runs/9d8a7983-addd-4745-a967-295bfd70d1c5/business_strategy.json,reports,.json,17194
reports/content_packages/sig-identity-test-001/runs/9d8a7983-addd-4745-a967-295bfd70d1c5/generated.json,reports,.json,1286
reports/content_packages/sig-identity-test-001/runs/9dbacdd7-2204-497f-bdb3-735728acba98/assignment.json,reports,.json,836
reports/content_packages/sig-identity-test-001/runs/9dbacdd7-2204-497f-bdb3-735728acba98/business_strategy.json,reports,.json,17194
reports/content_packages/sig-identity-test-001/runs/9dec3612-0c25-4570-a66c-4f4743757d76/business_strategy.json,reports,.json,17194
reports/content_packages/sig-identity-test-001/runs/9dec3612-0c25-4570-a66c-4f4743757d76/generated.json,reports,.json,1091
reports/content_packages/sig-identity-test-001/runs/9e061104-3403-4d3c-a028-40461388a913/assignment.json,reports,.json,844
reports/content_packages/sig-identity-test-001/runs/9e061104-3403-4d3c-a028-40461388a913/business_strategy.json,reports,.json,17194
reports/content_packages/sig-identity-test-001/runs/9e061104-3403-4d3c-a028-40461388a913/editorial_acceptance.json,reports,.json,298
reports/content_packages/sig-identity-test-001/runs/9e061104-3403-4d3c-a028-40461388a913/generated.json,reports,.json,1091
reports/content_packages/sig-identity-test-001/runs/9e7d092a-c8c2-49f0-aca8-eaf70d4aee63/assignment.json,reports,.json,836
reports/content_packages/sig-identity-test-001/runs/9e7d092a-c8c2-49f0-aca8-eaf70d4aee63/business_strategy.json,reports,.json,17194
reports/content_packages/sig-identity-test-001/runs/9e7d092a-c8c2-49f0-aca8-eaf70d4aee63/editorial_acceptance.json,reports,.json,298
reports/content_packages/sig-identity-test-001/runs/9e7d092a-c8c2-49f0-aca8-eaf70d4aee63/generated.json,reports,.json,1091
reports/content_packages/sig-identity-test-001/runs/9e8add6f-5759-4f93-97bf-68b2deebf96e/business_strategy.json,reports,.json,17194
reports/content_packages/sig-identity-test-001/runs/9e8add6f-5759-4f93-97bf-68b2deebf96e/generated.json,reports,.json,1091
reports/content_packages/sig-identity-test-001/runs/9ea7521c-3645-46a0-9457-ab847fb8ae76/assignment.json,reports,.json,836
reports/content_packages/sig-identity-test-001/runs/9ea7521c-3645-46a0-9457-ab847fb8ae76/business_strategy.json,reports,.json,17194
reports/content_packages/sig-identity-test-001/runs/9ea7521c-3645-46a0-9457-ab847fb8ae76/editorial_acceptance.json,reports,.json,298
reports/content_packages/sig-identity-test-001/runs/9ea7521c-3645-46a0-9457-ab847fb8ae76/generated.json,reports,.json,1091
reports/content_packages/sig-identity-test-001/runs/9ed76530-4628-4eee-a3f5-aa3ceb020ee3/assignment.json,reports,.json,836
reports/content_packages/sig-identity-test-001/runs/9ed76530-4628-4eee-a3f5-aa3ceb020ee3/business_strategy.json,reports,.json,17194
reports/content_packages/sig-identity-test-001/runs/9ed76530-4628-4eee-a3f5-aa3ceb020ee3/editorial_acceptance.json,reports,.json,298
reports/content_packages/sig-identity-test-001/runs/9ed76530-4628-4eee-a3f5-aa3ceb020ee3/generated.json,reports,.json,1091
reports/content_packages/sig-identity-test-001/runs/9f083c4f-7633-46ce-bf02-6915328fe91c/assignment.json,reports,.json,844
reports/content_packages/sig-identity-test-001/runs/9f083c4f-7633-46ce-bf02-6915328fe91c/business_strategy.json,reports,.json,17194
reports/content_packages/sig-identity-test-001/runs/9f083c4f-7633-46ce-bf02-6915328fe91c/editorial_acceptance.json,reports,.json,298
reports/content_packages/sig-identity-test-001/runs/9f083c4f-7633-46ce-bf02-6915328fe91c/generated.json,reports,.json,1091
reports/content_packages/sig-identity-test-001/runs/9f201f9b-e599-4d17-85e4-e9f9a5763cbf/assignment.json,reports,.json,836
reports/content_packages/sig-identity-test-001/runs/9f201f9b-e599-4d17-85e4-e9f9a5763cbf/business_strategy.json,reports,.json,17194
reports/content_packages/sig-identity-test-001/runs/9f201f9b-e599-4d17-85e4-e9f9a5763cbf/editorial_acceptance.json,reports,.json,298
reports/content_packages/sig-identity-test-001/runs/9f201f9b-e599-4d17-85e4-e9f9a5763cbf/generated.json,reports,.json,1091
reports/content_packages/sig-identity-test-001/runs/9f23a6b7-65b3-4945-af76-b3011c2cc925/assignment.json,reports,.json,844
reports/content_packages/sig-identity-test-001/runs/9f23a6b7-65b3-4945-af76-b3011c2cc925/business_strategy.json,reports,.json,17194
reports/content_packages/sig-identity-test-001/runs/9f23a6b7-65b3-4945-af76-b3011c2cc925/editorial_acceptance.json,reports,.json,298
reports/content_packages/sig-identity-test-001/runs/9f23a6b7-65b3-4945-af76-b3011c2cc925/generated.json,reports,.json,1091
reports/content_packages/sig-identity-test-001/runs/9f2729f1-82ae-4ba5-bfd6-d343e78890c6/assignment.json,reports,.json,836
reports/content_packages/sig-identity-test-001/runs/9f2729f1-82ae-4ba5-bfd6-d343e78890c6/business_strategy.json,reports,.json,17194
reports/content_packages/sig-identity-test-001/runs/9f2729f1-82ae-4ba5-bfd6-d343e78890c6/editorial_acceptance.json,reports,.json,298
reports/content_packages/sig-identity-test-001/runs/9f2729f1-82ae-4ba5-bfd6-d343e78890c6/generated.json,reports,.json,1091
reports/content_packages/sig-identity-test-001/runs/9f2832b1-060c-4810-8ab4-5417c507fc20/business_strategy.json,reports,.json,17194
reports/content_packages/sig-identity-test-001/runs/9f2832b1-060c-4810-8ab4-5417c507fc20/editorial_acceptance.json,reports,.json,245
reports/content_packages/sig-identity-test-001/runs/9f2832b1-060c-4810-8ab4-5417c507fc20/generated.json,reports,.json,1091
reports/content_packages/sig-identity-test-001/runs/9f31e3b8-4b28-4a33-89ae-18d40444667a/assignment.json,reports,.json,844
reports/content_packages/sig-identity-test-001/runs/9f31e3b8-4b28-4a33-89ae-18d40444667a/business_strategy.json,reports,.json,17194
reports/content_packages/sig-identity-test-001/runs/9f31e3b8-4b28-4a33-89ae-18d40444667a/editorial_acceptance.json,reports,.json,298
reports/content_packages/sig-identity-test-001/runs/9f31e3b8-4b28-4a33-89ae-18d40444667a/generated.json,reports,.json,1091
reports/content_packages/sig-identity-test-001/runs/9f6ea1ec-5764-46da-9fa4-6588dc21d988/generated.json,reports,.json,856
reports/content_packages/sig-identity-test-001/runs/9fbb119e-ff64-4e02-a4e7-46a67d72341d/assignment.json,reports,.json,836
reports/content_packages/sig-identity-test-001/runs/9fbb119e-ff64-4e02-a4e7-46a67d72341d/business_strategy.json,reports,.json,17194
reports/content_packages/sig-identity-test-001/runs/9fbb119e-ff64-4e02-a4e7-46a67d72341d/editorial_acceptance.json,reports,.json,298
reports/content_packages/sig-identity-test-001/runs/9fbb119e-ff64-4e02-a4e7-46a67d72341d/generated.json,reports,.json,1091
reports/content_packages/sig-identity-test-001/runs/a030808e-acb3-4266-a0f0-3a2669740855/business_strategy.json,reports,.json,17194
reports/content_packages/sig-identity-test-001/runs/a030808e-acb3-4266-a0f0-3a2669740855/generated.json,reports,.json,1091
reports/content_packages/sig-identity-test-001/runs/a0843bea-5101-48aa-beab-89a839854f37/business_strategy.json,reports,.json,17194
reports/content_packages/sig-identity-test-001/runs/a0843bea-5101-48aa-beab-89a839854f37/generated.json,reports,.json,1091
reports/content_packages/sig-identity-test-001/runs/a0a52be4-0493-44b3-aa4e-96c5842294cb/business_strategy.json,reports,.json,17194
reports/content_packages/sig-identity-test-001/runs/a148e527-b2ab-426c-ae76-bc02eae4da44/assignment.json,reports,.json,836
reports/content_packages/sig-identity-test-001/runs/a148e527-b2ab-426c-ae76-bc02eae4da44/business_strategy.json,reports,.json,17194
reports/content_packages/sig-identity-test-001/runs/a148e527-b2ab-426c-ae76-bc02eae4da44/editorial_acceptance.json,reports,.json,298
reports/content_packages/sig-identity-test-001/runs/a148e527-b2ab-426c-ae76-bc02eae4da44/generated.json,reports,.json,1091
reports/content_packages/sig-identity-test-001/runs/a16d1376-3854-4e30-9356-eb5b2e85d626/business_strategy.json,reports,.json,17194
reports/content_packages/sig-identity-test-001/runs/a177174b-606d-4e0b-83fb-3a7a108933d0/generated.json,reports,.json,856
reports/content_packages/sig-identity-test-001/runs/a1e39a80-a810-4734-83a3-2ca3d117f84a/generated.json,reports,.json,856
reports/content_packages/sig-identity-test-001/runs/a1e6555e-f2b7-48e8-961a-b8d710546e17/business_strategy.json,reports,.json,17194
reports/content_packages/sig-identity-test-001/runs/a1e6555e-f2b7-48e8-961a-b8d710546e17/editorial_acceptance.json,reports,.json,245
reports/content_packages/sig-identity-test-001/runs/a1e6555e-f2b7-48e8-961a-b8d710546e17/generated.json,reports,.json,1091
reports/content_packages/sig-identity-test-001/runs/a284343e-a8d1-4485-ac6b-6f81b4508a1e/generated.json,reports,.json,856
reports/content_packages/sig-identity-test-001/runs/a285e594-9613-4410-b165-e75981861c8f/business_strategy.json,reports,.json,17194
reports/content_packages/sig-identity-test-001/runs/a285e594-9613-4410-b165-e75981861c8f/generated.json,reports,.json,1091
reports/content_packages/sig-identity-test-001/runs/a2c349eb-cc1a-4d1f-99b7-837f0e39b7c7/business_strategy.json,reports,.json,17194
reports/content_packages/sig-identity-test-001/runs/a2c349eb-cc1a-4d1f-99b7-837f0e39b7c7/generated.json,reports,.json,1091
reports/content_packages/sig-identity-test-001/runs/a2de6d8f-95fd-44b5-ab14-d6496330cb73/assignment.json,reports,.json,836
reports/content_packages/sig-identity-test-001/runs/a2de6d8f-95fd-44b5-ab14-d6496330cb73/business_strategy.json,reports,.json,17194
reports/content_packages/sig-identity-test-001/runs/a2de6d8f-95fd-44b5-ab14-d6496330cb73/editorial_acceptance.json,reports,.json,298
reports/content_packages/sig-identity-test-001/runs/a2de6d8f-95fd-44b5-ab14-d6496330cb73/generated.json,reports,.json,1091
reports/content_packages/sig-identity-test-001/runs/a302c9c7-c7f5-4e4d-986c-65d20af594ca/generated.json,reports,.json,856
reports/content_packages/sig-identity-test-001/runs/a38f67bd-8d78-4ef9-9c8a-272f4b3cbe21/assignment.json,reports,.json,836
reports/content_packages/sig-identity-test-001/runs/a38f67bd-8d78-4ef9-9c8a-272f4b3cbe21/business_strategy.json,reports,.json,17194
reports/content_packages/sig-identity-test-001/runs/a38f67bd-8d78-4ef9-9c8a-272f4b3cbe21/editorial_acceptance.json,reports,.json,298
reports/content_packages/sig-identity-test-001/runs/a38f67bd-8d78-4ef9-9c8a-272f4b3cbe21/generated.json,reports,.json,1091
reports/content_packages/sig-identity-test-001/runs/a39946fa-3829-4725-abf5-2d534beb0f31/business_strategy.json,reports,.json,17194
reports/content_packages/sig-identity-test-001/runs/a3ac20ec-6aaf-479c-92de-9a5c7d88fc51/generated.json,reports,.json,856
reports/content_packages/sig-identity-test-001/runs/a3d4908f-526d-4395-a171-bca65e4b3646/business_strategy.json,reports,.json,17194
reports/content_packages/sig-identity-test-001/runs/a3d7f3cf-405a-4ac1-acb0-c8d123346735/generated.json,reports,.json,856
reports/content_packages/sig-identity-test-001/runs/a416524e-95dd-40ac-8175-63936c1e9bad/business_strategy.json,reports,.json,17194
reports/content_packages/sig-identity-test-001/runs/a416524e-95dd-40ac-8175-63936c1e9bad/generated.json,reports,.json,1091
reports/content_packages/sig-identity-test-001/runs/a4868656-1c8f-45a5-8484-e11d85203762/business_strategy.json,reports,.json,17194
reports/content_packages/sig-identity-test-001/runs/a4868656-1c8f-45a5-8484-e11d85203762/generated.json,reports,.json,1091
reports/content_packages/sig-identity-test-001/runs/a49b0fd7-c4d2-4027-9948-3786aa861fe5/assignment.json,reports,.json,836
reports/content_packages/sig-identity-test-001/runs/a49b0fd7-c4d2-4027-9948-3786aa861fe5/business_strategy.json,reports,.json,17194
reports/content_packages/sig-identity-test-001/runs/a49b0fd7-c4d2-4027-9948-3786aa861fe5/editorial_acceptance.json,reports,.json,298
reports/content_packages/sig-identity-test-001/runs/a49b0fd7-c4d2-4027-9948-3786aa861fe5/generated.json,reports,.json,1091
reports/content_packages/sig-identity-test-001/runs/a4c53fba-5121-4493-a9d0-05f70bf21a24/assignment.json,reports,.json,836
reports/content_packages/sig-identity-test-001/runs/a4c53fba-5121-4493-a9d0-05f70bf21a24/business_strategy.json,reports,.json,17194
reports/content_packages/sig-identity-test-001/runs/a4c53fba-5121-4493-a9d0-05f70bf21a24/editorial_acceptance.json,reports,.json,298
reports/content_packages/sig-identity-test-001/runs/a4c53fba-5121-4493-a9d0-05f70bf21a24/generated.json,reports,.json,1091
reports/content_packages/sig-identity-test-001/runs/a4c98396-57fb-4b31-92f1-67bcad2b3b93/assignment.json,reports,.json,836
reports/content_packages/sig-identity-test-001/runs/a4c98396-57fb-4b31-92f1-67bcad2b3b93/business_strategy.json,reports,.json,17194
reports/content_packages/sig-identity-test-001/runs/a4c98396-57fb-4b31-92f1-67bcad2b3b93/editorial_acceptance.json,reports,.json,298
reports/content_packages/sig-identity-test-001/runs/a4c98396-57fb-4b31-92f1-67bcad2b3b93/generated.json,reports,.json,1091
reports/content_packages/sig-identity-test-001/runs/a4ccb0f1-c32c-4e6b-bdb1-3b493e85cbbf/generated.json,reports,.json,856
reports/content_packages/sig-identity-test-001/runs/a502bb0b-0ec0-4aed-8da0-9ba631752227/generated.json,reports,.json,856
reports/content_packages/sig-identity-test-001/runs/a5365def-e421-47a7-ad95-9dc0c4b87775/business_strategy.json,reports,.json,17194
reports/content_packages/sig-identity-test-001/runs/a5365def-e421-47a7-ad95-9dc0c4b87775/generated.json,reports,.json,1091
reports/content_packages/sig-identity-test-001/runs/a567b91f-9075-41d8-8a79-b9259ab735f4/business_strategy.json,reports,.json,17194
reports/content_packages/sig-identity-test-001/runs/a567b91f-9075-41d8-8a79-b9259ab735f4/generated.json,reports,.json,1091
reports/content_packages/sig-identity-test-001/runs/a5bdf85b-4f38-4a79-82a1-888c5e39234b/generated.json,reports,.json,856
reports/content_packages/sig-identity-test-001/runs/a5c5533c-092d-4588-a398-ab7d8d8a5b1d/business_strategy.json,reports,.json,17194
reports/content_packages/sig-identity-test-001/runs/a5c5533c-092d-4588-a398-ab7d8d8a5b1d/editorial_acceptance.json,reports,.json,245
reports/content_packages/sig-identity-test-001/runs/a5c5533c-092d-4588-a398-ab7d8d8a5b1d/generated.json,reports,.json,1091
reports/content_packages/sig-identity-test-001/runs/a60cf67c-2a52-4cab-aac6-ac5f79f2920f/business_strategy.json,reports,.json,17194
reports/content_packages/sig-identity-test-001/runs/a60cf67c-2a52-4cab-aac6-ac5f79f2920f/generated.json,reports,.json,1091
reports/content_packages/sig-identity-test-001/runs/a626c13a-813a-4814-b48c-25a79a7a085f/assignment.json,reports,.json,836
reports/content_packages/sig-identity-test-001/runs/a626c13a-813a-4814-b48c-25a79a7a085f/business_strategy.json,reports,.json,17194
reports/content_packages/sig-identity-test-001/runs/a626c13a-813a-4814-b48c-25a79a7a085f/editorial_acceptance.json,reports,.json,298
reports/content_packages/sig-identity-test-001/runs/a626c13a-813a-4814-b48c-25a79a7a085f/generated.json,reports,.json,1091
reports/content_packages/sig-identity-test-001/runs/a63f6107-590c-49fa-a00b-e24aaad637fe/assignment.json,reports,.json,836
reports/content_packages/sig-identity-test-001/runs/a63f6107-590c-49fa-a00b-e24aaad637fe/business_strategy.json,reports,.json,17194
reports/content_packages/sig-identity-test-001/runs/a63f6107-590c-49fa-a00b-e24aaad637fe/editorial_acceptance.json,reports,.json,298
reports/content_packages/sig-identity-test-001/runs/a63f6107-590c-49fa-a00b-e24aaad637fe/generated.json,reports,.json,1091
reports/content_packages/sig-identity-test-001/runs/a671d62b-4c46-4c5a-878c-1fe7e8a7c6f6/assignment.json,reports,.json,836
reports/content_packages/sig-identity-test-001/runs/a671d62b-4c46-4c5a-878c-1fe7e8a7c6f6/business_strategy.json,reports,.json,17194
reports/content_packages/sig-identity-test-001/runs/a706eb00-7f74-45f1-aa15-d5fafbeb1f31/assignment.json,reports,.json,836
reports/content_packages/sig-identity-test-001/runs/a706eb00-7f74-45f1-aa15-d5fafbeb1f31/business_strategy.json,reports,.json,17194
reports/content_packages/sig-identity-test-001/runs/a76373bd-b86a-48f1-841f-18e47259c36a/business_strategy.json,reports,.json,17194
reports/content_packages/sig-identity-test-001/runs/a76373bd-b86a-48f1-841f-18e47259c36a/generated.json,reports,.json,1091
reports/content_packages/sig-identity-test-001/runs/a768d736-9d30-464b-9d40-f7428f8e6c32/assignment.json,reports,.json,844
reports/content_packages/sig-identity-test-001/runs/a768d736-9d30-464b-9d40-f7428f8e6c32/business_strategy.json,reports,.json,17194
reports/content_packages/sig-identity-test-001/runs/a768d736-9d30-464b-9d40-f7428f8e6c32/editorial_acceptance.json,reports,.json,298
reports/content_packages/sig-identity-test-001/runs/a768d736-9d30-464b-9d40-f7428f8e6c32/generated.json,reports,.json,1091
reports/content_packages/sig-identity-test-001/runs/a7ab7c11-a672-42a0-af73-81e0e2ffb657/business_strategy.json,reports,.json,17194
reports/content_packages/sig-identity-test-001/runs/a7ae7daf-de11-4420-9c39-1839960e6e3f/business_strategy.json,reports,.json,17194
reports/content_packages/sig-identity-test-001/runs/a7ae7daf-de11-4420-9c39-1839960e6e3f/generated.json,reports,.json,1091
reports/content_packages/sig-identity-test-001/runs/a7c375ff-3a3c-46e3-ac8c-4e545fe75b10/business_strategy.json,reports,.json,17194
reports/content_packages/sig-identity-test-001/runs/a7c375ff-3a3c-46e3-ac8c-4e545fe75b10/generated.json,reports,.json,1091
reports/content_packages/sig-identity-test-001/runs/a7e32411-37af-4122-9e14-2c9ec5d7b408/assignment.json,reports,.json,844
reports/content_packages/sig-identity-test-001/runs/a7e32411-37af-4122-9e14-2c9ec5d7b408/business_strategy.json,reports,.json,17194
reports/content_packages/sig-identity-test-001/runs/a7e32411-37af-4122-9e14-2c9ec5d7b408/editorial_acceptance.json,reports,.json,298
reports/content_packages/sig-identity-test-001/runs/a7e32411-37af-4122-9e14-2c9ec5d7b408/generated.json,reports,.json,1091
reports/content_packages/sig-identity-test-001/runs/a85be036-ed0b-4c1c-a432-e31d96eb18a0/generated.json,reports,.json,856
reports/content_packages/sig-identity-test-001/runs/a876d5e6-2f5f-4e91-a640-1c4956aba78a/business_strategy.json,reports,.json,17194
reports/content_packages/sig-identity-test-001/runs/a876d5e6-2f5f-4e91-a640-1c4956aba78a/editorial_acceptance.json,reports,.json,245
reports/content_packages/sig-identity-test-001/runs/a876d5e6-2f5f-4e91-a640-1c4956aba78a/generated.json,reports,.json,1091
reports/content_packages/sig-identity-test-001/runs/a8813c8c-441e-4f23-b11c-882db570563a/business_strategy.json,reports,.json,17194
reports/content_packages/sig-identity-test-001/runs/a8813c8c-441e-4f23-b11c-882db570563a/generated.json,reports,.json,1286
reports/content_packages/sig-identity-test-001/runs/a94af660-5839-4e0a-bb2b-ed20294dd429/business_strategy.json,reports,.json,17194
reports/content_packages/sig-identity-test-001/runs/a94af660-5839-4e0a-bb2b-ed20294dd429/generated.json,reports,.json,1091
reports/content_packages/sig-identity-test-001/runs/a94fbb08-0811-4070-aac7-a2e28303f48a/generated.json,reports,.json,856
reports/content_packages/sig-identity-test-001/runs/a9584c14-cd15-46a7-af44-a514b1f0c220/assignment.json,reports,.json,836
reports/content_packages/sig-identity-test-001/runs/a9584c14-cd15-46a7-af44-a514b1f0c220/business_strategy.json,reports,.json,17194
reports/content_packages/sig-identity-test-001/runs/a9584c14-cd15-46a7-af44-a514b1f0c220/editorial_acceptance.json,reports,.json,298
reports/content_packages/sig-identity-test-001/runs/a9584c14-cd15-46a7-af44-a514b1f0c220/generated.json,reports,.json,1091
reports/content_packages/sig-identity-test-001/runs/a95a8753-209b-4e44-b7c9-c36cb6126f26/assignment.json,reports,.json,844
reports/content_packages/sig-identity-test-001/runs/a95a8753-209b-4e44-b7c9-c36cb6126f26/business_strategy.json,reports,.json,17194
reports/content_packages/sig-identity-test-001/runs/a95a8753-209b-4e44-b7c9-c36cb6126f26/editorial_acceptance.json,reports,.json,298
reports/content_packages/sig-identity-test-001/runs/a95a8753-209b-4e44-b7c9-c36cb6126f26/generated.json,reports,.json,1091
reports/content_packages/sig-identity-test-001/runs/a98b3e33-af74-4bfc-baf9-bcdab335d686/business_strategy.json,reports,.json,17194
reports/content_packages/sig-identity-test-001/runs/a98b3e33-af74-4bfc-baf9-bcdab335d686/editorial_acceptance.json,reports,.json,245
reports/content_packages/sig-identity-test-001/runs/a98b3e33-af74-4bfc-baf9-bcdab335d686/generated.json,reports,.json,1091
reports/content_packages/sig-identity-test-001/runs/a9f86573-c002-4ffe-9cb8-2c63da4d1f2a/assignment.json,reports,.json,836
reports/content_packages/sig-identity-test-001/runs/a9f86573-c002-4ffe-9cb8-2c63da4d1f2a/business_strategy.json,reports,.json,17194
reports/content_packages/sig-identity-test-001/runs/a9f86573-c002-4ffe-9cb8-2c63da4d1f2a/editorial_acceptance.json,reports,.json,298
reports/content_packages/sig-identity-test-001/runs/a9f86573-c002-4ffe-9cb8-2c63da4d1f2a/generated.json,reports,.json,1091
reports/content_packages/sig-identity-test-001/runs/aa0bd1fe-a6e0-4026-a39a-00a44d29a27b/assignment.json,reports,.json,836
reports/content_packages/sig-identity-test-001/runs/aa0bd1fe-a6e0-4026-a39a-00a44d29a27b/business_strategy.json,reports,.json,17194
reports/content_packages/sig-identity-test-001/runs/aa0bd1fe-a6e0-4026-a39a-00a44d29a27b/editorial_acceptance.json,reports,.json,298
reports/content_packages/sig-identity-test-001/runs/aa0bd1fe-a6e0-4026-a39a-00a44d29a27b/generated.json,reports,.json,1091
reports/content_packages/sig-identity-test-001/runs/aa68b631-377c-49bb-b6d3-2be764eef1c1/business_strategy.json,reports,.json,17194
reports/content_packages/sig-identity-test-001/runs/aa68b631-377c-49bb-b6d3-2be764eef1c1/editorial_acceptance.json,reports,.json,245
reports/content_packages/sig-identity-test-001/runs/aa68b631-377c-49bb-b6d3-2be764eef1c1/generated.json,reports,.json,1091
reports/content_packages/sig-identity-test-001/runs/aa6db286-a3b5-4cb9-8eb9-5b503a55c319/generated.json,reports,.json,856
reports/content_packages/sig-identity-test-001/runs/aa917853-5429-49a5-947b-f4258d471eb0/assignment.json,reports,.json,844
reports/content_packages/sig-identity-test-001/runs/aa917853-5429-49a5-947b-f4258d471eb0/business_strategy.json,reports,.json,17194
reports/content_packages/sig-identity-test-001/runs/aa917853-5429-49a5-947b-f4258d471eb0/editorial_acceptance.json,reports,.json,298
reports/content_packages/sig-identity-test-001/runs/aa917853-5429-49a5-947b-f4258d471eb0/generated.json,reports,.json,1091
reports/content_packages/sig-identity-test-001/runs/aacec6b4-ff2d-4f1b-8a4b-ad569e118cdb/assignment.json,reports,.json,844
reports/content_packages/sig-identity-test-001/runs/aacec6b4-ff2d-4f1b-8a4b-ad569e118cdb/business_strategy.json,reports,.json,17194
reports/content_packages/sig-identity-test-001/runs/aacec6b4-ff2d-4f1b-8a4b-ad569e118cdb/editorial_acceptance.json,reports,.json,298
reports/content_packages/sig-identity-test-001/runs/aacec6b4-ff2d-4f1b-8a4b-ad569e118cdb/generated.json,reports,.json,1091
reports/content_packages/sig-identity-test-001/runs/ab01b80b-cfab-4987-b823-02bb270ba2fa/business_strategy.json,reports,.json,17194
reports/content_packages/sig-identity-test-001/runs/ab01b80b-cfab-4987-b823-02bb270ba2fa/editorial_acceptance.json,reports,.json,245
reports/content_packages/sig-identity-test-001/runs/ab01b80b-cfab-4987-b823-02bb270ba2fa/generated.json,reports,.json,1091
reports/content_packages/sig-identity-test-001/runs/ab387661-ad75-4b04-b18e-95c73d89f1e4/business_strategy.json,reports,.json,17194
reports/content_packages/sig-identity-test-001/runs/ab3abaef-e4ce-4cbc-9ed8-1d4c00433c09/generated.json,reports,.json,990
reports/content_packages/sig-identity-test-001/runs/ab4d3a45-e3c0-4d88-8fb1-173364ffddb9/generated.json,reports,.json,856
reports/content_packages/sig-identity-test-001/runs/ab60a328-e203-4559-a3ce-b4e227b7afb5/generated.json,reports,.json,856
reports/content_packages/sig-identity-test-001/runs/abb0f614-d88d-4c38-96ed-b674384288a4/assignment.json,reports,.json,836
reports/content_packages/sig-identity-test-001/runs/abb0f614-d88d-4c38-96ed-b674384288a4/business_strategy.json,reports,.json,17194
reports/content_packages/sig-identity-test-001/runs/abb0f614-d88d-4c38-96ed-b674384288a4/editorial_acceptance.json,reports,.json,298
reports/content_packages/sig-identity-test-001/runs/abb0f614-d88d-4c38-96ed-b674384288a4/generated.json,reports,.json,1091
reports/content_packages/sig-identity-test-001/runs/abd661f1-221a-4df8-a2e0-d5a660ed28f7/assignment.json,reports,.json,836
reports/content_packages/sig-identity-test-001/runs/abd661f1-221a-4df8-a2e0-d5a660ed28f7/business_strategy.json,reports,.json,17194
reports/content_packages/sig-identity-test-001/runs/abe65226-85ff-443f-a7f8-fb9ee9236282/business_strategy.json,reports,.json,17194
reports/content_packages/sig-identity-test-001/runs/abe65226-85ff-443f-a7f8-fb9ee9236282/editorial_acceptance.json,reports,.json,245
reports/content_packages/sig-identity-test-001/runs/abe65226-85ff-443f-a7f8-fb9ee9236282/generated.json,reports,.json,1091
reports/content_packages/sig-identity-test-001/runs/ac70d17a-8c59-4d83-9d51-2a58bcdfe7a8/generated.json,reports,.json,856
reports/content_packages/sig-identity-test-001/runs/ac745edb-bc50-4296-b142-cf01f40183ff/business_strategy.json,reports,.json,17194
reports/content_packages/sig-identity-test-001/runs/ac75c892-bf4a-4e00-a6df-5b37f73123be/generated.json,reports,.json,856
reports/content_packages/sig-identity-test-001/runs/ac7be769-85f1-4e85-a0bc-1c098c270861/assignment.json,reports,.json,836
reports/content_packages/sig-identity-test-001/runs/ac7be769-85f1-4e85-a0bc-1c098c270861/business_strategy.json,reports,.json,17194
reports/content_packages/sig-identity-test-001/runs/ac7be769-85f1-4e85-a0bc-1c098c270861/editorial_acceptance.json,reports,.json,298
reports/content_packages/sig-identity-test-001/runs/ac7be769-85f1-4e85-a0bc-1c098c270861/generated.json,reports,.json,1091
reports/content_packages/sig-identity-test-001/runs/ac88f6da-698e-4346-8030-b2e6f821806f/assignment.json,reports,.json,836
reports/content_packages/sig-identity-test-001/runs/ac88f6da-698e-4346-8030-b2e6f821806f/business_strategy.json,reports,.json,17194
reports/content_packages/sig-identity-test-001/runs/ac88f6da-698e-4346-8030-b2e6f821806f/editorial_acceptance.json,reports,.json,298
reports/content_packages/sig-identity-test-001/runs/ac88f6da-698e-4346-8030-b2e6f821806f/generated.json,reports,.json,1091
reports/content_packages/sig-identity-test-001/runs/adb4b79b-6bf6-4400-aad7-544c35b6a987/assignment.json,reports,.json,836
reports/content_packages/sig-identity-test-001/runs/adb4b79b-6bf6-4400-aad7-544c35b6a987/business_strategy.json,reports,.json,17194
reports/content_packages/sig-identity-test-001/runs/adb4b79b-6bf6-4400-aad7-544c35b6a987/editorial_acceptance.json,reports,.json,298
reports/content_packages/sig-identity-test-001/runs/adb4b79b-6bf6-4400-aad7-544c35b6a987/generated.json,reports,.json,1091
reports/content_packages/sig-identity-test-001/runs/add09c04-ca3c-4f9e-b277-2ed99f241187/assignment.json,reports,.json,836
reports/content_packages/sig-identity-test-001/runs/add09c04-ca3c-4f9e-b277-2ed99f241187/business_strategy.json,reports,.json,17194
reports/content_packages/sig-identity-test-001/runs/ae24fff3-9b73-405d-83df-76b58291c3db/generated.json,reports,.json,856
reports/content_packages/sig-identity-test-001/runs/ae4078c0-4c9d-4617-a0f1-35ad823032bd/assignment.json,reports,.json,836
reports/content_packages/sig-identity-test-001/runs/ae4078c0-4c9d-4617-a0f1-35ad823032bd/business_strategy.json,reports,.json,17194
reports/content_packages/sig-identity-test-001/runs/ae4078c0-4c9d-4617-a0f1-35ad823032bd/editorial_acceptance.json,reports,.json,298
reports/content_packages/sig-identity-test-001/runs/ae4078c0-4c9d-4617-a0f1-35ad823032bd/generated.json,reports,.json,1091
reports/content_packages/sig-identity-test-001/runs/ae44e680-1a8d-40c5-b241-09689524ebda/assignment.json,reports,.json,836
reports/content_packages/sig-identity-test-001/runs/ae44e680-1a8d-40c5-b241-09689524ebda/business_strategy.json,reports,.json,17194
reports/content_packages/sig-identity-test-001/runs/ae44e680-1a8d-40c5-b241-09689524ebda/editorial_acceptance.json,reports,.json,298
reports/content_packages/sig-identity-test-001/runs/ae44e680-1a8d-40c5-b241-09689524ebda/generated.json,reports,.json,1091
reports/content_packages/sig-identity-test-001/runs/ae4575e4-3b36-4a99-8585-21c235746a85/business_strategy.json,reports,.json,17194
reports/content_packages/sig-identity-test-001/runs/ae751f27-ccaa-4e66-bb39-a260b2d83999/business_strategy.json,reports,.json,17194
reports/content_packages/sig-identity-test-001/runs/ae7f447f-03de-44e8-81f6-29291f81a3bb/business_strategy.json,reports,.json,17194
reports/content_packages/sig-identity-test-001/runs/ae7f447f-03de-44e8-81f6-29291f81a3bb/generated.json,reports,.json,1091
reports/content_packages/sig-identity-test-001/runs/ae825bea-fe90-4dd8-9eef-ea93625dbdba/assignment.json,reports,.json,836
reports/content_packages/sig-identity-test-001/runs/ae825bea-fe90-4dd8-9eef-ea93625dbdba/business_strategy.json,reports,.json,17194
reports/content_packages/sig-identity-test-001/runs/ae825bea-fe90-4dd8-9eef-ea93625dbdba/editorial_acceptance.json,reports,.json,298
reports/content_packages/sig-identity-test-001/runs/ae825bea-fe90-4dd8-9eef-ea93625dbdba/generated.json,reports,.json,1091
reports/content_packages/sig-identity-test-001/runs/ae87c199-485e-415f-b954-b390e112b4a7/business_strategy.json,reports,.json,17194
reports/content_packages/sig-identity-test-001/runs/ae87c199-485e-415f-b954-b390e112b4a7/generated.json,reports,.json,1091
reports/content_packages/sig-identity-test-001/runs/aeaa635e-2ad3-49e4-b08e-5b538e6982d7/business_strategy.json,reports,.json,17194
reports/content_packages/sig-identity-test-001/runs/aeaa635e-2ad3-49e4-b08e-5b538e6982d7/editorial_acceptance.json,reports,.json,245
reports/content_packages/sig-identity-test-001/runs/aeaa635e-2ad3-49e4-b08e-5b538e6982d7/generated.json,reports,.json,1091
reports/content_packages/sig-identity-test-001/runs/af1b7124-d04b-4d40-9252-36d79dcbcda0/business_strategy.json,reports,.json,17194
reports/content_packages/sig-identity-test-001/runs/af1b7124-d04b-4d40-9252-36d79dcbcda0/generated.json,reports,.json,1091
reports/content_packages/sig-identity-test-001/runs/af251936-ea17-4e3c-b77a-2fa3762d1b3a/business_strategy.json,reports,.json,17194
reports/content_packages/sig-identity-test-001/runs/af323295-a691-4cf3-860c-54f28689b90f/business_strategy.json,reports,.json,17194
reports/content_packages/sig-identity-test-001/runs/af323295-a691-4cf3-860c-54f28689b90f/editorial_acceptance.json,reports,.json,245
reports/content_packages/sig-identity-test-001/runs/af323295-a691-4cf3-860c-54f28689b90f/generated.json,reports,.json,1091
reports/content_packages/sig-identity-test-001/runs/af80f4e3-440b-4514-8bc7-6a668215a126/business_strategy.json,reports,.json,17194
reports/content_packages/sig-identity-test-001/runs/af80f4e3-440b-4514-8bc7-6a668215a126/generated.json,reports,.json,1091
reports/content_packages/sig-identity-test-001/runs/af9f3fc5-9a8b-480f-9541-1591b6bd2281/generated.json,reports,.json,856
reports/content_packages/sig-identity-test-001/runs/afde9d6d-6508-41a2-96db-04a9ec699ee4/generated.json,reports,.json,856
reports/content_packages/sig-identity-test-001/runs/b09b84b2-10ca-4488-a802-203fb078d8ae/generated.json,reports,.json,856
reports/content_packages/sig-identity-test-001/runs/b0e4c439-1564-4e76-95fa-5652698d13bc/business_strategy.json,reports,.json,17194
reports/content_packages/sig-identity-test-001/runs/b0e4c439-1564-4e76-95fa-5652698d13bc/generated.json,reports,.json,1091
reports/content_packages/sig-identity-test-001/runs/b0fccc79-06dd-4964-b46c-dfe93409e9b4/business_strategy.json,reports,.json,17194
reports/content_packages/sig-identity-test-001/runs/b0fccc79-06dd-4964-b46c-dfe93409e9b4/editorial_acceptance.json,reports,.json,245
reports/content_packages/sig-identity-test-001/runs/b0fccc79-06dd-4964-b46c-dfe93409e9b4/generated.json,reports,.json,1091
reports/content_packages/sig-identity-test-001/runs/b114001c-67cd-4d32-9788-b56ed21b1d89/business_strategy.json,reports,.json,17194
reports/content_packages/sig-identity-test-001/runs/b1253282-4578-45af-b461-9a6a72cb05f7/business_strategy.json,reports,.json,17194
reports/content_packages/sig-identity-test-001/runs/b1253282-4578-45af-b461-9a6a72cb05f7/generated.json,reports,.json,1091
reports/content_packages/sig-identity-test-001/runs/b17c0906-aa2a-46c3-bdd1-188e022f998e/business_strategy.json,reports,.json,17194
reports/content_packages/sig-identity-test-001/runs/b1b1e85c-2874-4ab6-910c-9e72fc6ce39b/business_strategy.json,reports,.json,17194
reports/content_packages/sig-identity-test-001/runs/b1b1e85c-2874-4ab6-910c-9e72fc6ce39b/generated.json,reports,.json,1091
reports/content_packages/sig-identity-test-001/runs/b1b26d7d-0894-4a4f-bdb7-7d551a9795ad/generated.json,reports,.json,856
reports/content_packages/sig-identity-test-001/runs/b1d7e63e-757b-4573-a772-961277d0563e/business_strategy.json,reports,.json,17194
reports/content_packages/sig-identity-test-001/runs/b1d7e63e-757b-4573-a772-961277d0563e/editorial_acceptance.json,reports,.json,245
reports/content_packages/sig-identity-test-001/runs/b1d7e63e-757b-4573-a772-961277d0563e/generated.json,reports,.json,1091
reports/content_packages/sig-identity-test-001/runs/b1def660-6daa-4a83-9997-8bf08f4071ac/assignment.json,reports,.json,836
reports/content_packages/sig-identity-test-001/runs/b1def660-6daa-4a83-9997-8bf08f4071ac/business_strategy.json,reports,.json,17194
reports/content_packages/sig-identity-test-001/runs/b21d4dca-fc50-4a7f-b8e3-f6a5769f445f/business_strategy.json,reports,.json,17194
reports/content_packages/sig-identity-test-001/runs/b21d4dca-fc50-4a7f-b8e3-f6a5769f445f/editorial_acceptance.json,reports,.json,245
reports/content_packages/sig-identity-test-001/runs/b21d4dca-fc50-4a7f-b8e3-f6a5769f445f/generated.json,reports,.json,1091
reports/content_packages/sig-identity-test-001/runs/b28fae52-1bfb-493a-867d-3867a3a8e82f/business_strategy.json,reports,.json,17194
reports/content_packages/sig-identity-test-001/runs/b28fae52-1bfb-493a-867d-3867a3a8e82f/generated.json,reports,.json,1091
reports/content_packages/sig-identity-test-001/runs/b2a1c86e-8e29-4b9c-bfcb-eda6ae5c8ef7/generated.json,reports,.json,856
reports/content_packages/sig-identity-test-001/runs/b3087109-6799-40bf-bb3e-48b93a57a332/business_strategy.json,reports,.json,17194
reports/content_packages/sig-identity-test-001/runs/b3178675-c42b-4aa0-9b9a-e6ddf55d5ecc/assignment.json,reports,.json,836
reports/content_packages/sig-identity-test-001/runs/b3178675-c42b-4aa0-9b9a-e6ddf55d5ecc/business_strategy.json,reports,.json,17194
reports/content_packages/sig-identity-test-001/runs/b3178675-c42b-4aa0-9b9a-e6ddf55d5ecc/editorial_acceptance.json,reports,.json,298
reports/content_packages/sig-identity-test-001/runs/b3178675-c42b-4aa0-9b9a-e6ddf55d5ecc/generated.json,reports,.json,1091
reports/content_packages/sig-identity-test-001/runs/b3299feb-26c3-48ed-bab2-351a551bf627/assignment.json,reports,.json,836
reports/content_packages/sig-identity-test-001/runs/b3299feb-26c3-48ed-bab2-351a551bf627/business_strategy.json,reports,.json,17194
reports/content_packages/sig-identity-test-001/runs/b3299feb-26c3-48ed-bab2-351a551bf627/editorial_acceptance.json,reports,.json,298
reports/content_packages/sig-identity-test-001/runs/b3299feb-26c3-48ed-bab2-351a551bf627/generated.json,reports,.json,1091
reports/content_packages/sig-identity-test-001/runs/b3af1e4b-8129-4ee5-a5c6-4d28dd895da2/business_strategy.json,reports,.json,17194
reports/content_packages/sig-identity-test-001/runs/b3b41552-9b92-41dd-8af2-cb29d374d52b/business_strategy.json,reports,.json,17194
reports/content_packages/sig-identity-test-001/runs/b3b41552-9b92-41dd-8af2-cb29d374d52b/generated.json,reports,.json,1091
reports/content_packages/sig-identity-test-001/runs/b3b948e3-c557-4b70-bb17-50dc3db447b6/assignment.json,reports,.json,836
reports/content_packages/sig-identity-test-001/runs/b3b948e3-c557-4b70-bb17-50dc3db447b6/business_strategy.json,reports,.json,17194
reports/content_packages/sig-identity-test-001/runs/b3c5f752-1c86-41b3-abc2-1b86e9a28d40/business_strategy.json,reports,.json,17194
reports/content_packages/sig-identity-test-001/runs/b3c5f752-1c86-41b3-abc2-1b86e9a28d40/generated.json,reports,.json,1091
reports/content_packages/sig-identity-test-001/runs/b48b9bb2-883b-4c11-9403-1b673030b961/assignment.json,reports,.json,836
reports/content_packages/sig-identity-test-001/runs/b48b9bb2-883b-4c11-9403-1b673030b961/business_strategy.json,reports,.json,17194
reports/content_packages/sig-identity-test-001/runs/b48b9bb2-883b-4c11-9403-1b673030b961/editorial_acceptance.json,reports,.json,298
reports/content_packages/sig-identity-test-001/runs/b48b9bb2-883b-4c11-9403-1b673030b961/generated.json,reports,.json,1091
reports/content_packages/sig-identity-test-001/runs/b5ad02c5-e993-4514-a488-11a0beb7ff96/assignment.json,reports,.json,836
reports/content_packages/sig-identity-test-001/runs/b5ad02c5-e993-4514-a488-11a0beb7ff96/business_strategy.json,reports,.json,17194
reports/content_packages/sig-identity-test-001/runs/b5feb11b-bb99-40ea-9f79-e5eb234029f7/business_strategy.json,reports,.json,17194
reports/content_packages/sig-identity-test-001/runs/b5feb11b-bb99-40ea-9f79-e5eb234029f7/editorial_acceptance.json,reports,.json,245
reports/content_packages/sig-identity-test-001/runs/b5feb11b-bb99-40ea-9f79-e5eb234029f7/generated.json,reports,.json,1091
reports/content_packages/sig-identity-test-001/runs/b60d73be-2fbc-4de9-bbcf-43e6d851b7fd/assignment.json,reports,.json,836
reports/content_packages/sig-identity-test-001/runs/b60d73be-2fbc-4de9-bbcf-43e6d851b7fd/business_strategy.json,reports,.json,17194
reports/content_packages/sig-identity-test-001/runs/b60d73be-2fbc-4de9-bbcf-43e6d851b7fd/editorial_acceptance.json,reports,.json,298
reports/content_packages/sig-identity-test-001/runs/b60d73be-2fbc-4de9-bbcf-43e6d851b7fd/generated.json,reports,.json,1091
reports/content_packages/sig-identity-test-001/runs/b618afbe-bb63-45b6-be37-f16528a98b83/business_strategy.json,reports,.json,17194
reports/content_packages/sig-identity-test-001/runs/b618afbe-bb63-45b6-be37-f16528a98b83/generated.json,reports,.json,1091
reports/content_packages/sig-identity-test-001/runs/b6a246f0-04e0-4be4-88d5-9449559827a7/business_strategy.json,reports,.json,17194
reports/content_packages/sig-identity-test-001/runs/b6a246f0-04e0-4be4-88d5-9449559827a7/generated.json,reports,.json,1091
reports/content_packages/sig-identity-test-001/runs/b6f81596-522d-4b63-9767-f46923cf8395/business_strategy.json,reports,.json,17194
reports/content_packages/sig-identity-test-001/runs/b6f81596-522d-4b63-9767-f46923cf8395/generated.json,reports,.json,1091
reports/content_packages/sig-identity-test-001/runs/b75f5fb9-3143-44d9-8aaa-e7e11192fb97/assignment.json,reports,.json,836
reports/content_packages/sig-identity-test-001/runs/b75f5fb9-3143-44d9-8aaa-e7e11192fb97/business_strategy.json,reports,.json,17194
reports/content_packages/sig-identity-test-001/runs/b75f5fb9-3143-44d9-8aaa-e7e11192fb97/editorial_acceptance.json,reports,.json,298
reports/content_packages/sig-identity-test-001/runs/b75f5fb9-3143-44d9-8aaa-e7e11192fb97/generated.json,reports,.json,1091
reports/content_packages/sig-identity-test-001/runs/b7bb43e7-04d9-4756-961f-58d17d88d294/assignment.json,reports,.json,844
reports/content_packages/sig-identity-test-001/runs/b7bb43e7-04d9-4756-961f-58d17d88d294/business_strategy.json,reports,.json,17194
reports/content_packages/sig-identity-test-001/runs/b7bb43e7-04d9-4756-961f-58d17d88d294/editorial_acceptance.json,reports,.json,298
reports/content_packages/sig-identity-test-001/runs/b7bb43e7-04d9-4756-961f-58d17d88d294/generated.json,reports,.json,1091
reports/content_packages/sig-identity-test-001/runs/b7d62f36-ed66-45cb-852b-4abe41d9b35f/assignment.json,reports,.json,836
reports/content_packages/sig-identity-test-001/runs/b7d62f36-ed66-45cb-852b-4abe41d9b35f/business_strategy.json,reports,.json,17194
reports/content_packages/sig-identity-test-001/runs/b7d62f36-ed66-45cb-852b-4abe41d9b35f/editorial_acceptance.json,reports,.json,298
reports/content_packages/sig-identity-test-001/runs/b7d62f36-ed66-45cb-852b-4abe41d9b35f/generated.json,reports,.json,1091
reports/content_packages/sig-identity-test-001/runs/b7ec4919-cdfd-46ef-a61f-5dc54e8adc3b/business_strategy.json,reports,.json,17194
reports/content_packages/sig-identity-test-001/runs/b7ec4919-cdfd-46ef-a61f-5dc54e8adc3b/generated.json,reports,.json,1091
reports/content_packages/sig-identity-test-001/runs/b7f74253-9407-412f-bfe2-bb38045db792/generated.json,reports,.json,856
reports/content_packages/sig-identity-test-001/runs/b7f8ea05-8136-4b61-b1fc-2f7692276669/assignment.json,reports,.json,836
reports/content_packages/sig-identity-test-001/runs/b7f8ea05-8136-4b61-b1fc-2f7692276669/business_strategy.json,reports,.json,17194
reports/content_packages/sig-identity-test-001/runs/b7f8ea05-8136-4b61-b1fc-2f7692276669/editorial_acceptance.json,reports,.json,298
reports/content_packages/sig-identity-test-001/runs/b7f8ea05-8136-4b61-b1fc-2f7692276669/generated.json,reports,.json,1091
reports/content_packages/sig-identity-test-001/runs/b7f9a42d-712c-4847-b5f3-55b28dcb6eea/business_strategy.json,reports,.json,17194
reports/content_packages/sig-identity-test-001/runs/b7f9a42d-712c-4847-b5f3-55b28dcb6eea/generated.json,reports,.json,1091
reports/content_packages/sig-identity-test-001/runs/b8652ed8-e2e7-4dbb-9d6d-371cc6305652/assignment.json,reports,.json,836
reports/content_packages/sig-identity-test-001/runs/b8652ed8-e2e7-4dbb-9d6d-371cc6305652/business_strategy.json,reports,.json,17194
reports/content_packages/sig-identity-test-001/runs/b8652ed8-e2e7-4dbb-9d6d-371cc6305652/editorial_acceptance.json,reports,.json,298
reports/content_packages/sig-identity-test-001/runs/b8652ed8-e2e7-4dbb-9d6d-371cc6305652/generated.json,reports,.json,1091
reports/content_packages/sig-identity-test-001/runs/b8980b70-5d17-45ac-98ba-486046bcba23/generated.json,reports,.json,856
reports/content_packages/sig-identity-test-001/runs/b8c928b4-5f32-4032-b789-265e8f56d80f/assignment.json,reports,.json,836
reports/content_packages/sig-identity-test-001/runs/b8c928b4-5f32-4032-b789-265e8f56d80f/business_strategy.json,reports,.json,17194
reports/content_packages/sig-identity-test-001/runs/b8c928b4-5f32-4032-b789-265e8f56d80f/editorial_acceptance.json,reports,.json,298
reports/content_packages/sig-identity-test-001/runs/b8c928b4-5f32-4032-b789-265e8f56d80f/generated.json,reports,.json,1091
reports/content_packages/sig-identity-test-001/runs/b9076421-265e-4b47-b322-c45c632c83d7/assignment.json,reports,.json,836
reports/content_packages/sig-identity-test-001/runs/b9076421-265e-4b47-b322-c45c632c83d7/business_strategy.json,reports,.json,17194
reports/content_packages/sig-identity-test-001/runs/b93b3b60-7b3b-4a7d-8677-e7b82a86079c/business_strategy.json,reports,.json,17194
reports/content_packages/sig-identity-test-001/runs/b957a512-7aee-461b-ba23-85118ee52260/assignment.json,reports,.json,836
reports/content_packages/sig-identity-test-001/runs/b957a512-7aee-461b-ba23-85118ee52260/business_strategy.json,reports,.json,17194
reports/content_packages/sig-identity-test-001/runs/b957a512-7aee-461b-ba23-85118ee52260/editorial_acceptance.json,reports,.json,298
reports/content_packages/sig-identity-test-001/runs/b957a512-7aee-461b-ba23-85118ee52260/generated.json,reports,.json,1091
reports/content_packages/sig-identity-test-001/runs/b9be79e6-64d8-4c03-86e3-38b56cc061f5/business_strategy.json,reports,.json,17194
reports/content_packages/sig-identity-test-001/runs/b9e94110-262e-49d9-835a-bfa5e774db5d/business_strategy.json,reports,.json,17194
reports/content_packages/sig-identity-test-001/runs/b9e94110-262e-49d9-835a-bfa5e774db5d/generated.json,reports,.json,1091
reports/content_packages/sig-identity-test-001/runs/ba07aa8c-93b6-434f-ab70-7725fabb726b/business_strategy.json,reports,.json,17194
reports/content_packages/sig-identity-test-001/runs/ba27384a-8229-4895-8252-d66270f1daab/assignment.json,reports,.json,836
reports/content_packages/sig-identity-test-001/runs/ba27384a-8229-4895-8252-d66270f1daab/business_strategy.json,reports,.json,17194
reports/content_packages/sig-identity-test-001/runs/ba27384a-8229-4895-8252-d66270f1daab/editorial_acceptance.json,reports,.json,298
reports/content_packages/sig-identity-test-001/runs/ba27384a-8229-4895-8252-d66270f1daab/generated.json,reports,.json,1091
reports/content_packages/sig-identity-test-001/runs/ba8da9f5-bb65-4cc3-9519-5574f4cf602b/business_strategy.json,reports,.json,17194
reports/content_packages/sig-identity-test-001/runs/ba8da9f5-bb65-4cc3-9519-5574f4cf602b/generated.json,reports,.json,1091
reports/content_packages/sig-identity-test-001/runs/baf1ae32-f4e4-4e89-b81e-8701cdb26508/assignment.json,reports,.json,836
reports/content_packages/sig-identity-test-001/runs/baf1ae32-f4e4-4e89-b81e-8701cdb26508/business_strategy.json,reports,.json,17194
reports/content_packages/sig-identity-test-001/runs/baf1ae32-f4e4-4e89-b81e-8701cdb26508/editorial_acceptance.json,reports,.json,298
reports/content_packages/sig-identity-test-001/runs/baf1ae32-f4e4-4e89-b81e-8701cdb26508/generated.json,reports,.json,1091
reports/content_packages/sig-identity-test-001/runs/bb388ca4-79f4-4a3c-b4cb-d490702e7a17/business_strategy.json,reports,.json,17194
reports/content_packages/sig-identity-test-001/runs/bb388ca4-79f4-4a3c-b4cb-d490702e7a17/editorial_acceptance.json,reports,.json,245
reports/content_packages/sig-identity-test-001/runs/bb388ca4-79f4-4a3c-b4cb-d490702e7a17/generated.json,reports,.json,1091
reports/content_packages/sig-identity-test-001/runs/bb58563c-671a-4b33-a53f-a99a357e4d02/assignment.json,reports,.json,844
reports/content_packages/sig-identity-test-001/runs/bb58563c-671a-4b33-a53f-a99a357e4d02/business_strategy.json,reports,.json,17194
reports/content_packages/sig-identity-test-001/runs/bb58563c-671a-4b33-a53f-a99a357e4d02/editorial_acceptance.json,reports,.json,298
reports/content_packages/sig-identity-test-001/runs/bb58563c-671a-4b33-a53f-a99a357e4d02/generated.json,reports,.json,1091
reports/content_packages/sig-identity-test-001/runs/bb8b749f-7b48-4da1-b239-3e84cb215964/generated.json,reports,.json,856
reports/content_packages/sig-identity-test-001/runs/bb9ca44f-7dfb-45d6-8f66-68181af66de7/business_strategy.json,reports,.json,17194
reports/content_packages/sig-identity-test-001/runs/bb9ca44f-7dfb-45d6-8f66-68181af66de7/generated.json,reports,.json,1091
reports/content_packages/sig-identity-test-001/runs/bbf341fa-0bb7-44a9-a40f-b671a11539e3/assignment.json,reports,.json,836
reports/content_packages/sig-identity-test-001/runs/bbf341fa-0bb7-44a9-a40f-b671a11539e3/business_strategy.json,reports,.json,17194
reports/content_packages/sig-identity-test-001/runs/bbf341fa-0bb7-44a9-a40f-b671a11539e3/editorial_acceptance.json,reports,.json,298
reports/content_packages/sig-identity-test-001/runs/bbf341fa-0bb7-44a9-a40f-b671a11539e3/generated.json,reports,.json,1091
reports/content_packages/sig-identity-test-001/runs/bc337095-b5e3-4f25-8f2e-50ce808f2ad0/assignment.json,reports,.json,836
reports/content_packages/sig-identity-test-001/runs/bc337095-b5e3-4f25-8f2e-50ce808f2ad0/business_strategy.json,reports,.json,17194
reports/content_packages/sig-identity-test-001/runs/bc337095-b5e3-4f25-8f2e-50ce808f2ad0/editorial_acceptance.json,reports,.json,298
reports/content_packages/sig-identity-test-001/runs/bc337095-b5e3-4f25-8f2e-50ce808f2ad0/generated.json,reports,.json,1091
reports/content_packages/sig-identity-test-001/runs/bc7ab59e-9aea-4e50-82a1-9b831697f4df/assignment.json,reports,.json,836
reports/content_packages/sig-identity-test-001/runs/bc7ab59e-9aea-4e50-82a1-9b831697f4df/business_strategy.json,reports,.json,17194
reports/content_packages/sig-identity-test-001/runs/bc7ab59e-9aea-4e50-82a1-9b831697f4df/editorial_acceptance.json,reports,.json,298
reports/content_packages/sig-identity-test-001/runs/bc7ab59e-9aea-4e50-82a1-9b831697f4df/generated.json,reports,.json,1091
reports/content_packages/sig-identity-test-001/runs/bcf8ec82-35ae-4a2c-84ba-75ae0d251fe2/assignment.json,reports,.json,844
reports/content_packages/sig-identity-test-001/runs/bcf8ec82-35ae-4a2c-84ba-75ae0d251fe2/business_strategy.json,reports,.json,17194
reports/content_packages/sig-identity-test-001/runs/bcf8ec82-35ae-4a2c-84ba-75ae0d251fe2/editorial_acceptance.json,reports,.json,298
reports/content_packages/sig-identity-test-001/runs/bcf8ec82-35ae-4a2c-84ba-75ae0d251fe2/generated.json,reports,.json,1091
reports/content_packages/sig-identity-test-001/runs/bd14d824-8898-4ba1-bd45-b27d39df3c7b/business_strategy.json,reports,.json,17194
reports/content_packages/sig-identity-test-001/runs/bd52334c-08a8-437b-8365-af50cc32b946/generated.json,reports,.json,856
reports/content_packages/sig-identity-test-001/runs/bd709e12-6bdb-4dd2-ac85-c7e0addd868f/generated.json,reports,.json,856
reports/content_packages/sig-identity-test-001/runs/bdf96f23-fd7f-49bb-9e33-5987da69e463/business_strategy.json,reports,.json,17194
reports/content_packages/sig-identity-test-001/runs/bdf96f23-fd7f-49bb-9e33-5987da69e463/generated.json,reports,.json,1091
reports/content_packages/sig-identity-test-001/runs/be1ccb7d-426a-4752-99e4-c1a4b08d0e77/business_strategy.json,reports,.json,17194
reports/content_packages/sig-identity-test-001/runs/be1ccb7d-426a-4752-99e4-c1a4b08d0e77/editorial_acceptance.json,reports,.json,245
reports/content_packages/sig-identity-test-001/runs/be1ccb7d-426a-4752-99e4-c1a4b08d0e77/generated.json,reports,.json,1091
reports/content_packages/sig-identity-test-001/runs/be9fa757-42f4-48a7-ae1c-e6a7f1b3fc55/business_strategy.json,reports,.json,17194
reports/content_packages/sig-identity-test-001/runs/be9fa757-42f4-48a7-ae1c-e6a7f1b3fc55/generated.json,reports,.json,1091
reports/content_packages/sig-identity-test-001/runs/beed415c-5313-4d3c-a403-1795c8f6b3a1/assignment.json,reports,.json,844
reports/content_packages/sig-identity-test-001/runs/beed415c-5313-4d3c-a403-1795c8f6b3a1/business_strategy.json,reports,.json,17194
reports/content_packages/sig-identity-test-001/runs/beed415c-5313-4d3c-a403-1795c8f6b3a1/editorial_acceptance.json,reports,.json,298
reports/content_packages/sig-identity-test-001/runs/beed415c-5313-4d3c-a403-1795c8f6b3a1/generated.json,reports,.json,1091
reports/content_packages/sig-identity-test-001/runs/bf407913-f737-4f8e-93b8-3b6b883f6aef/business_strategy.json,reports,.json,17194
reports/content_packages/sig-identity-test-001/runs/bf52c5a9-c8f0-45cf-a956-a59ca857642e/assignment.json,reports,.json,836
reports/content_packages/sig-identity-test-001/runs/bf52c5a9-c8f0-45cf-a956-a59ca857642e/business_strategy.json,reports,.json,17194
reports/content_packages/sig-identity-test-001/runs/bf52c5a9-c8f0-45cf-a956-a59ca857642e/editorial_acceptance.json,reports,.json,298
reports/content_packages/sig-identity-test-001/runs/bf52c5a9-c8f0-45cf-a956-a59ca857642e/generated.json,reports,.json,1091
reports/content_packages/sig-identity-test-001/runs/bfbe6599-2df7-4cd5-ab60-ff8810b463a0/business_strategy.json,reports,.json,17194
reports/content_packages/sig-identity-test-001/runs/bfbe6599-2df7-4cd5-ab60-ff8810b463a0/editorial_acceptance.json,reports,.json,245
reports/content_packages/sig-identity-test-001/runs/bfbe6599-2df7-4cd5-ab60-ff8810b463a0/generated.json,reports,.json,1091
reports/content_packages/sig-identity-test-001/runs/c06503de-7a86-489a-b4be-323b1ceb2594/assignment.json,reports,.json,836
reports/content_packages/sig-identity-test-001/runs/c06503de-7a86-489a-b4be-323b1ceb2594/business_strategy.json,reports,.json,17194
reports/content_packages/sig-identity-test-001/runs/c06503de-7a86-489a-b4be-323b1ceb2594/editorial_acceptance.json,reports,.json,298
reports/content_packages/sig-identity-test-001/runs/c06503de-7a86-489a-b4be-323b1ceb2594/generated.json,reports,.json,1091
reports/content_packages/sig-identity-test-001/runs/c08705f0-3907-4d09-8042-af0aa1940b0f/assignment.json,reports,.json,836
reports/content_packages/sig-identity-test-001/runs/c08705f0-3907-4d09-8042-af0aa1940b0f/business_strategy.json,reports,.json,17194
reports/content_packages/sig-identity-test-001/runs/c08705f0-3907-4d09-8042-af0aa1940b0f/editorial_acceptance.json,reports,.json,298
reports/content_packages/sig-identity-test-001/runs/c08705f0-3907-4d09-8042-af0aa1940b0f/generated.json,reports,.json,1091
reports/content_packages/sig-identity-test-001/runs/c089d9ac-7bdb-4ef2-9e04-67158458a347/generated.json,reports,.json,856
reports/content_packages/sig-identity-test-001/runs/c0c31ef3-0e04-4ee0-bc99-a7a8b16bcd1f/business_strategy.json,reports,.json,17194
reports/content_packages/sig-identity-test-001/runs/c0e26d44-7f14-45c4-be4a-3f9ac25171bf/assignment.json,reports,.json,836
reports/content_packages/sig-identity-test-001/runs/c0e26d44-7f14-45c4-be4a-3f9ac25171bf/business_strategy.json,reports,.json,17194
reports/content_packages/sig-identity-test-001/runs/c0e26d44-7f14-45c4-be4a-3f9ac25171bf/editorial_acceptance.json,reports,.json,298
reports/content_packages/sig-identity-test-001/runs/c0e26d44-7f14-45c4-be4a-3f9ac25171bf/generated.json,reports,.json,1091
reports/content_packages/sig-identity-test-001/runs/c101c55b-a543-4a9e-9630-eb51f6bb3bd5/assignment.json,reports,.json,836
reports/content_packages/sig-identity-test-001/runs/c101c55b-a543-4a9e-9630-eb51f6bb3bd5/business_strategy.json,reports,.json,17194
reports/content_packages/sig-identity-test-001/runs/c101c55b-a543-4a9e-9630-eb51f6bb3bd5/editorial_acceptance.json,reports,.json,298
reports/content_packages/sig-identity-test-001/runs/c101c55b-a543-4a9e-9630-eb51f6bb3bd5/generated.json,reports,.json,1091
reports/content_packages/sig-identity-test-001/runs/c145d857-73de-44f3-8fc2-a04a7fcf3c40/business_strategy.json,reports,.json,17194
reports/content_packages/sig-identity-test-001/runs/c145d857-73de-44f3-8fc2-a04a7fcf3c40/editorial_acceptance.json,reports,.json,245
reports/content_packages/sig-identity-test-001/runs/c145d857-73de-44f3-8fc2-a04a7fcf3c40/generated.json,reports,.json,1091
reports/content_packages/sig-identity-test-001/runs/c1c61127-31e6-4012-a440-a98c120ce678/business_strategy.json,reports,.json,17194
reports/content_packages/sig-identity-test-001/runs/c1c61127-31e6-4012-a440-a98c120ce678/editorial_acceptance.json,reports,.json,245
reports/content_packages/sig-identity-test-001/runs/c1c61127-31e6-4012-a440-a98c120ce678/generated.json,reports,.json,1091
reports/content_packages/sig-identity-test-001/runs/c1ebf8b2-73ec-4669-907c-146237246c59/assignment.json,reports,.json,836
reports/content_packages/sig-identity-test-001/runs/c1ebf8b2-73ec-4669-907c-146237246c59/business_strategy.json,reports,.json,17194
reports/content_packages/sig-identity-test-001/runs/c1ebf8b2-73ec-4669-907c-146237246c59/editorial_acceptance.json,reports,.json,298
reports/content_packages/sig-identity-test-001/runs/c1ebf8b2-73ec-4669-907c-146237246c59/generated.json,reports,.json,1091
reports/content_packages/sig-identity-test-001/runs/c23918bc-9754-4c29-8da7-448b34967f87/assignment.json,reports,.json,836
reports/content_packages/sig-identity-test-001/runs/c23918bc-9754-4c29-8da7-448b34967f87/business_strategy.json,reports,.json,17194
reports/content_packages/sig-identity-test-001/runs/c23918bc-9754-4c29-8da7-448b34967f87/editorial_acceptance.json,reports,.json,298
reports/content_packages/sig-identity-test-001/runs/c23918bc-9754-4c29-8da7-448b34967f87/generated.json,reports,.json,1091
reports/content_packages/sig-identity-test-001/runs/c26239c0-be87-4f57-a338-e37a084eb328/assignment.json,reports,.json,844
reports/content_packages/sig-identity-test-001/runs/c26239c0-be87-4f57-a338-e37a084eb328/business_strategy.json,reports,.json,17194
reports/content_packages/sig-identity-test-001/runs/c26239c0-be87-4f57-a338-e37a084eb328/editorial_acceptance.json,reports,.json,298
reports/content_packages/sig-identity-test-001/runs/c26239c0-be87-4f57-a338-e37a084eb328/generated.json,reports,.json,1091
reports/content_packages/sig-identity-test-001/runs/c26f9c68-165f-4943-92b4-3ea130e73b71/business_strategy.json,reports,.json,17194
reports/content_packages/sig-identity-test-001/runs/c26f9c68-165f-4943-92b4-3ea130e73b71/generated.json,reports,.json,1091
reports/content_packages/sig-identity-test-001/runs/c28695d7-036a-47e5-9c86-79228fcd921d/business_strategy.json,reports,.json,17194
reports/content_packages/sig-identity-test-001/runs/c28695d7-036a-47e5-9c86-79228fcd921d/generated.json,reports,.json,1091
reports/content_packages/sig-identity-test-001/runs/c2a4b0ca-4b6b-42b3-a93e-191e2d956a3a/assignment.json,reports,.json,836
reports/content_packages/sig-identity-test-001/runs/c2a4b0ca-4b6b-42b3-a93e-191e2d956a3a/business_strategy.json,reports,.json,17194
reports/content_packages/sig-identity-test-001/runs/c2a4b0ca-4b6b-42b3-a93e-191e2d956a3a/editorial_acceptance.json,reports,.json,298
reports/content_packages/sig-identity-test-001/runs/c2a4b0ca-4b6b-42b3-a93e-191e2d956a3a/generated.json,reports,.json,1091
reports/content_packages/sig-identity-test-001/runs/c2aedbd8-2543-4d19-85de-024d6fb1d7a0/business_strategy.json,reports,.json,17194
reports/content_packages/sig-identity-test-001/runs/c2aedbd8-2543-4d19-85de-024d6fb1d7a0/editorial_acceptance.json,reports,.json,245
reports/content_packages/sig-identity-test-001/runs/c2aedbd8-2543-4d19-85de-024d6fb1d7a0/generated.json,reports,.json,1091
reports/content_packages/sig-identity-test-001/runs/c2b8926b-c87e-452a-be3e-7c8d7432194a/assignment.json,reports,.json,836
reports/content_packages/sig-identity-test-001/runs/c2b8926b-c87e-452a-be3e-7c8d7432194a/business_strategy.json,reports,.json,17194
reports/content_packages/sig-identity-test-001/runs/c2b8926b-c87e-452a-be3e-7c8d7432194a/editorial_acceptance.json,reports,.json,298
reports/content_packages/sig-identity-test-001/runs/c2b8926b-c87e-452a-be3e-7c8d7432194a/generated.json,reports,.json,1091
reports/content_packages/sig-identity-test-001/runs/c2eba704-b098-4af8-b5ff-674e265e1181/generated.json,reports,.json,856
reports/content_packages/sig-identity-test-001/runs/c306e651-f95b-4234-8cec-4ccc44529a94/business_strategy.json,reports,.json,17194
reports/content_packages/sig-identity-test-001/runs/c306e651-f95b-4234-8cec-4ccc44529a94/generated.json,reports,.json,1091
reports/content_packages/sig-identity-test-001/runs/c3083d30-b159-4399-8880-a19e071a26ba/business_strategy.json,reports,.json,17194
reports/content_packages/sig-identity-test-001/runs/c3083d30-b159-4399-8880-a19e071a26ba/generated.json,reports,.json,1091
reports/content_packages/sig-identity-test-001/runs/c331501a-eb43-4cab-91ac-0ecbd65f610b/generated.json,reports,.json,990
reports/content_packages/sig-identity-test-001/runs/c337cdab-4ec5-4b56-a74e-1d98374cf999/assignment.json,reports,.json,836
reports/content_packages/sig-identity-test-001/runs/c337cdab-4ec5-4b56-a74e-1d98374cf999/business_strategy.json,reports,.json,17194
reports/content_packages/sig-identity-test-001/runs/c337cdab-4ec5-4b56-a74e-1d98374cf999/editorial_acceptance.json,reports,.json,298
reports/content_packages/sig-identity-test-001/runs/c337cdab-4ec5-4b56-a74e-1d98374cf999/generated.json,reports,.json,1091
reports/content_packages/sig-identity-test-001/runs/c36c1c90-1a7c-4a91-878d-79ec7d53fe4d/assignment.json,reports,.json,836
reports/content_packages/sig-identity-test-001/runs/c36c1c90-1a7c-4a91-878d-79ec7d53fe4d/business_strategy.json,reports,.json,17194
reports/content_packages/sig-identity-test-001/runs/c36c1c90-1a7c-4a91-878d-79ec7d53fe4d/editorial_acceptance.json,reports,.json,298
reports/content_packages/sig-identity-test-001/runs/c36c1c90-1a7c-4a91-878d-79ec7d53fe4d/generated.json,reports,.json,1091
reports/content_packages/sig-identity-test-001/runs/c374e702-072c-4e63-bf0b-efe0241c69f6/assignment.json,reports,.json,836
reports/content_packages/sig-identity-test-001/runs/c374e702-072c-4e63-bf0b-efe0241c69f6/business_strategy.json,reports,.json,17194
reports/content_packages/sig-identity-test-001/runs/c374e702-072c-4e63-bf0b-efe0241c69f6/editorial_acceptance.json,reports,.json,298
reports/content_packages/sig-identity-test-001/runs/c374e702-072c-4e63-bf0b-efe0241c69f6/generated.json,reports,.json,1091
reports/content_packages/sig-identity-test-001/runs/c427d040-7a99-47a2-81a6-b6ef735daa4f/assignment.json,reports,.json,836
reports/content_packages/sig-identity-test-001/runs/c427d040-7a99-47a2-81a6-b6ef735daa4f/business_strategy.json,reports,.json,17194
reports/content_packages/sig-identity-test-001/runs/c427d040-7a99-47a2-81a6-b6ef735daa4f/editorial_acceptance.json,reports,.json,298
reports/content_packages/sig-identity-test-001/runs/c427d040-7a99-47a2-81a6-b6ef735daa4f/generated.json,reports,.json,1091
reports/content_packages/sig-identity-test-001/runs/c43a88b8-cd3b-41b4-9616-b55681a33b6a/business_strategy.json,reports,.json,17194
reports/content_packages/sig-identity-test-001/runs/c43a88b8-cd3b-41b4-9616-b55681a33b6a/generated.json,reports,.json,1091
reports/content_packages/sig-identity-test-001/runs/c43c6a67-7ae3-41b4-a0dd-6b7f09e380ac/business_strategy.json,reports,.json,17194
reports/content_packages/sig-identity-test-001/runs/c43c6a67-7ae3-41b4-a0dd-6b7f09e380ac/generated.json,reports,.json,1091
reports/content_packages/sig-identity-test-001/runs/c4fae697-168d-48b4-a922-de7c4a3c55fd/assignment.json,reports,.json,836
reports/content_packages/sig-identity-test-001/runs/c4fae697-168d-48b4-a922-de7c4a3c55fd/business_strategy.json,reports,.json,17194
reports/content_packages/sig-identity-test-001/runs/c5e260b2-0a76-418d-8d49-0fd24421a434/business_strategy.json,reports,.json,17194
reports/content_packages/sig-identity-test-001/runs/c5e260b2-0a76-418d-8d49-0fd24421a434/generated.json,reports,.json,1091
reports/content_packages/sig-identity-test-001/runs/c64f00d6-8118-4b3a-94ef-20f15537a9e0/business_strategy.json,reports,.json,17194
reports/content_packages/sig-identity-test-001/runs/c64f00d6-8118-4b3a-94ef-20f15537a9e0/editorial_acceptance.json,reports,.json,245
reports/content_packages/sig-identity-test-001/runs/c64f00d6-8118-4b3a-94ef-20f15537a9e0/generated.json,reports,.json,1091
reports/content_packages/sig-identity-test-001/runs/c67a3ecc-7648-4552-87ae-280c9a49a746/assignment.json,reports,.json,836
reports/content_packages/sig-identity-test-001/runs/c67a3ecc-7648-4552-87ae-280c9a49a746/business_strategy.json,reports,.json,17194
reports/content_packages/sig-identity-test-001/runs/c67a3ecc-7648-4552-87ae-280c9a49a746/editorial_acceptance.json,reports,.json,298
reports/content_packages/sig-identity-test-001/runs/c67a3ecc-7648-4552-87ae-280c9a49a746/generated.json,reports,.json,1091
reports/content_packages/sig-identity-test-001/runs/c688792f-b206-4c24-b852-5d098689927e/business_strategy.json,reports,.json,17194
reports/content_packages/sig-identity-test-001/runs/c688792f-b206-4c24-b852-5d098689927e/generated.json,reports,.json,1091
reports/content_packages/sig-identity-test-001/runs/c744678d-2b80-40c4-a789-7e457faa36a4/assignment.json,reports,.json,844
reports/content_packages/sig-identity-test-001/runs/c744678d-2b80-40c4-a789-7e457faa36a4/business_strategy.json,reports,.json,17194
reports/content_packages/sig-identity-test-001/runs/c744678d-2b80-40c4-a789-7e457faa36a4/editorial_acceptance.json,reports,.json,298
reports/content_packages/sig-identity-test-001/runs/c744678d-2b80-40c4-a789-7e457faa36a4/generated.json,reports,.json,1091
reports/content_packages/sig-identity-test-001/runs/c7bb5126-82f3-43c8-a9ca-359be9826901/business_strategy.json,reports,.json,17194
reports/content_packages/sig-identity-test-001/runs/c7bb5126-82f3-43c8-a9ca-359be9826901/generated.json,reports,.json,1091
reports/content_packages/sig-identity-test-001/runs/c809b4b5-b974-44a5-84c4-288d8e1e1b27/assignment.json,reports,.json,836
reports/content_packages/sig-identity-test-001/runs/c809b4b5-b974-44a5-84c4-288d8e1e1b27/business_strategy.json,reports,.json,17194
reports/content_packages/sig-identity-test-001/runs/c809b4b5-b974-44a5-84c4-288d8e1e1b27/editorial_acceptance.json,reports,.json,298
reports/content_packages/sig-identity-test-001/runs/c809b4b5-b974-44a5-84c4-288d8e1e1b27/generated.json,reports,.json,1091
reports/content_packages/sig-identity-test-001/runs/c88c1cb8-de46-4ca4-b795-e2608d70c9de/business_strategy.json,reports,.json,17194
reports/content_packages/sig-identity-test-001/runs/c8d15916-9007-41cf-ab24-3aa4827fc207/assignment.json,reports,.json,836
reports/content_packages/sig-identity-test-001/runs/c8d15916-9007-41cf-ab24-3aa4827fc207/business_strategy.json,reports,.json,17194
reports/content_packages/sig-identity-test-001/runs/c8d15916-9007-41cf-ab24-3aa4827fc207/editorial_acceptance.json,reports,.json,298
reports/content_packages/sig-identity-test-001/runs/c8d15916-9007-41cf-ab24-3aa4827fc207/generated.json,reports,.json,1091
reports/content_packages/sig-identity-test-001/runs/c914d2c6-7122-46ae-9a9b-596e1435b82e/assignment.json,reports,.json,844
reports/content_packages/sig-identity-test-001/runs/c914d2c6-7122-46ae-9a9b-596e1435b82e/business_strategy.json,reports,.json,17194
reports/content_packages/sig-identity-test-001/runs/c914d2c6-7122-46ae-9a9b-596e1435b82e/editorial_acceptance.json,reports,.json,298
reports/content_packages/sig-identity-test-001/runs/c914d2c6-7122-46ae-9a9b-596e1435b82e/generated.json,reports,.json,1091
reports/content_packages/sig-identity-test-001/runs/c936ab99-55ba-4d74-a31f-83af184151ab/business_strategy.json,reports,.json,17194
reports/content_packages/sig-identity-test-001/runs/c936ab99-55ba-4d74-a31f-83af184151ab/editorial_acceptance.json,reports,.json,245
reports/content_packages/sig-identity-test-001/runs/c936ab99-55ba-4d74-a31f-83af184151ab/generated.json,reports,.json,1091
reports/content_packages/sig-identity-test-001/runs/c95587d6-eef1-472c-811f-f3d73cc4e3f9/business_strategy.json,reports,.json,17194
reports/content_packages/sig-identity-test-001/runs/c95587d6-eef1-472c-811f-f3d73cc4e3f9/generated.json,reports,.json,1091
reports/content_packages/sig-identity-test-001/runs/c9958dcb-fc05-4bbd-88ad-e5be5a1c2cf4/assignment.json,reports,.json,836
reports/content_packages/sig-identity-test-001/runs/c9958dcb-fc05-4bbd-88ad-e5be5a1c2cf4/business_strategy.json,reports,.json,17194
reports/content_packages/sig-identity-test-001/runs/c9958dcb-fc05-4bbd-88ad-e5be5a1c2cf4/editorial_acceptance.json,reports,.json,298
reports/content_packages/sig-identity-test-001/runs/c9958dcb-fc05-4bbd-88ad-e5be5a1c2cf4/generated.json,reports,.json,1091
reports/content_packages/sig-identity-test-001/runs/ca0e51ae-5bae-4100-afdf-0ceb44e867ab/assignment.json,reports,.json,836
reports/content_packages/sig-identity-test-001/runs/ca0e51ae-5bae-4100-afdf-0ceb44e867ab/business_strategy.json,reports,.json,17194
reports/content_packages/sig-identity-test-001/runs/ca0e51ae-5bae-4100-afdf-0ceb44e867ab/editorial_acceptance.json,reports,.json,298
reports/content_packages/sig-identity-test-001/runs/ca0e51ae-5bae-4100-afdf-0ceb44e867ab/generated.json,reports,.json,1091
reports/content_packages/sig-identity-test-001/runs/ca2d0b15-160d-4d06-a704-047dfba5d97a/generated.json,reports,.json,856
reports/content_packages/sig-identity-test-001/runs/ca2d3115-53a2-4aa0-beec-590c2e12a3ce/assignment.json,reports,.json,844
reports/content_packages/sig-identity-test-001/runs/ca2d3115-53a2-4aa0-beec-590c2e12a3ce/business_strategy.json,reports,.json,17194
reports/content_packages/sig-identity-test-001/runs/ca2d3115-53a2-4aa0-beec-590c2e12a3ce/editorial_acceptance.json,reports,.json,298
reports/content_packages/sig-identity-test-001/runs/ca2d3115-53a2-4aa0-beec-590c2e12a3ce/generated.json,reports,.json,1091
reports/content_packages/sig-identity-test-001/runs/ca347746-b88c-4682-be6e-94e7def1548c/assignment.json,reports,.json,836
reports/content_packages/sig-identity-test-001/runs/ca347746-b88c-4682-be6e-94e7def1548c/business_strategy.json,reports,.json,17194
reports/content_packages/sig-identity-test-001/runs/ca347746-b88c-4682-be6e-94e7def1548c/editorial_acceptance.json,reports,.json,298
reports/content_packages/sig-identity-test-001/runs/ca347746-b88c-4682-be6e-94e7def1548c/generated.json,reports,.json,1091
reports/content_packages/sig-identity-test-001/runs/ca46145b-93c3-44a9-bbf2-23953ec45548/assignment.json,reports,.json,836
reports/content_packages/sig-identity-test-001/runs/ca46145b-93c3-44a9-bbf2-23953ec45548/business_strategy.json,reports,.json,17194
reports/content_packages/sig-identity-test-001/runs/ca46145b-93c3-44a9-bbf2-23953ec45548/editorial_acceptance.json,reports,.json,298
reports/content_packages/sig-identity-test-001/runs/ca46145b-93c3-44a9-bbf2-23953ec45548/generated.json,reports,.json,1091
reports/content_packages/sig-identity-test-001/runs/caba3d11-015c-47dd-9b18-69cbb80754cc/business_strategy.json,reports,.json,17194
reports/content_packages/sig-identity-test-001/runs/caba3d11-015c-47dd-9b18-69cbb80754cc/editorial_acceptance.json,reports,.json,245
reports/content_packages/sig-identity-test-001/runs/caba3d11-015c-47dd-9b18-69cbb80754cc/generated.json,reports,.json,1091
reports/content_packages/sig-identity-test-001/runs/cb1c1e03-1e0b-4163-bca8-9ea7e95a8957/business_strategy.json,reports,.json,17194
reports/content_packages/sig-identity-test-001/runs/cb1c1e03-1e0b-4163-bca8-9ea7e95a8957/generated.json,reports,.json,1091
reports/content_packages/sig-identity-test-001/runs/cbd2057e-42e0-41a6-b996-626e6881095a/generated.json,reports,.json,990
reports/content_packages/sig-identity-test-001/runs/cbdb9eb7-7256-4d1c-b4cc-622b16e2a875/generated.json,reports,.json,856
reports/content_packages/sig-identity-test-001/runs/cc154405-5d8a-4c96-9613-fe99f00806b9/assignment.json,reports,.json,836
reports/content_packages/sig-identity-test-001/runs/cc154405-5d8a-4c96-9613-fe99f00806b9/business_strategy.json,reports,.json,17194
reports/content_packages/sig-identity-test-001/runs/cc154405-5d8a-4c96-9613-fe99f00806b9/editorial_acceptance.json,reports,.json,298
reports/content_packages/sig-identity-test-001/runs/cc154405-5d8a-4c96-9613-fe99f00806b9/generated.json,reports,.json,1091
reports/content_packages/sig-identity-test-001/runs/ccb6ce29-77df-4163-b49c-ed8472ef5e27/business_strategy.json,reports,.json,17194
reports/content_packages/sig-identity-test-001/runs/cce4e739-6d58-48b6-a4d3-7ed57523e390/business_strategy.json,reports,.json,17194
reports/content_packages/sig-identity-test-001/runs/cce4e739-6d58-48b6-a4d3-7ed57523e390/editorial_acceptance.json,reports,.json,245
reports/content_packages/sig-identity-test-001/runs/cce4e739-6d58-48b6-a4d3-7ed57523e390/generated.json,reports,.json,1091
reports/content_packages/sig-identity-test-001/runs/cd6c8889-ea15-45ab-a074-dbaab3550f1c/business_strategy.json,reports,.json,17194
reports/content_packages/sig-identity-test-001/runs/cd6c8889-ea15-45ab-a074-dbaab3550f1c/editorial_acceptance.json,reports,.json,245
reports/content_packages/sig-identity-test-001/runs/cd6c8889-ea15-45ab-a074-dbaab3550f1c/generated.json,reports,.json,1091
reports/content_packages/sig-identity-test-001/runs/cd7edcb2-d740-44c6-b005-fd7630a1b624/business_strategy.json,reports,.json,17194
reports/content_packages/sig-identity-test-001/runs/cd7edcb2-d740-44c6-b005-fd7630a1b624/generated.json,reports,.json,1091
reports/content_packages/sig-identity-test-001/runs/cdb17d27-08d1-489f-bd76-6e645b689078/business_strategy.json,reports,.json,17194
reports/content_packages/sig-identity-test-001/runs/cdb17d27-08d1-489f-bd76-6e645b689078/editorial_acceptance.json,reports,.json,245
reports/content_packages/sig-identity-test-001/runs/cdb17d27-08d1-489f-bd76-6e645b689078/generated.json,reports,.json,1091
reports/content_packages/sig-identity-test-001/runs/cdf01e27-3402-4aa4-81fd-4c85e4d4c112/business_strategy.json,reports,.json,17194
reports/content_packages/sig-identity-test-001/runs/ce06afe7-26dd-4505-b30b-40127a0d2c28/business_strategy.json,reports,.json,17194
reports/content_packages/sig-identity-test-001/runs/ce06afe7-26dd-4505-b30b-40127a0d2c28/generated.json,reports,.json,1091
reports/content_packages/sig-identity-test-001/runs/ce137479-a7bd-47b8-9774-635971e5a962/business_strategy.json,reports,.json,17194
reports/content_packages/sig-identity-test-001/runs/ce137479-a7bd-47b8-9774-635971e5a962/generated.json,reports,.json,1091
reports/content_packages/sig-identity-test-001/runs/ce5de73c-2d88-42f4-9be2-82a6a108f2ea/generated.json,reports,.json,990
reports/content_packages/sig-identity-test-001/runs/ce603417-b4c0-4808-ac2d-d81d34914bb4/business_strategy.json,reports,.json,17194
reports/content_packages/sig-identity-test-001/runs/ce603417-b4c0-4808-ac2d-d81d34914bb4/generated.json,reports,.json,1091
reports/content_packages/sig-identity-test-001/runs/ce611e0a-47f0-4770-b240-d4922e771e28/assignment.json,reports,.json,836
reports/content_packages/sig-identity-test-001/runs/ce611e0a-47f0-4770-b240-d4922e771e28/business_strategy.json,reports,.json,17194
reports/content_packages/sig-identity-test-001/runs/ce611e0a-47f0-4770-b240-d4922e771e28/editorial_acceptance.json,reports,.json,298
reports/content_packages/sig-identity-test-001/runs/ce611e0a-47f0-4770-b240-d4922e771e28/generated.json,reports,.json,1091
reports/content_packages/sig-identity-test-001/runs/cec334fd-9f18-43ce-ab36-b0c2d42a8a9c/business_strategy.json,reports,.json,17194
reports/content_packages/sig-identity-test-001/runs/ced28b18-1b20-46a5-90c4-218eee649fdc/business_strategy.json,reports,.json,17194
reports/content_packages/sig-identity-test-001/runs/ced28b18-1b20-46a5-90c4-218eee649fdc/editorial_acceptance.json,reports,.json,245
reports/content_packages/sig-identity-test-001/runs/ced28b18-1b20-46a5-90c4-218eee649fdc/generated.json,reports,.json,1091
reports/content_packages/sig-identity-test-001/runs/ced65ed3-1fca-452f-9f80-e96f6d96597c/generated.json,reports,.json,990
reports/content_packages/sig-identity-test-001/runs/cfe73fea-850a-4312-a7aa-68a70e72a058/business_strategy.json,reports,.json,17194
reports/content_packages/sig-identity-test-001/runs/cfe73fea-850a-4312-a7aa-68a70e72a058/generated.json,reports,.json,1091
reports/content_packages/sig-identity-test-001/runs/cfe94bee-95e4-4eb6-aa03-a7b0b0109e1e/assignment.json,reports,.json,844
reports/content_packages/sig-identity-test-001/runs/cfe94bee-95e4-4eb6-aa03-a7b0b0109e1e/business_strategy.json,reports,.json,17194
reports/content_packages/sig-identity-test-001/runs/cfe94bee-95e4-4eb6-aa03-a7b0b0109e1e/editorial_acceptance.json,reports,.json,298
reports/content_packages/sig-identity-test-001/runs/cfe94bee-95e4-4eb6-aa03-a7b0b0109e1e/generated.json,reports,.json,1091
reports/content_packages/sig-identity-test-001/runs/d03ec6ae-a98f-4ab1-a20a-7d0b9979d5cd/generated.json,reports,.json,856
reports/content_packages/sig-identity-test-001/runs/d054659d-2cfc-4df9-b520-eee0204d82aa/assignment.json,reports,.json,836
reports/content_packages/sig-identity-test-001/runs/d054659d-2cfc-4df9-b520-eee0204d82aa/business_strategy.json,reports,.json,17194
reports/content_packages/sig-identity-test-001/runs/d06067f3-693f-47fc-a242-f91071a08dff/assignment.json,reports,.json,836
reports/content_packages/sig-identity-test-001/runs/d06067f3-693f-47fc-a242-f91071a08dff/business_strategy.json,reports,.json,17194
reports/content_packages/sig-identity-test-001/runs/d06067f3-693f-47fc-a242-f91071a08dff/editorial_acceptance.json,reports,.json,298
reports/content_packages/sig-identity-test-001/runs/d06067f3-693f-47fc-a242-f91071a08dff/generated.json,reports,.json,1091
reports/content_packages/sig-identity-test-001/runs/d0a797c5-7305-495c-9101-8429c11f3d1e/business_strategy.json,reports,.json,17194
reports/content_packages/sig-identity-test-001/runs/d0a797c5-7305-495c-9101-8429c11f3d1e/generated.json,reports,.json,1091
reports/content_packages/sig-identity-test-001/runs/d0ca5416-dece-41bb-b1bf-c0223a8a073d/generated.json,reports,.json,856
reports/content_packages/sig-identity-test-001/runs/d0ef719c-8a89-40b7-a66b-912b4d16d1ec/generated.json,reports,.json,856
reports/content_packages/sig-identity-test-001/runs/d10b68a9-ff11-405d-bdea-a25911cadad7/assignment.json,reports,.json,844
reports/content_packages/sig-identity-test-001/runs/d10b68a9-ff11-405d-bdea-a25911cadad7/business_strategy.json,reports,.json,17194
reports/content_packages/sig-identity-test-001/runs/d10b68a9-ff11-405d-bdea-a25911cadad7/editorial_acceptance.json,reports,.json,298
reports/content_packages/sig-identity-test-001/runs/d10b68a9-ff11-405d-bdea-a25911cadad7/generated.json,reports,.json,1091
reports/content_packages/sig-identity-test-001/runs/d12e0a53-37e8-40e3-b40f-fb245454d534/business_strategy.json,reports,.json,17194
reports/content_packages/sig-identity-test-001/runs/d12e0a53-37e8-40e3-b40f-fb245454d534/generated.json,reports,.json,1091
reports/content_packages/sig-identity-test-001/runs/d1c8d223-8133-46c8-af6c-d569929d326d/business_strategy.json,reports,.json,17194
reports/content_packages/sig-identity-test-001/runs/d1c8d223-8133-46c8-af6c-d569929d326d/editorial_acceptance.json,reports,.json,245
reports/content_packages/sig-identity-test-001/runs/d1c8d223-8133-46c8-af6c-d569929d326d/generated.json,reports,.json,1091
reports/content_packages/sig-identity-test-001/runs/d1f0dc07-5723-4e54-beba-ed6bf0e1c3c2/generated.json,reports,.json,856
reports/content_packages/sig-identity-test-001/runs/d2010901-b914-4e76-912e-0a87bd0bd2eb/business_strategy.json,reports,.json,17194
reports/content_packages/sig-identity-test-001/runs/d2010901-b914-4e76-912e-0a87bd0bd2eb/editorial_acceptance.json,reports,.json,245
reports/content_packages/sig-identity-test-001/runs/d2010901-b914-4e76-912e-0a87bd0bd2eb/generated.json,reports,.json,1091
reports/content_packages/sig-identity-test-001/runs/d2193829-9d9f-4cd2-8ec1-67e32774ef10/assignment.json,reports,.json,844
reports/content_packages/sig-identity-test-001/runs/d2193829-9d9f-4cd2-8ec1-67e32774ef10/business_strategy.json,reports,.json,17194
reports/content_packages/sig-identity-test-001/runs/d2193829-9d9f-4cd2-8ec1-67e32774ef10/editorial_acceptance.json,reports,.json,298
reports/content_packages/sig-identity-test-001/runs/d2193829-9d9f-4cd2-8ec1-67e32774ef10/generated.json,reports,.json,1091
reports/content_packages/sig-identity-test-001/runs/d241610f-e6d3-48f3-8aaa-756a5ddcdbb3/business_strategy.json,reports,.json,17194
reports/content_packages/sig-identity-test-001/runs/d241610f-e6d3-48f3-8aaa-756a5ddcdbb3/generated.json,reports,.json,1091
reports/content_packages/sig-identity-test-001/runs/d2bdebbf-c442-4c1b-a974-9d91efd5258a/business_strategy.json,reports,.json,17194
reports/content_packages/sig-identity-test-001/runs/d2bdebbf-c442-4c1b-a974-9d91efd5258a/generated.json,reports,.json,1091
reports/content_packages/sig-identity-test-001/runs/d2d353c5-82f6-4bb2-8ea7-05fad5bd2bbf/assignment.json,reports,.json,844
reports/content_packages/sig-identity-test-001/runs/d2d353c5-82f6-4bb2-8ea7-05fad5bd2bbf/business_strategy.json,reports,.json,17194
reports/content_packages/sig-identity-test-001/runs/d2d353c5-82f6-4bb2-8ea7-05fad5bd2bbf/editorial_acceptance.json,reports,.json,298
reports/content_packages/sig-identity-test-001/runs/d2d353c5-82f6-4bb2-8ea7-05fad5bd2bbf/generated.json,reports,.json,1091
reports/content_packages/sig-identity-test-001/runs/d31d6e54-5321-4986-a369-ed6f57e217b6/assignment.json,reports,.json,844
reports/content_packages/sig-identity-test-001/runs/d31d6e54-5321-4986-a369-ed6f57e217b6/business_strategy.json,reports,.json,17194
reports/content_packages/sig-identity-test-001/runs/d31d6e54-5321-4986-a369-ed6f57e217b6/editorial_acceptance.json,reports,.json,298
reports/content_packages/sig-identity-test-001/runs/d31d6e54-5321-4986-a369-ed6f57e217b6/generated.json,reports,.json,1091
reports/content_packages/sig-identity-test-001/runs/d3213ee2-5612-48bf-8767-0e11105332ad/assignment.json,reports,.json,836
reports/content_packages/sig-identity-test-001/runs/d3213ee2-5612-48bf-8767-0e11105332ad/business_strategy.json,reports,.json,17194
reports/content_packages/sig-identity-test-001/runs/d3213ee2-5612-48bf-8767-0e11105332ad/editorial_acceptance.json,reports,.json,298
reports/content_packages/sig-identity-test-001/runs/d3213ee2-5612-48bf-8767-0e11105332ad/generated.json,reports,.json,1091
reports/content_packages/sig-identity-test-001/runs/d375903f-58fd-411e-b13f-f4d26c54b958/assignment.json,reports,.json,836
reports/content_packages/sig-identity-test-001/runs/d375903f-58fd-411e-b13f-f4d26c54b958/business_strategy.json,reports,.json,17194
reports/content_packages/sig-identity-test-001/runs/d39e1a58-983d-4650-bcbe-3e17622601bf/assignment.json,reports,.json,836
reports/content_packages/sig-identity-test-001/runs/d39e1a58-983d-4650-bcbe-3e17622601bf/business_strategy.json,reports,.json,17194
reports/content_packages/sig-identity-test-001/runs/d39e1a58-983d-4650-bcbe-3e17622601bf/editorial_acceptance.json,reports,.json,298
reports/content_packages/sig-identity-test-001/runs/d39e1a58-983d-4650-bcbe-3e17622601bf/generated.json,reports,.json,1091
reports/content_packages/sig-identity-test-001/runs/d3ca21e3-333e-499a-9793-c8febe8a3777/generated.json,reports,.json,856
reports/content_packages/sig-identity-test-001/runs/d4a518e6-ac45-4fc5-83c3-4534097aa109/assignment.json,reports,.json,836
reports/content_packages/sig-identity-test-001/runs/d4a518e6-ac45-4fc5-83c3-4534097aa109/business_strategy.json,reports,.json,17194
reports/content_packages/sig-identity-test-001/runs/d4a518e6-ac45-4fc5-83c3-4534097aa109/editorial_acceptance.json,reports,.json,298
reports/content_packages/sig-identity-test-001/runs/d4a518e6-ac45-4fc5-83c3-4534097aa109/generated.json,reports,.json,1091
reports/content_packages/sig-identity-test-001/runs/d4d94c17-f081-486c-9fab-793e4ae74cd9/assignment.json,reports,.json,844
reports/content_packages/sig-identity-test-001/runs/d4d94c17-f081-486c-9fab-793e4ae74cd9/business_strategy.json,reports,.json,17194
reports/content_packages/sig-identity-test-001/runs/d4d94c17-f081-486c-9fab-793e4ae74cd9/editorial_acceptance.json,reports,.json,298
reports/content_packages/sig-identity-test-001/runs/d4d94c17-f081-486c-9fab-793e4ae74cd9/generated.json,reports,.json,1091
reports/content_packages/sig-identity-test-001/runs/d4d9cb7b-3f44-4aa1-b053-e5d8697feb87/assignment.json,reports,.json,836
reports/content_packages/sig-identity-test-001/runs/d4d9cb7b-3f44-4aa1-b053-e5d8697feb87/business_strategy.json,reports,.json,17194
reports/content_packages/sig-identity-test-001/runs/d4d9cb7b-3f44-4aa1-b053-e5d8697feb87/editorial_acceptance.json,reports,.json,298
reports/content_packages/sig-identity-test-001/runs/d4d9cb7b-3f44-4aa1-b053-e5d8697feb87/generated.json,reports,.json,1091
reports/content_packages/sig-identity-test-001/runs/d50c0384-a70b-4cb4-8237-c74111dfe483/assignment.json,reports,.json,836
reports/content_packages/sig-identity-test-001/runs/d50c0384-a70b-4cb4-8237-c74111dfe483/business_strategy.json,reports,.json,17194
reports/content_packages/sig-identity-test-001/runs/d50c0384-a70b-4cb4-8237-c74111dfe483/editorial_acceptance.json,reports,.json,298
reports/content_packages/sig-identity-test-001/runs/d50c0384-a70b-4cb4-8237-c74111dfe483/generated.json,reports,.json,1091
reports/content_packages/sig-identity-test-001/runs/d5584ba7-e756-4028-a5be-31aa568d316b/assignment.json,reports,.json,836
reports/content_packages/sig-identity-test-001/runs/d5584ba7-e756-4028-a5be-31aa568d316b/business_strategy.json,reports,.json,17194
reports/content_packages/sig-identity-test-001/runs/d5584ba7-e756-4028-a5be-31aa568d316b/editorial_acceptance.json,reports,.json,298
reports/content_packages/sig-identity-test-001/runs/d5584ba7-e756-4028-a5be-31aa568d316b/generated.json,reports,.json,1091
reports/content_packages/sig-identity-test-001/runs/d57bc262-6a1b-4f42-a429-403f6992c24d/business_strategy.json,reports,.json,17194
reports/content_packages/sig-identity-test-001/runs/d57bc262-6a1b-4f42-a429-403f6992c24d/generated.json,reports,.json,1091
reports/content_packages/sig-identity-test-001/runs/d598c33d-bfa2-468c-b0fc-b7f4cb097ccc/assignment.json,reports,.json,844
reports/content_packages/sig-identity-test-001/runs/d598c33d-bfa2-468c-b0fc-b7f4cb097ccc/business_strategy.json,reports,.json,17194
reports/content_packages/sig-identity-test-001/runs/d598c33d-bfa2-468c-b0fc-b7f4cb097ccc/editorial_acceptance.json,reports,.json,298
reports/content_packages/sig-identity-test-001/runs/d598c33d-bfa2-468c-b0fc-b7f4cb097ccc/generated.json,reports,.json,1091
reports/content_packages/sig-identity-test-001/runs/d6188288-6209-47a0-ad30-925969b3e2d8/generated.json,reports,.json,856
reports/content_packages/sig-identity-test-001/runs/d62ed7cd-c2cc-4278-a545-045da0d7a979/assignment.json,reports,.json,836
reports/content_packages/sig-identity-test-001/runs/d62ed7cd-c2cc-4278-a545-045da0d7a979/business_strategy.json,reports,.json,17194
reports/content_packages/sig-identity-test-001/runs/d62ed7cd-c2cc-4278-a545-045da0d7a979/editorial_acceptance.json,reports,.json,298
reports/content_packages/sig-identity-test-001/runs/d62ed7cd-c2cc-4278-a545-045da0d7a979/generated.json,reports,.json,1091
reports/content_packages/sig-identity-test-001/runs/d6338d2c-e405-4573-96ec-adcb38a72672/assignment.json,reports,.json,836
reports/content_packages/sig-identity-test-001/runs/d6338d2c-e405-4573-96ec-adcb38a72672/business_strategy.json,reports,.json,17194
reports/content_packages/sig-identity-test-001/runs/d6338d2c-e405-4573-96ec-adcb38a72672/editorial_acceptance.json,reports,.json,298
reports/content_packages/sig-identity-test-001/runs/d6338d2c-e405-4573-96ec-adcb38a72672/generated.json,reports,.json,1091
reports/content_packages/sig-identity-test-001/runs/d63c7c7d-d237-43ab-96b7-5003fdbadc69/business_strategy.json,reports,.json,17194
reports/content_packages/sig-identity-test-001/runs/d63c7c7d-d237-43ab-96b7-5003fdbadc69/editorial_acceptance.json,reports,.json,245
reports/content_packages/sig-identity-test-001/runs/d63c7c7d-d237-43ab-96b7-5003fdbadc69/generated.json,reports,.json,1091
reports/content_packages/sig-identity-test-001/runs/d77bb4a6-9a09-4866-9c22-a91e4b745909/assignment.json,reports,.json,836
reports/content_packages/sig-identity-test-001/runs/d77bb4a6-9a09-4866-9c22-a91e4b745909/business_strategy.json,reports,.json,17194
reports/content_packages/sig-identity-test-001/runs/d780eb7b-3d2a-4988-9604-5a71e512da48/business_strategy.json,reports,.json,17194
reports/content_packages/sig-identity-test-001/runs/d780eb7b-3d2a-4988-9604-5a71e512da48/generated.json,reports,.json,1286
reports/content_packages/sig-identity-test-001/runs/d7d031da-7856-44d7-ba13-3f29c6d30dc4/assignment.json,reports,.json,836
reports/content_packages/sig-identity-test-001/runs/d7d031da-7856-44d7-ba13-3f29c6d30dc4/business_strategy.json,reports,.json,17194
reports/content_packages/sig-identity-test-001/runs/d81291f0-877e-4f71-9a02-0a8a6414d8e9/assignment.json,reports,.json,844
reports/content_packages/sig-identity-test-001/runs/d81291f0-877e-4f71-9a02-0a8a6414d8e9/business_strategy.json,reports,.json,17194
reports/content_packages/sig-identity-test-001/runs/d81291f0-877e-4f71-9a02-0a8a6414d8e9/editorial_acceptance.json,reports,.json,298
reports/content_packages/sig-identity-test-001/runs/d81291f0-877e-4f71-9a02-0a8a6414d8e9/generated.json,reports,.json,1091
reports/content_packages/sig-identity-test-001/runs/d914d05e-7c68-47c4-896a-15587e165470/assignment.json,reports,.json,836
reports/content_packages/sig-identity-test-001/runs/d914d05e-7c68-47c4-896a-15587e165470/business_strategy.json,reports,.json,17194
reports/content_packages/sig-identity-test-001/runs/d914d05e-7c68-47c4-896a-15587e165470/editorial_acceptance.json,reports,.json,298
reports/content_packages/sig-identity-test-001/runs/d914d05e-7c68-47c4-896a-15587e165470/generated.json,reports,.json,1091
reports/content_packages/sig-identity-test-001/runs/d967eebe-3a1b-4dd1-8456-d95a47212eaa/business_strategy.json,reports,.json,17194
reports/content_packages/sig-identity-test-001/runs/d968bcc7-db2a-438e-a797-b776f977f21b/assignment.json,reports,.json,836
reports/content_packages/sig-identity-test-001/runs/d968bcc7-db2a-438e-a797-b776f977f21b/business_strategy.json,reports,.json,17194
reports/content_packages/sig-identity-test-001/runs/d991c56d-edeb-4072-beb6-59a9472474a1/assignment.json,reports,.json,836
reports/content_packages/sig-identity-test-001/runs/d991c56d-edeb-4072-beb6-59a9472474a1/business_strategy.json,reports,.json,17194
reports/content_packages/sig-identity-test-001/runs/d991c56d-edeb-4072-beb6-59a9472474a1/editorial_acceptance.json,reports,.json,298
reports/content_packages/sig-identity-test-001/runs/d991c56d-edeb-4072-beb6-59a9472474a1/generated.json,reports,.json,1091
reports/content_packages/sig-identity-test-001/runs/d9de1f1a-6b90-4271-a52f-f4f29b7c3fda/business_strategy.json,reports,.json,17194
reports/content_packages/sig-identity-test-001/runs/d9de1f1a-6b90-4271-a52f-f4f29b7c3fda/generated.json,reports,.json,1091
reports/content_packages/sig-identity-test-001/runs/d9f85fa6-c884-4f8c-9285-f1de39f97e91/assignment.json,reports,.json,836
reports/content_packages/sig-identity-test-001/runs/d9f85fa6-c884-4f8c-9285-f1de39f97e91/business_strategy.json,reports,.json,17194
reports/content_packages/sig-identity-test-001/runs/d9f85fa6-c884-4f8c-9285-f1de39f97e91/editorial_acceptance.json,reports,.json,298
reports/content_packages/sig-identity-test-001/runs/d9f85fa6-c884-4f8c-9285-f1de39f97e91/generated.json,reports,.json,1091
reports/content_packages/sig-identity-test-001/runs/da109505-1b10-4466-879b-362cea6d4e9e/assignment.json,reports,.json,836
reports/content_packages/sig-identity-test-001/runs/da109505-1b10-4466-879b-362cea6d4e9e/business_strategy.json,reports,.json,17194
reports/content_packages/sig-identity-test-001/runs/da109505-1b10-4466-879b-362cea6d4e9e/editorial_acceptance.json,reports,.json,298
reports/content_packages/sig-identity-test-001/runs/da109505-1b10-4466-879b-362cea6d4e9e/generated.json,reports,.json,1091
reports/content_packages/sig-identity-test-001/runs/da1a4746-aaa8-48e2-bb7e-4b0cc1048b0f/assignment.json,reports,.json,836
reports/content_packages/sig-identity-test-001/runs/da1a4746-aaa8-48e2-bb7e-4b0cc1048b0f/business_strategy.json,reports,.json,17194
reports/content_packages/sig-identity-test-001/runs/da1a4746-aaa8-48e2-bb7e-4b0cc1048b0f/editorial_acceptance.json,reports,.json,298
reports/content_packages/sig-identity-test-001/runs/da1a4746-aaa8-48e2-bb7e-4b0cc1048b0f/generated.json,reports,.json,1091
reports/content_packages/sig-identity-test-001/runs/da37228a-86be-4366-8498-349b4c870323/business_strategy.json,reports,.json,17194
reports/content_packages/sig-identity-test-001/runs/da37228a-86be-4366-8498-349b4c870323/generated.json,reports,.json,1091
reports/content_packages/sig-identity-test-001/runs/da4e26b4-7a75-4c9f-8648-cd857703cd53/business_strategy.json,reports,.json,17194
reports/content_packages/sig-identity-test-001/runs/da7f65ea-e865-4432-afd8-c137f565560f/assignment.json,reports,.json,836
reports/content_packages/sig-identity-test-001/runs/da7f65ea-e865-4432-afd8-c137f565560f/business_strategy.json,reports,.json,17194
reports/content_packages/sig-identity-test-001/runs/da7f65ea-e865-4432-afd8-c137f565560f/editorial_acceptance.json,reports,.json,298
reports/content_packages/sig-identity-test-001/runs/da7f65ea-e865-4432-afd8-c137f565560f/generated.json,reports,.json,1091
reports/content_packages/sig-identity-test-001/runs/db1379d7-bb58-4c8b-af31-a488d21283c4/generated.json,reports,.json,856
reports/content_packages/sig-identity-test-001/runs/db54392e-5dc8-496f-a644-ee92db5bea88/business_strategy.json,reports,.json,17194
reports/content_packages/sig-identity-test-001/runs/db54392e-5dc8-496f-a644-ee92db5bea88/generated.json,reports,.json,1091
reports/content_packages/sig-identity-test-001/runs/db6f3bb7-22fb-4abb-a4f1-2bb0a3a2c085/assignment.json,reports,.json,844
reports/content_packages/sig-identity-test-001/runs/db6f3bb7-22fb-4abb-a4f1-2bb0a3a2c085/business_strategy.json,reports,.json,17194
reports/content_packages/sig-identity-test-001/runs/db6f3bb7-22fb-4abb-a4f1-2bb0a3a2c085/editorial_acceptance.json,reports,.json,298
reports/content_packages/sig-identity-test-001/runs/db6f3bb7-22fb-4abb-a4f1-2bb0a3a2c085/generated.json,reports,.json,1091
reports/content_packages/sig-identity-test-001/runs/db8156d8-304f-4623-8098-c48d79920ae3/assignment.json,reports,.json,844
reports/content_packages/sig-identity-test-001/runs/db8156d8-304f-4623-8098-c48d79920ae3/business_strategy.json,reports,.json,17194
reports/content_packages/sig-identity-test-001/runs/db8156d8-304f-4623-8098-c48d79920ae3/editorial_acceptance.json,reports,.json,298
reports/content_packages/sig-identity-test-001/runs/db8156d8-304f-4623-8098-c48d79920ae3/generated.json,reports,.json,1091
reports/content_packages/sig-identity-test-001/runs/dbe1acf4-1c6f-44ad-8cf0-d680975a6bb7/business_strategy.json,reports,.json,17194
reports/content_packages/sig-identity-test-001/runs/dbe1acf4-1c6f-44ad-8cf0-d680975a6bb7/generated.json,reports,.json,1286
reports/content_packages/sig-identity-test-001/runs/dbe784de-a6bb-416e-a351-c975a1833997/assignment.json,reports,.json,836
reports/content_packages/sig-identity-test-001/runs/dbe784de-a6bb-416e-a351-c975a1833997/business_strategy.json,reports,.json,17194
reports/content_packages/sig-identity-test-001/runs/dbe784de-a6bb-416e-a351-c975a1833997/editorial_acceptance.json,reports,.json,298
reports/content_packages/sig-identity-test-001/runs/dbe784de-a6bb-416e-a351-c975a1833997/generated.json,reports,.json,1091
reports/content_packages/sig-identity-test-001/runs/dc2a1ad6-8c34-4761-9922-137f2c365710/business_strategy.json,reports,.json,17194
reports/content_packages/sig-identity-test-001/runs/dc580fb5-623f-4fd2-acb8-90a4aae62af0/assignment.json,reports,.json,844
reports/content_packages/sig-identity-test-001/runs/dc580fb5-623f-4fd2-acb8-90a4aae62af0/business_strategy.json,reports,.json,17194
reports/content_packages/sig-identity-test-001/runs/dc580fb5-623f-4fd2-acb8-90a4aae62af0/editorial_acceptance.json,reports,.json,298
reports/content_packages/sig-identity-test-001/runs/dc580fb5-623f-4fd2-acb8-90a4aae62af0/generated.json,reports,.json,1091
reports/content_packages/sig-identity-test-001/runs/dc84acae-935e-4438-92ad-597dea6d63d1/assignment.json,reports,.json,836
reports/content_packages/sig-identity-test-001/runs/dc84acae-935e-4438-92ad-597dea6d63d1/business_strategy.json,reports,.json,17194
reports/content_packages/sig-identity-test-001/runs/dc84acae-935e-4438-92ad-597dea6d63d1/editorial_acceptance.json,reports,.json,298
reports/content_packages/sig-identity-test-001/runs/dc84acae-935e-4438-92ad-597dea6d63d1/generated.json,reports,.json,1091
reports/content_packages/sig-identity-test-001/runs/dd764e64-318f-4e86-9cab-123d93183c9d/assignment.json,reports,.json,836
reports/content_packages/sig-identity-test-001/runs/dd764e64-318f-4e86-9cab-123d93183c9d/business_strategy.json,reports,.json,17194
reports/content_packages/sig-identity-test-001/runs/dd764e64-318f-4e86-9cab-123d93183c9d/editorial_acceptance.json,reports,.json,298
reports/content_packages/sig-identity-test-001/runs/dd764e64-318f-4e86-9cab-123d93183c9d/generated.json,reports,.json,1091
reports/content_packages/sig-identity-test-001/runs/dd7e8312-a603-4747-97c0-bbf421e020d9/assignment.json,reports,.json,836
reports/content_packages/sig-identity-test-001/runs/dd7e8312-a603-4747-97c0-bbf421e020d9/business_strategy.json,reports,.json,17194
reports/content_packages/sig-identity-test-001/runs/dd7e8312-a603-4747-97c0-bbf421e020d9/editorial_acceptance.json,reports,.json,298
reports/content_packages/sig-identity-test-001/runs/dd7e8312-a603-4747-97c0-bbf421e020d9/generated.json,reports,.json,1091
reports/content_packages/sig-identity-test-001/runs/dd8b9a5c-e5d9-450d-8171-a0448825a1f5/assignment.json,reports,.json,836
reports/content_packages/sig-identity-test-001/runs/dd8b9a5c-e5d9-450d-8171-a0448825a1f5/business_strategy.json,reports,.json,17194
reports/content_packages/sig-identity-test-001/runs/dd8b9a5c-e5d9-450d-8171-a0448825a1f5/editorial_acceptance.json,reports,.json,298
reports/content_packages/sig-identity-test-001/runs/dd8b9a5c-e5d9-450d-8171-a0448825a1f5/generated.json,reports,.json,1091
reports/content_packages/sig-identity-test-001/runs/ddf7c89e-67ac-4759-8cd7-1aaf8502f024/business_strategy.json,reports,.json,17194
reports/content_packages/sig-identity-test-001/runs/ddf7c89e-67ac-4759-8cd7-1aaf8502f024/generated.json,reports,.json,1091
reports/content_packages/sig-identity-test-001/runs/ddfdcea3-6714-40dd-a2c1-57a020d42367/assignment.json,reports,.json,836
reports/content_packages/sig-identity-test-001/runs/ddfdcea3-6714-40dd-a2c1-57a020d42367/business_strategy.json,reports,.json,17194
reports/content_packages/sig-identity-test-001/runs/ddfdcea3-6714-40dd-a2c1-57a020d42367/editorial_acceptance.json,reports,.json,298
reports/content_packages/sig-identity-test-001/runs/ddfdcea3-6714-40dd-a2c1-57a020d42367/generated.json,reports,.json,1091
reports/content_packages/sig-identity-test-001/runs/de1bdc69-4688-4c17-97c0-18f61c0598b3/business_strategy.json,reports,.json,17194
reports/content_packages/sig-identity-test-001/runs/de1bdc69-4688-4c17-97c0-18f61c0598b3/generated.json,reports,.json,1091
reports/content_packages/sig-identity-test-001/runs/de337577-7f75-4a75-8038-33e5b87d3cc9/generated.json,reports,.json,990
reports/content_packages/sig-identity-test-001/runs/de525190-095a-42db-8f96-b74c21adf6f7/generated.json,reports,.json,856
reports/content_packages/sig-identity-test-001/runs/de561031-9500-4dac-b4c8-7505c07a52e1/assignment.json,reports,.json,844
reports/content_packages/sig-identity-test-001/runs/de561031-9500-4dac-b4c8-7505c07a52e1/business_strategy.json,reports,.json,17194
reports/content_packages/sig-identity-test-001/runs/de561031-9500-4dac-b4c8-7505c07a52e1/editorial_acceptance.json,reports,.json,298
reports/content_packages/sig-identity-test-001/runs/de561031-9500-4dac-b4c8-7505c07a52e1/generated.json,reports,.json,1091
reports/content_packages/sig-identity-test-001/runs/de67d74b-402b-441b-b5b4-1a4a5165f941/assignment.json,reports,.json,836
reports/content_packages/sig-identity-test-001/runs/de67d74b-402b-441b-b5b4-1a4a5165f941/business_strategy.json,reports,.json,17194
reports/content_packages/sig-identity-test-001/runs/de67d74b-402b-441b-b5b4-1a4a5165f941/editorial_acceptance.json,reports,.json,298
reports/content_packages/sig-identity-test-001/runs/de67d74b-402b-441b-b5b4-1a4a5165f941/generated.json,reports,.json,1091
reports/content_packages/sig-identity-test-001/runs/de9b1ddc-a01b-421b-b756-3c9771becbd8/business_strategy.json,reports,.json,17194
reports/content_packages/sig-identity-test-001/runs/de9b1ddc-a01b-421b-b756-3c9771becbd8/generated.json,reports,.json,1091
reports/content_packages/sig-identity-test-001/runs/deb9ccdf-0d39-499e-a72c-efdc09b85fc2/generated.json,reports,.json,990
reports/content_packages/sig-identity-test-001/runs/ded88f16-2d8c-495d-9cb8-9ffee90ae560/business_strategy.json,reports,.json,17194
reports/content_packages/sig-identity-test-001/runs/ded88f16-2d8c-495d-9cb8-9ffee90ae560/editorial_acceptance.json,reports,.json,245
reports/content_packages/sig-identity-test-001/runs/ded88f16-2d8c-495d-9cb8-9ffee90ae560/generated.json,reports,.json,1091
reports/content_packages/sig-identity-test-001/runs/df123262-b4a2-4ccf-8bf6-c16a8e98dc4d/assignment.json,reports,.json,836
reports/content_packages/sig-identity-test-001/runs/df123262-b4a2-4ccf-8bf6-c16a8e98dc4d/business_strategy.json,reports,.json,17194
reports/content_packages/sig-identity-test-001/runs/df123262-b4a2-4ccf-8bf6-c16a8e98dc4d/editorial_acceptance.json,reports,.json,298
reports/content_packages/sig-identity-test-001/runs/df123262-b4a2-4ccf-8bf6-c16a8e98dc4d/generated.json,reports,.json,1091
reports/content_packages/sig-identity-test-001/runs/df2a3d75-7f52-4b75-b79a-e43564a40aad/assignment.json,reports,.json,836
reports/content_packages/sig-identity-test-001/runs/df2a3d75-7f52-4b75-b79a-e43564a40aad/business_strategy.json,reports,.json,17194
reports/content_packages/sig-identity-test-001/runs/df2a3d75-7f52-4b75-b79a-e43564a40aad/editorial_acceptance.json,reports,.json,298
reports/content_packages/sig-identity-test-001/runs/df2a3d75-7f52-4b75-b79a-e43564a40aad/generated.json,reports,.json,1091
reports/content_packages/sig-identity-test-001/runs/dfbd8351-b761-4a7a-a2b1-bc09e268d7a9/business_strategy.json,reports,.json,17194
reports/content_packages/sig-identity-test-001/runs/dfbd8351-b761-4a7a-a2b1-bc09e268d7a9/generated.json,reports,.json,1091
reports/content_packages/sig-identity-test-001/runs/dfffbaab-a4c0-4f50-bb1b-3971e1d78911/assignment.json,reports,.json,836
reports/content_packages/sig-identity-test-001/runs/dfffbaab-a4c0-4f50-bb1b-3971e1d78911/business_strategy.json,reports,.json,17194
reports/content_packages/sig-identity-test-001/runs/e0180697-9f6d-41f4-b1e6-44f36a8bda23/assignment.json,reports,.json,836
reports/content_packages/sig-identity-test-001/runs/e0180697-9f6d-41f4-b1e6-44f36a8bda23/business_strategy.json,reports,.json,17194
reports/content_packages/sig-identity-test-001/runs/e0180697-9f6d-41f4-b1e6-44f36a8bda23/editorial_acceptance.json,reports,.json,298
reports/content_packages/sig-identity-test-001/runs/e0180697-9f6d-41f4-b1e6-44f36a8bda23/generated.json,reports,.json,1091
reports/content_packages/sig-identity-test-001/runs/e051bdbf-6e93-470f-9c53-6c91f93813aa/assignment.json,reports,.json,836
reports/content_packages/sig-identity-test-001/runs/e051bdbf-6e93-470f-9c53-6c91f93813aa/business_strategy.json,reports,.json,17194
reports/content_packages/sig-identity-test-001/runs/e051bdbf-6e93-470f-9c53-6c91f93813aa/editorial_acceptance.json,reports,.json,298
reports/content_packages/sig-identity-test-001/runs/e051bdbf-6e93-470f-9c53-6c91f93813aa/generated.json,reports,.json,1091
reports/content_packages/sig-identity-test-001/runs/e0f0dcab-da7d-4285-b6f3-b3d600515cf7/assignment.json,reports,.json,836
reports/content_packages/sig-identity-test-001/runs/e0f0dcab-da7d-4285-b6f3-b3d600515cf7/business_strategy.json,reports,.json,17194
reports/content_packages/sig-identity-test-001/runs/e0f0dcab-da7d-4285-b6f3-b3d600515cf7/editorial_acceptance.json,reports,.json,298
reports/content_packages/sig-identity-test-001/runs/e0f0dcab-da7d-4285-b6f3-b3d600515cf7/generated.json,reports,.json,1091
reports/content_packages/sig-identity-test-001/runs/e103af73-cbad-4661-93e7-c156cfde4e62/business_strategy.json,reports,.json,17194
reports/content_packages/sig-identity-test-001/runs/e103af73-cbad-4661-93e7-c156cfde4e62/generated.json,reports,.json,1091
reports/content_packages/sig-identity-test-001/runs/e1234d25-8dcd-43ca-9a3f-8272d1e868e4/assignment.json,reports,.json,836
reports/content_packages/sig-identity-test-001/runs/e1234d25-8dcd-43ca-9a3f-8272d1e868e4/business_strategy.json,reports,.json,17194
reports/content_packages/sig-identity-test-001/runs/e1234d25-8dcd-43ca-9a3f-8272d1e868e4/editorial_acceptance.json,reports,.json,298
reports/content_packages/sig-identity-test-001/runs/e1234d25-8dcd-43ca-9a3f-8272d1e868e4/generated.json,reports,.json,1091
reports/content_packages/sig-identity-test-001/runs/e147a11d-e403-4a87-a9a2-f6ae3767c1a2/generated.json,reports,.json,856
reports/content_packages/sig-identity-test-001/runs/e155e724-5972-4689-96a2-db2de6077d93/business_strategy.json,reports,.json,17194
reports/content_packages/sig-identity-test-001/runs/e155e724-5972-4689-96a2-db2de6077d93/generated.json,reports,.json,1091
reports/content_packages/sig-identity-test-001/runs/e19b4973-b422-4e05-a580-dd7a095eb59e/business_strategy.json,reports,.json,17194
reports/content_packages/sig-identity-test-001/runs/e19b4973-b422-4e05-a580-dd7a095eb59e/editorial_acceptance.json,reports,.json,245
reports/content_packages/sig-identity-test-001/runs/e19b4973-b422-4e05-a580-dd7a095eb59e/generated.json,reports,.json,1091
reports/content_packages/sig-identity-test-001/runs/e1d3fa31-608a-4c18-ac8c-0431e02e3320/generated.json,reports,.json,990
reports/content_packages/sig-identity-test-001/runs/e2324f8b-d076-4160-8c90-283d71c87953/business_strategy.json,reports,.json,17194
reports/content_packages/sig-identity-test-001/runs/e245f7f7-f906-4e60-8805-a02a9f79ad04/assignment.json,reports,.json,836
reports/content_packages/sig-identity-test-001/runs/e245f7f7-f906-4e60-8805-a02a9f79ad04/business_strategy.json,reports,.json,17194
reports/content_packages/sig-identity-test-001/runs/e245f7f7-f906-4e60-8805-a02a9f79ad04/editorial_acceptance.json,reports,.json,298
reports/content_packages/sig-identity-test-001/runs/e245f7f7-f906-4e60-8805-a02a9f79ad04/generated.json,reports,.json,1091
reports/content_packages/sig-identity-test-001/runs/e2928c91-61c2-4bc5-8d28-70394c85497f/generated.json,reports,.json,990
reports/content_packages/sig-identity-test-001/runs/e2a01e74-bd8b-4492-b9c8-14c489c1985c/generated.json,reports,.json,856
reports/content_packages/sig-identity-test-001/runs/e2bae1f3-54d1-4dfd-9abd-1e57cb9f6af0/business_strategy.json,reports,.json,17194
reports/content_packages/sig-identity-test-001/runs/e2bae1f3-54d1-4dfd-9abd-1e57cb9f6af0/editorial_acceptance.json,reports,.json,245
reports/content_packages/sig-identity-test-001/runs/e2bae1f3-54d1-4dfd-9abd-1e57cb9f6af0/generated.json,reports,.json,1091
reports/content_packages/sig-identity-test-001/runs/e2bf53fb-a5ae-4f8b-8b4d-d05189b1b823/assignment.json,reports,.json,836
reports/content_packages/sig-identity-test-001/runs/e2bf53fb-a5ae-4f8b-8b4d-d05189b1b823/business_strategy.json,reports,.json,17194
reports/content_packages/sig-identity-test-001/runs/e2bf53fb-a5ae-4f8b-8b4d-d05189b1b823/editorial_acceptance.json,reports,.json,298
reports/content_packages/sig-identity-test-001/runs/e2bf53fb-a5ae-4f8b-8b4d-d05189b1b823/generated.json,reports,.json,1091
reports/content_packages/sig-identity-test-001/runs/e2c73c3a-e601-43e1-9728-de4f8329d3a9/assignment.json,reports,.json,844
reports/content_packages/sig-identity-test-001/runs/e2c73c3a-e601-43e1-9728-de4f8329d3a9/business_strategy.json,reports,.json,17194
reports/content_packages/sig-identity-test-001/runs/e2c73c3a-e601-43e1-9728-de4f8329d3a9/editorial_acceptance.json,reports,.json,298
reports/content_packages/sig-identity-test-001/runs/e2c73c3a-e601-43e1-9728-de4f8329d3a9/generated.json,reports,.json,1091
reports/content_packages/sig-identity-test-001/runs/e3684b29-2191-416a-9287-86b633e4163f/assignment.json,reports,.json,836
reports/content_packages/sig-identity-test-001/runs/e3684b29-2191-416a-9287-86b633e4163f/business_strategy.json,reports,.json,17194
reports/content_packages/sig-identity-test-001/runs/e3684b29-2191-416a-9287-86b633e4163f/editorial_acceptance.json,reports,.json,298
reports/content_packages/sig-identity-test-001/runs/e3684b29-2191-416a-9287-86b633e4163f/generated.json,reports,.json,1091
reports/content_packages/sig-identity-test-001/runs/e36fd1d5-ad71-40e5-b161-b987a83e29c9/business_strategy.json,reports,.json,17194
reports/content_packages/sig-identity-test-001/runs/e36fd1d5-ad71-40e5-b161-b987a83e29c9/editorial_acceptance.json,reports,.json,245
reports/content_packages/sig-identity-test-001/runs/e36fd1d5-ad71-40e5-b161-b987a83e29c9/generated.json,reports,.json,1091
reports/content_packages/sig-identity-test-001/runs/e3a92dd4-97ae-47eb-aa40-3d74f93ff4e8/business_strategy.json,reports,.json,17194
reports/content_packages/sig-identity-test-001/runs/e3a92dd4-97ae-47eb-aa40-3d74f93ff4e8/editorial_acceptance.json,reports,.json,245
reports/content_packages/sig-identity-test-001/runs/e3a92dd4-97ae-47eb-aa40-3d74f93ff4e8/generated.json,reports,.json,1091
reports/content_packages/sig-identity-test-001/runs/e4468930-b60c-4ffe-af5f-daa55c91c6df/business_strategy.json,reports,.json,17194
reports/content_packages/sig-identity-test-001/runs/e4468930-b60c-4ffe-af5f-daa55c91c6df/generated.json,reports,.json,1091
reports/content_packages/sig-identity-test-001/runs/e4c907b1-7c43-43e7-ba35-3c16c1d91d5d/business_strategy.json,reports,.json,17194
reports/content_packages/sig-identity-test-001/runs/e4c907b1-7c43-43e7-ba35-3c16c1d91d5d/generated.json,reports,.json,1091
reports/content_packages/sig-identity-test-001/runs/e4e42436-53ee-43c1-b21b-3b15e9da3079/business_strategy.json,reports,.json,17194
reports/content_packages/sig-identity-test-001/runs/e4e42436-53ee-43c1-b21b-3b15e9da3079/generated.json,reports,.json,1091
reports/content_packages/sig-identity-test-001/runs/e5b6e30b-5fe3-4336-8295-fe7578a356cf/business_strategy.json,reports,.json,17194
reports/content_packages/sig-identity-test-001/runs/e5b6e30b-5fe3-4336-8295-fe7578a356cf/editorial_acceptance.json,reports,.json,245
reports/content_packages/sig-identity-test-001/runs/e5b6e30b-5fe3-4336-8295-fe7578a356cf/generated.json,reports,.json,1091
reports/content_packages/sig-identity-test-001/runs/e5e56d7d-74e4-4440-a5ab-f78d58d3dcd3/business_strategy.json,reports,.json,17194
reports/content_packages/sig-identity-test-001/runs/e5e56d7d-74e4-4440-a5ab-f78d58d3dcd3/editorial_acceptance.json,reports,.json,245
reports/content_packages/sig-identity-test-001/runs/e5e56d7d-74e4-4440-a5ab-f78d58d3dcd3/generated.json,reports,.json,1091
reports/content_packages/sig-identity-test-001/runs/e60dd237-eae7-463b-9593-b7dcce13a9f0/assignment.json,reports,.json,836
reports/content_packages/sig-identity-test-001/runs/e60dd237-eae7-463b-9593-b7dcce13a9f0/business_strategy.json,reports,.json,17194
reports/content_packages/sig-identity-test-001/runs/e60dd237-eae7-463b-9593-b7dcce13a9f0/editorial_acceptance.json,reports,.json,298
reports/content_packages/sig-identity-test-001/runs/e60dd237-eae7-463b-9593-b7dcce13a9f0/generated.json,reports,.json,1091
reports/content_packages/sig-identity-test-001/runs/e6296cdd-fe00-4da3-b256-248d61b30dc3/assignment.json,reports,.json,836
reports/content_packages/sig-identity-test-001/runs/e6296cdd-fe00-4da3-b256-248d61b30dc3/business_strategy.json,reports,.json,17194
reports/content_packages/sig-identity-test-001/runs/e6296cdd-fe00-4da3-b256-248d61b30dc3/editorial_acceptance.json,reports,.json,298
reports/content_packages/sig-identity-test-001/runs/e6296cdd-fe00-4da3-b256-248d61b30dc3/generated.json,reports,.json,1091
reports/content_packages/sig-identity-test-001/runs/e6777e76-d322-47e8-a670-77fc78b15009/business_strategy.json,reports,.json,17194
reports/content_packages/sig-identity-test-001/runs/e6777e76-d322-47e8-a670-77fc78b15009/generated.json,reports,.json,1091
reports/content_packages/sig-identity-test-001/runs/e6819b2f-f66c-4df0-b060-901f0d5e2bed/business_strategy.json,reports,.json,17194
reports/content_packages/sig-identity-test-001/runs/e6819b2f-f66c-4df0-b060-901f0d5e2bed/generated.json,reports,.json,1091
reports/content_packages/sig-identity-test-001/runs/e68303b8-53cd-4275-98d9-7dbb154c31d6/business_strategy.json,reports,.json,17194
reports/content_packages/sig-identity-test-001/runs/e68303b8-53cd-4275-98d9-7dbb154c31d6/generated.json,reports,.json,1091
reports/content_packages/sig-identity-test-001/runs/e6c2d938-e073-4350-9495-5d68142f2edb/assignment.json,reports,.json,836
reports/content_packages/sig-identity-test-001/runs/e6c2d938-e073-4350-9495-5d68142f2edb/business_strategy.json,reports,.json,17194
reports/content_packages/sig-identity-test-001/runs/e6c2d938-e073-4350-9495-5d68142f2edb/editorial_acceptance.json,reports,.json,298
reports/content_packages/sig-identity-test-001/runs/e6c2d938-e073-4350-9495-5d68142f2edb/generated.json,reports,.json,1091
reports/content_packages/sig-identity-test-001/runs/e72a822b-f73d-4af4-8662-1752865a3b6f/business_strategy.json,reports,.json,17194
reports/content_packages/sig-identity-test-001/runs/e72a822b-f73d-4af4-8662-1752865a3b6f/generated.json,reports,.json,1091
reports/content_packages/sig-identity-test-001/runs/e73de46e-a11b-4a47-a3ce-d0e20cc41816/business_strategy.json,reports,.json,17194
reports/content_packages/sig-identity-test-001/runs/e73de46e-a11b-4a47-a3ce-d0e20cc41816/generated.json,reports,.json,1286
reports/content_packages/sig-identity-test-001/runs/e749936c-3ad3-4b5d-beb2-5edf041700ba/assignment.json,reports,.json,844
reports/content_packages/sig-identity-test-001/runs/e749936c-3ad3-4b5d-beb2-5edf041700ba/business_strategy.json,reports,.json,17194
reports/content_packages/sig-identity-test-001/runs/e749936c-3ad3-4b5d-beb2-5edf041700ba/editorial_acceptance.json,reports,.json,298
reports/content_packages/sig-identity-test-001/runs/e749936c-3ad3-4b5d-beb2-5edf041700ba/generated.json,reports,.json,1091
reports/content_packages/sig-identity-test-001/runs/e773d2e8-33b1-4e4a-b36c-d23e050e4b2c/business_strategy.json,reports,.json,17194
reports/content_packages/sig-identity-test-001/runs/e773d2e8-33b1-4e4a-b36c-d23e050e4b2c/editorial_acceptance.json,reports,.json,245
reports/content_packages/sig-identity-test-001/runs/e773d2e8-33b1-4e4a-b36c-d23e050e4b2c/generated.json,reports,.json,1091
reports/content_packages/sig-identity-test-001/runs/e7a14694-2aae-4edd-ba9e-d2668b3223d3/assignment.json,reports,.json,836
reports/content_packages/sig-identity-test-001/runs/e7a14694-2aae-4edd-ba9e-d2668b3223d3/business_strategy.json,reports,.json,17194
reports/content_packages/sig-identity-test-001/runs/e7a14694-2aae-4edd-ba9e-d2668b3223d3/editorial_acceptance.json,reports,.json,298
reports/content_packages/sig-identity-test-001/runs/e7a14694-2aae-4edd-ba9e-d2668b3223d3/generated.json,reports,.json,1091
reports/content_packages/sig-identity-test-001/runs/e7a5694c-5746-4d71-b5a8-b2022155508d/assignment.json,reports,.json,836
reports/content_packages/sig-identity-test-001/runs/e7a5694c-5746-4d71-b5a8-b2022155508d/business_strategy.json,reports,.json,17194
reports/content_packages/sig-identity-test-001/runs/e7a5694c-5746-4d71-b5a8-b2022155508d/editorial_acceptance.json,reports,.json,298
reports/content_packages/sig-identity-test-001/runs/e7a5694c-5746-4d71-b5a8-b2022155508d/generated.json,reports,.json,1091
reports/content_packages/sig-identity-test-001/runs/e7cd71ec-a65c-4a93-afa4-b6e904a630f4/assignment.json,reports,.json,836
reports/content_packages/sig-identity-test-001/runs/e7cd71ec-a65c-4a93-afa4-b6e904a630f4/business_strategy.json,reports,.json,17194
reports/content_packages/sig-identity-test-001/runs/e7cd71ec-a65c-4a93-afa4-b6e904a630f4/editorial_acceptance.json,reports,.json,298
reports/content_packages/sig-identity-test-001/runs/e7cd71ec-a65c-4a93-afa4-b6e904a630f4/generated.json,reports,.json,1091
reports/content_packages/sig-identity-test-001/runs/e7ffe77e-8b12-46aa-a5d2-ef091de752ee/assignment.json,reports,.json,836
reports/content_packages/sig-identity-test-001/runs/e7ffe77e-8b12-46aa-a5d2-ef091de752ee/business_strategy.json,reports,.json,17194
reports/content_packages/sig-identity-test-001/runs/e7ffe77e-8b12-46aa-a5d2-ef091de752ee/editorial_acceptance.json,reports,.json,298
reports/content_packages/sig-identity-test-001/runs/e7ffe77e-8b12-46aa-a5d2-ef091de752ee/generated.json,reports,.json,1091
reports/content_packages/sig-identity-test-001/runs/e8332850-8be0-4eac-844c-25b9adac2959/business_strategy.json,reports,.json,17194
reports/content_packages/sig-identity-test-001/runs/e8332850-8be0-4eac-844c-25b9adac2959/generated.json,reports,.json,1091
reports/content_packages/sig-identity-test-001/runs/e835ca31-9f77-4366-967a-c76aaa24d68e/business_strategy.json,reports,.json,17194
reports/content_packages/sig-identity-test-001/runs/e835ca31-9f77-4366-967a-c76aaa24d68e/editorial_acceptance.json,reports,.json,245
reports/content_packages/sig-identity-test-001/runs/e835ca31-9f77-4366-967a-c76aaa24d68e/generated.json,reports,.json,1091
reports/content_packages/sig-identity-test-001/runs/e88395f9-d36d-45be-a940-b81fdd71348b/business_strategy.json,reports,.json,17194
reports/content_packages/sig-identity-test-001/runs/e88395f9-d36d-45be-a940-b81fdd71348b/generated.json,reports,.json,1091
reports/content_packages/sig-identity-test-001/runs/e8988c00-7e66-4a09-a373-5cc3d13e7b72/generated.json,reports,.json,990
reports/content_packages/sig-identity-test-001/runs/e91d91e4-772e-4586-9b70-f141c1fba493/business_strategy.json,reports,.json,17194
reports/content_packages/sig-identity-test-001/runs/e91d91e4-772e-4586-9b70-f141c1fba493/editorial_acceptance.json,reports,.json,245
reports/content_packages/sig-identity-test-001/runs/e91d91e4-772e-4586-9b70-f141c1fba493/generated.json,reports,.json,1091
reports/content_packages/sig-identity-test-001/runs/e9767d47-3209-488c-9788-61ac3cdd817b/business_strategy.json,reports,.json,17194
reports/content_packages/sig-identity-test-001/runs/e9767d47-3209-488c-9788-61ac3cdd817b/generated.json,reports,.json,1286
reports/content_packages/sig-identity-test-001/runs/e9958ec1-b9c4-47c3-abb5-3126d4d131bf/business_strategy.json,reports,.json,17194
reports/content_packages/sig-identity-test-001/runs/e9958ec1-b9c4-47c3-abb5-3126d4d131bf/generated.json,reports,.json,1091
reports/content_packages/sig-identity-test-001/runs/e9b2559f-f3bb-4c37-be45-f53b0fd1e2bc/generated.json,reports,.json,990
reports/content_packages/sig-identity-test-001/runs/e9bb0fc4-9353-427c-909a-9b9b69bdfa80/assignment.json,reports,.json,836
reports/content_packages/sig-identity-test-001/runs/e9bb0fc4-9353-427c-909a-9b9b69bdfa80/business_strategy.json,reports,.json,17194
reports/content_packages/sig-identity-test-001/runs/ea034ba2-4e5e-46f2-a5db-244c9b4091b6/business_strategy.json,reports,.json,17194
reports/content_packages/sig-identity-test-001/runs/ea0cb156-1718-4082-9544-c9eeb5eca3a0/business_strategy.json,reports,.json,17194
reports/content_packages/sig-identity-test-001/runs/ea0cb156-1718-4082-9544-c9eeb5eca3a0/generated.json,reports,.json,1091
reports/content_packages/sig-identity-test-001/runs/ea59587b-fc18-4bf9-a3f6-5b2656d8ba7f/assignment.json,reports,.json,836
reports/content_packages/sig-identity-test-001/runs/ea59587b-fc18-4bf9-a3f6-5b2656d8ba7f/business_strategy.json,reports,.json,17194
reports/content_packages/sig-identity-test-001/runs/ea59587b-fc18-4bf9-a3f6-5b2656d8ba7f/editorial_acceptance.json,reports,.json,298
reports/content_packages/sig-identity-test-001/runs/ea59587b-fc18-4bf9-a3f6-5b2656d8ba7f/generated.json,reports,.json,1091
reports/content_packages/sig-identity-test-001/runs/ea8be0ea-6d11-4c98-8a1b-2b280b8fe250/business_strategy.json,reports,.json,17194
reports/content_packages/sig-identity-test-001/runs/ea8be0ea-6d11-4c98-8a1b-2b280b8fe250/generated.json,reports,.json,1091
reports/content_packages/sig-identity-test-001/runs/ebbe3fc2-f9d2-4e5b-8eba-f1dfdc72bc82/business_strategy.json,reports,.json,17194
reports/content_packages/sig-identity-test-001/runs/ebc91aac-bba1-4569-89d4-ebcee2016b63/assignment.json,reports,.json,836
reports/content_packages/sig-identity-test-001/runs/ebc91aac-bba1-4569-89d4-ebcee2016b63/business_strategy.json,reports,.json,17194
reports/content_packages/sig-identity-test-001/runs/ebc91aac-bba1-4569-89d4-ebcee2016b63/editorial_acceptance.json,reports,.json,298
reports/content_packages/sig-identity-test-001/runs/ebc91aac-bba1-4569-89d4-ebcee2016b63/generated.json,reports,.json,1091
reports/content_packages/sig-identity-test-001/runs/ebe4aa82-2b0b-4327-95e0-0ae384e2a64a/assignment.json,reports,.json,836
reports/content_packages/sig-identity-test-001/runs/ebe4aa82-2b0b-4327-95e0-0ae384e2a64a/business_strategy.json,reports,.json,17194
reports/content_packages/sig-identity-test-001/runs/ebe4aa82-2b0b-4327-95e0-0ae384e2a64a/editorial_acceptance.json,reports,.json,298
reports/content_packages/sig-identity-test-001/runs/ebe4aa82-2b0b-4327-95e0-0ae384e2a64a/generated.json,reports,.json,1091
reports/content_packages/sig-identity-test-001/runs/ec88212e-4f93-453a-bb89-e2429bc04432/assignment.json,reports,.json,836
reports/content_packages/sig-identity-test-001/runs/ec88212e-4f93-453a-bb89-e2429bc04432/business_strategy.json,reports,.json,17194
reports/content_packages/sig-identity-test-001/runs/ec88212e-4f93-453a-bb89-e2429bc04432/editorial_acceptance.json,reports,.json,298
reports/content_packages/sig-identity-test-001/runs/ec88212e-4f93-453a-bb89-e2429bc04432/generated.json,reports,.json,1091
reports/content_packages/sig-identity-test-001/runs/ece0a0b7-2f01-4e22-afe4-a23b97ba9ecf/business_strategy.json,reports,.json,17194
reports/content_packages/sig-identity-test-001/runs/ece0a0b7-2f01-4e22-afe4-a23b97ba9ecf/editorial_acceptance.json,reports,.json,245
reports/content_packages/sig-identity-test-001/runs/ece0a0b7-2f01-4e22-afe4-a23b97ba9ecf/generated.json,reports,.json,1091
reports/content_packages/sig-identity-test-001/runs/ed26d402-85c3-413b-8748-6c2ca2b90ba5/business_strategy.json,reports,.json,17194
reports/content_packages/sig-identity-test-001/runs/ed26d402-85c3-413b-8748-6c2ca2b90ba5/generated.json,reports,.json,1286
reports/content_packages/sig-identity-test-001/runs/ed2bb309-1b03-4726-aabf-c3e8a5958dc4/business_strategy.json,reports,.json,17194
reports/content_packages/sig-identity-test-001/runs/ed2bb309-1b03-4726-aabf-c3e8a5958dc4/generated.json,reports,.json,1091
reports/content_packages/sig-identity-test-001/runs/ed331073-c3c2-420e-8b4c-76a25c54890f/business_strategy.json,reports,.json,17194
reports/content_packages/sig-identity-test-001/runs/ed331073-c3c2-420e-8b4c-76a25c54890f/generated.json,reports,.json,1091
reports/content_packages/sig-identity-test-001/runs/ed51f3e9-5adb-4075-9688-44c2e5c9cf4a/generated.json,reports,.json,856
reports/content_packages/sig-identity-test-001/runs/ee2313d1-a9b5-48a7-a735-d43fe0165d75/assignment.json,reports,.json,836
reports/content_packages/sig-identity-test-001/runs/ee2313d1-a9b5-48a7-a735-d43fe0165d75/business_strategy.json,reports,.json,17194
reports/content_packages/sig-identity-test-001/runs/ee2313d1-a9b5-48a7-a735-d43fe0165d75/editorial_acceptance.json,reports,.json,298
reports/content_packages/sig-identity-test-001/runs/ee2313d1-a9b5-48a7-a735-d43fe0165d75/generated.json,reports,.json,1091
reports/content_packages/sig-identity-test-001/runs/ee3bff04-10ef-4df6-ab08-36c8004f70c6/assignment.json,reports,.json,836
reports/content_packages/sig-identity-test-001/runs/ee3bff04-10ef-4df6-ab08-36c8004f70c6/business_strategy.json,reports,.json,17194
reports/content_packages/sig-identity-test-001/runs/ee3bff04-10ef-4df6-ab08-36c8004f70c6/editorial_acceptance.json,reports,.json,298
reports/content_packages/sig-identity-test-001/runs/ee3bff04-10ef-4df6-ab08-36c8004f70c6/generated.json,reports,.json,1091
reports/content_packages/sig-identity-test-001/runs/eeab5295-dfcb-45fd-9421-bb429851617d/assignment.json,reports,.json,836
reports/content_packages/sig-identity-test-001/runs/eeab5295-dfcb-45fd-9421-bb429851617d/business_strategy.json,reports,.json,17194
reports/content_packages/sig-identity-test-001/runs/eeab5295-dfcb-45fd-9421-bb429851617d/editorial_acceptance.json,reports,.json,298
reports/content_packages/sig-identity-test-001/runs/eeab5295-dfcb-45fd-9421-bb429851617d/generated.json,reports,.json,1091
reports/content_packages/sig-identity-test-001/runs/eee5b418-8530-41b6-850e-863933ca4aa4/business_strategy.json,reports,.json,17194
reports/content_packages/sig-identity-test-001/runs/eee5b418-8530-41b6-850e-863933ca4aa4/editorial_acceptance.json,reports,.json,245
reports/content_packages/sig-identity-test-001/runs/eee5b418-8530-41b6-850e-863933ca4aa4/generated.json,reports,.json,1091
reports/content_packages/sig-identity-test-001/runs/ef075bd5-668e-4843-bd85-c3a3811ac8b6/business_strategy.json,reports,.json,17194
reports/content_packages/sig-identity-test-001/runs/ef075bd5-668e-4843-bd85-c3a3811ac8b6/editorial_acceptance.json,reports,.json,245
reports/content_packages/sig-identity-test-001/runs/ef075bd5-668e-4843-bd85-c3a3811ac8b6/generated.json,reports,.json,1091
reports/content_packages/sig-identity-test-001/runs/ef53d32a-1b18-4669-aa2d-22cc1b4bfe4d/assignment.json,reports,.json,836
reports/content_packages/sig-identity-test-001/runs/ef53d32a-1b18-4669-aa2d-22cc1b4bfe4d/business_strategy.json,reports,.json,17194
reports/content_packages/sig-identity-test-001/runs/ef53d32a-1b18-4669-aa2d-22cc1b4bfe4d/editorial_acceptance.json,reports,.json,298
reports/content_packages/sig-identity-test-001/runs/ef53d32a-1b18-4669-aa2d-22cc1b4bfe4d/generated.json,reports,.json,1091
reports/content_packages/sig-identity-test-001/runs/ef592284-9b0f-4739-bbfb-c38ff8fe1cde/assignment.json,reports,.json,836
reports/content_packages/sig-identity-test-001/runs/ef592284-9b0f-4739-bbfb-c38ff8fe1cde/business_strategy.json,reports,.json,17194
reports/content_packages/sig-identity-test-001/runs/ef592284-9b0f-4739-bbfb-c38ff8fe1cde/editorial_acceptance.json,reports,.json,298
reports/content_packages/sig-identity-test-001/runs/ef592284-9b0f-4739-bbfb-c38ff8fe1cde/generated.json,reports,.json,1091
reports/content_packages/sig-identity-test-001/runs/efb7f566-d870-40f8-bd83-73e85bc3b111/business_strategy.json,reports,.json,17194
reports/content_packages/sig-identity-test-001/runs/efb7f566-d870-40f8-bd83-73e85bc3b111/generated.json,reports,.json,1091
reports/content_packages/sig-identity-test-001/runs/efd28071-66cb-4091-bc84-0ef4c0de32ae/business_strategy.json,reports,.json,17194
reports/content_packages/sig-identity-test-001/runs/f03a5aea-d248-4676-b61d-38a6a8647abb/assignment.json,reports,.json,836
reports/content_packages/sig-identity-test-001/runs/f03a5aea-d248-4676-b61d-38a6a8647abb/business_strategy.json,reports,.json,17194
reports/content_packages/sig-identity-test-001/runs/f03a5aea-d248-4676-b61d-38a6a8647abb/editorial_acceptance.json,reports,.json,298
reports/content_packages/sig-identity-test-001/runs/f03a5aea-d248-4676-b61d-38a6a8647abb/generated.json,reports,.json,1091
reports/content_packages/sig-identity-test-001/runs/f06af0de-134e-48a0-bf53-6754407c3494/business_strategy.json,reports,.json,17194
reports/content_packages/sig-identity-test-001/runs/f06af0de-134e-48a0-bf53-6754407c3494/editorial_acceptance.json,reports,.json,245
reports/content_packages/sig-identity-test-001/runs/f06af0de-134e-48a0-bf53-6754407c3494/generated.json,reports,.json,1091
reports/content_packages/sig-identity-test-001/runs/f0d8ed58-a085-431a-b375-5b44291f9df5/business_strategy.json,reports,.json,17194
reports/content_packages/sig-identity-test-001/runs/f0d8ed58-a085-431a-b375-5b44291f9df5/generated.json,reports,.json,1091
reports/content_packages/sig-identity-test-001/runs/f10abaa2-3fba-492f-9da7-fdcbee169195/generated.json,reports,.json,856
reports/content_packages/sig-identity-test-001/runs/f1a61df0-4480-4bad-a2fa-58b939064409/assignment.json,reports,.json,836
reports/content_packages/sig-identity-test-001/runs/f1a61df0-4480-4bad-a2fa-58b939064409/business_strategy.json,reports,.json,17194
reports/content_packages/sig-identity-test-001/runs/f1a61df0-4480-4bad-a2fa-58b939064409/editorial_acceptance.json,reports,.json,298
reports/content_packages/sig-identity-test-001/runs/f1a61df0-4480-4bad-a2fa-58b939064409/generated.json,reports,.json,1091
reports/content_packages/sig-identity-test-001/runs/f1b563a3-74ed-4499-859e-226d70741566/assignment.json,reports,.json,836
reports/content_packages/sig-identity-test-001/runs/f1b563a3-74ed-4499-859e-226d70741566/business_strategy.json,reports,.json,17194
reports/content_packages/sig-identity-test-001/runs/f1b563a3-74ed-4499-859e-226d70741566/editorial_acceptance.json,reports,.json,298
reports/content_packages/sig-identity-test-001/runs/f1b563a3-74ed-4499-859e-226d70741566/generated.json,reports,.json,1091
reports/content_packages/sig-identity-test-001/runs/f1c059cc-fb1d-437f-847b-ed2651cbbfbd/business_strategy.json,reports,.json,17194
reports/content_packages/sig-identity-test-001/runs/f1c059cc-fb1d-437f-847b-ed2651cbbfbd/generated.json,reports,.json,1091
reports/content_packages/sig-identity-test-001/runs/f287b5f6-3c11-490a-b07e-bbf4251f6075/assignment.json,reports,.json,836
reports/content_packages/sig-identity-test-001/runs/f287b5f6-3c11-490a-b07e-bbf4251f6075/business_strategy.json,reports,.json,17194
reports/content_packages/sig-identity-test-001/runs/f2faa08e-84e0-4611-be5d-2e2fa5bcf84a/business_strategy.json,reports,.json,17194
reports/content_packages/sig-identity-test-001/runs/f31e7398-3500-49d9-a583-d6e5de725569/assignment.json,reports,.json,836
reports/content_packages/sig-identity-test-001/runs/f31e7398-3500-49d9-a583-d6e5de725569/business_strategy.json,reports,.json,17194
reports/content_packages/sig-identity-test-001/runs/f31e7398-3500-49d9-a583-d6e5de725569/editorial_acceptance.json,reports,.json,298
reports/content_packages/sig-identity-test-001/runs/f31e7398-3500-49d9-a583-d6e5de725569/generated.json,reports,.json,1091
reports/content_packages/sig-identity-test-001/runs/f373451c-25f5-486f-b0df-0c4cc72045e3/business_strategy.json,reports,.json,17194
reports/content_packages/sig-identity-test-001/runs/f373451c-25f5-486f-b0df-0c4cc72045e3/generated.json,reports,.json,1286
reports/content_packages/sig-identity-test-001/runs/f391e477-1099-4c63-80e7-189b97e72fbb/assignment.json,reports,.json,836
reports/content_packages/sig-identity-test-001/runs/f391e477-1099-4c63-80e7-189b97e72fbb/business_strategy.json,reports,.json,17194
reports/content_packages/sig-identity-test-001/runs/f3d239e1-04c8-4c46-8624-8542e7350abc/business_strategy.json,reports,.json,17194
reports/content_packages/sig-identity-test-001/runs/f3d239e1-04c8-4c46-8624-8542e7350abc/editorial_acceptance.json,reports,.json,245
reports/content_packages/sig-identity-test-001/runs/f3d239e1-04c8-4c46-8624-8542e7350abc/generated.json,reports,.json,1091
reports/content_packages/sig-identity-test-001/runs/f4089edc-eb95-4ced-b55d-9f595f988cfa/generated.json,reports,.json,856
reports/content_packages/sig-identity-test-001/runs/f4394085-9e8b-4644-9459-8aaf3cad0f4f/assignment.json,reports,.json,836
reports/content_packages/sig-identity-test-001/runs/f4394085-9e8b-4644-9459-8aaf3cad0f4f/business_strategy.json,reports,.json,17194
reports/content_packages/sig-identity-test-001/runs/f4394085-9e8b-4644-9459-8aaf3cad0f4f/editorial_acceptance.json,reports,.json,298
reports/content_packages/sig-identity-test-001/runs/f4394085-9e8b-4644-9459-8aaf3cad0f4f/generated.json,reports,.json,1091
reports/content_packages/sig-identity-test-001/runs/f45f1a1a-f91b-429c-bbb3-e47e588addf4/business_strategy.json,reports,.json,17194
reports/content_packages/sig-identity-test-001/runs/f45f1a1a-f91b-429c-bbb3-e47e588addf4/editorial_acceptance.json,reports,.json,245
reports/content_packages/sig-identity-test-001/runs/f45f1a1a-f91b-429c-bbb3-e47e588addf4/generated.json,reports,.json,1091
reports/content_packages/sig-identity-test-001/runs/f46617d8-d015-4c9c-87cb-ed22967b0354/generated.json,reports,.json,856
reports/content_packages/sig-identity-test-001/runs/f4b0a348-28e2-4257-9a35-f5a4f9a590e6/business_strategy.json,reports,.json,17194
reports/content_packages/sig-identity-test-001/runs/f4cd4ba0-0475-46d0-bfb1-214dbe030a09/business_strategy.json,reports,.json,17194
reports/content_packages/sig-identity-test-001/runs/f4cd4ba0-0475-46d0-bfb1-214dbe030a09/editorial_acceptance.json,reports,.json,245
reports/content_packages/sig-identity-test-001/runs/f4cd4ba0-0475-46d0-bfb1-214dbe030a09/generated.json,reports,.json,1091
reports/content_packages/sig-identity-test-001/runs/f51c2e93-189b-42a4-9940-3daf37b62557/business_strategy.json,reports,.json,17194
reports/content_packages/sig-identity-test-001/runs/f51c9376-b86c-4d15-bcdc-6e94abca90ee/assignment.json,reports,.json,836
reports/content_packages/sig-identity-test-001/runs/f51c9376-b86c-4d15-bcdc-6e94abca90ee/business_strategy.json,reports,.json,17194
reports/content_packages/sig-identity-test-001/runs/f51c9376-b86c-4d15-bcdc-6e94abca90ee/editorial_acceptance.json,reports,.json,298
reports/content_packages/sig-identity-test-001/runs/f51c9376-b86c-4d15-bcdc-6e94abca90ee/generated.json,reports,.json,1091
reports/content_packages/sig-identity-test-001/runs/f547a6fb-fa2f-46dc-8742-ec2aed54aeec/business_strategy.json,reports,.json,17194
reports/content_packages/sig-identity-test-001/runs/f547a6fb-fa2f-46dc-8742-ec2aed54aeec/editorial_acceptance.json,reports,.json,245
reports/content_packages/sig-identity-test-001/runs/f547a6fb-fa2f-46dc-8742-ec2aed54aeec/generated.json,reports,.json,1091
reports/content_packages/sig-identity-test-001/runs/f565c6ea-612d-4704-a717-99bf855ee4e3/business_strategy.json,reports,.json,17194
reports/content_packages/sig-identity-test-001/runs/f58271bf-e02e-4944-9842-a68d6f30736a/assignment.json,reports,.json,836
reports/content_packages/sig-identity-test-001/runs/f58271bf-e02e-4944-9842-a68d6f30736a/business_strategy.json,reports,.json,17194
reports/content_packages/sig-identity-test-001/runs/f58271bf-e02e-4944-9842-a68d6f30736a/editorial_acceptance.json,reports,.json,298
reports/content_packages/sig-identity-test-001/runs/f58271bf-e02e-4944-9842-a68d6f30736a/generated.json,reports,.json,1091
reports/content_packages/sig-identity-test-001/runs/f5d2150b-46da-44f3-8652-16231b5bb84b/assignment.json,reports,.json,844
reports/content_packages/sig-identity-test-001/runs/f5d2150b-46da-44f3-8652-16231b5bb84b/business_strategy.json,reports,.json,17194
reports/content_packages/sig-identity-test-001/runs/f5d2150b-46da-44f3-8652-16231b5bb84b/editorial_acceptance.json,reports,.json,298
reports/content_packages/sig-identity-test-001/runs/f5d2150b-46da-44f3-8652-16231b5bb84b/generated.json,reports,.json,1091
reports/content_packages/sig-identity-test-001/runs/f6a97d2d-df76-40a9-a7e7-34e5b9aa49fb/assignment.json,reports,.json,836
reports/content_packages/sig-identity-test-001/runs/f6a97d2d-df76-40a9-a7e7-34e5b9aa49fb/business_strategy.json,reports,.json,17194
reports/content_packages/sig-identity-test-001/runs/f6cd15de-9018-4f71-a883-dd3cd0ceb353/business_strategy.json,reports,.json,17194
reports/content_packages/sig-identity-test-001/runs/f6cd15de-9018-4f71-a883-dd3cd0ceb353/generated.json,reports,.json,1091
reports/content_packages/sig-identity-test-001/runs/f725d9f4-ef4a-4682-9eea-a277b4f6072e/business_strategy.json,reports,.json,17194
reports/content_packages/sig-identity-test-001/runs/f725d9f4-ef4a-4682-9eea-a277b4f6072e/generated.json,reports,.json,1091
reports/content_packages/sig-identity-test-001/runs/f7cfe902-cb56-4822-ab6c-2d88d16ad50f/assignment.json,reports,.json,836
reports/content_packages/sig-identity-test-001/runs/f7cfe902-cb56-4822-ab6c-2d88d16ad50f/business_strategy.json,reports,.json,17194
reports/content_packages/sig-identity-test-001/runs/f7cfe902-cb56-4822-ab6c-2d88d16ad50f/editorial_acceptance.json,reports,.json,298
reports/content_packages/sig-identity-test-001/runs/f7cfe902-cb56-4822-ab6c-2d88d16ad50f/generated.json,reports,.json,1091
reports/content_packages/sig-identity-test-001/runs/f7d143e0-3dc5-411b-9a1a-a80308f8a6ca/business_strategy.json,reports,.json,17194
reports/content_packages/sig-identity-test-001/runs/f7d143e0-3dc5-411b-9a1a-a80308f8a6ca/generated.json,reports,.json,1091
reports/content_packages/sig-identity-test-001/runs/f7efd3da-af9a-4071-9962-07d55f8a7407/assignment.json,reports,.json,836
reports/content_packages/sig-identity-test-001/runs/f7efd3da-af9a-4071-9962-07d55f8a7407/business_strategy.json,reports,.json,17194
reports/content_packages/sig-identity-test-001/runs/f7efd3da-af9a-4071-9962-07d55f8a7407/editorial_acceptance.json,reports,.json,298
reports/content_packages/sig-identity-test-001/runs/f7efd3da-af9a-4071-9962-07d55f8a7407/generated.json,reports,.json,1091
reports/content_packages/sig-identity-test-001/runs/f81e8809-64bf-43fc-a82d-e2ab15c6450f/assignment.json,reports,.json,836
reports/content_packages/sig-identity-test-001/runs/f81e8809-64bf-43fc-a82d-e2ab15c6450f/business_strategy.json,reports,.json,17194
reports/content_packages/sig-identity-test-001/runs/f81e8809-64bf-43fc-a82d-e2ab15c6450f/editorial_acceptance.json,reports,.json,298
reports/content_packages/sig-identity-test-001/runs/f81e8809-64bf-43fc-a82d-e2ab15c6450f/generated.json,reports,.json,1091
reports/content_packages/sig-identity-test-001/runs/f8cd4a42-be02-47ed-a4ed-ff989c478f10/business_strategy.json,reports,.json,17194
reports/content_packages/sig-identity-test-001/runs/f91264f6-8f96-421d-b7ee-5997f9fdc49f/business_strategy.json,reports,.json,17194
reports/content_packages/sig-identity-test-001/runs/f91264f6-8f96-421d-b7ee-5997f9fdc49f/generated.json,reports,.json,1286
reports/content_packages/sig-identity-test-001/runs/f92ef829-f27a-4b74-a26a-e6f1633f0977/business_strategy.json,reports,.json,17194
reports/content_packages/sig-identity-test-001/runs/f92ef829-f27a-4b74-a26a-e6f1633f0977/generated.json,reports,.json,1286
reports/content_packages/sig-identity-test-001/runs/f9cae98c-cfd2-4b95-9034-fc6fb5f602aa/business_strategy.json,reports,.json,17194
reports/content_packages/sig-identity-test-001/runs/f9cae98c-cfd2-4b95-9034-fc6fb5f602aa/generated.json,reports,.json,1091
reports/content_packages/sig-identity-test-001/runs/f9e19ca6-78cd-4853-b007-f8fa688947a7/business_strategy.json,reports,.json,17194
reports/content_packages/sig-identity-test-001/runs/faaa7a46-d23d-4fc8-9172-179e9ffb7279/generated.json,reports,.json,856
reports/content_packages/sig-identity-test-001/runs/faaf8cf8-5903-4447-8946-7b2f7f163d53/generated.json,reports,.json,856
reports/content_packages/sig-identity-test-001/runs/fad232ac-7379-44e5-ab54-e5e2248a9234/assignment.json,reports,.json,836
reports/content_packages/sig-identity-test-001/runs/fad232ac-7379-44e5-ab54-e5e2248a9234/business_strategy.json,reports,.json,17194
reports/content_packages/sig-identity-test-001/runs/fad232ac-7379-44e5-ab54-e5e2248a9234/editorial_acceptance.json,reports,.json,298
reports/content_packages/sig-identity-test-001/runs/fad232ac-7379-44e5-ab54-e5e2248a9234/generated.json,reports,.json,1091
reports/content_packages/sig-identity-test-001/runs/fb9f11c3-dfdd-4925-b31a-8881ef450018/business_strategy.json,reports,.json,17194
reports/content_packages/sig-identity-test-001/runs/fb9f11c3-dfdd-4925-b31a-8881ef450018/generated.json,reports,.json,1286
reports/content_packages/sig-identity-test-001/runs/fba13d20-22a2-42aa-98d3-46be38593a51/assignment.json,reports,.json,836
reports/content_packages/sig-identity-test-001/runs/fba13d20-22a2-42aa-98d3-46be38593a51/business_strategy.json,reports,.json,17194
reports/content_packages/sig-identity-test-001/runs/fba13d20-22a2-42aa-98d3-46be38593a51/editorial_acceptance.json,reports,.json,298
reports/content_packages/sig-identity-test-001/runs/fba13d20-22a2-42aa-98d3-46be38593a51/generated.json,reports,.json,1091
reports/content_packages/sig-identity-test-001/runs/fbbc6e8d-b30e-47f9-9947-80c09a1d6fdb/business_strategy.json,reports,.json,17194
reports/content_packages/sig-identity-test-001/runs/fbbc6e8d-b30e-47f9-9947-80c09a1d6fdb/generated.json,reports,.json,1091
reports/content_packages/sig-identity-test-001/runs/fc00b992-f898-45f3-9151-9e32595638bb/assignment.json,reports,.json,836
reports/content_packages/sig-identity-test-001/runs/fc00b992-f898-45f3-9151-9e32595638bb/business_strategy.json,reports,.json,17194
reports/content_packages/sig-identity-test-001/runs/fc00b992-f898-45f3-9151-9e32595638bb/editorial_acceptance.json,reports,.json,298
reports/content_packages/sig-identity-test-001/runs/fc00b992-f898-45f3-9151-9e32595638bb/generated.json,reports,.json,1091
reports/content_packages/sig-identity-test-001/runs/fc13f1d4-ed75-46af-9b3b-6bfdb96dbcfd/assignment.json,reports,.json,836
reports/content_packages/sig-identity-test-001/runs/fc13f1d4-ed75-46af-9b3b-6bfdb96dbcfd/business_strategy.json,reports,.json,17194
reports/content_packages/sig-identity-test-001/runs/fc1de743-98b4-45fb-8cff-d2a8dd0845a9/business_strategy.json,reports,.json,17194
reports/content_packages/sig-identity-test-001/runs/fc1de743-98b4-45fb-8cff-d2a8dd0845a9/editorial_acceptance.json,reports,.json,245
reports/content_packages/sig-identity-test-001/runs/fc1de743-98b4-45fb-8cff-d2a8dd0845a9/generated.json,reports,.json,1091
reports/content_packages/sig-identity-test-001/runs/fc614d98-c644-41b4-b553-0c48dd4cbd2e/generated.json,reports,.json,856
reports/content_packages/sig-identity-test-001/runs/fc675c64-cf61-4cb9-828f-552a2c4ce287/business_strategy.json,reports,.json,17194
reports/content_packages/sig-identity-test-001/runs/fc675c64-cf61-4cb9-828f-552a2c4ce287/generated.json,reports,.json,1091
reports/content_packages/sig-identity-test-001/runs/fc82b928-6c22-414b-84a3-78a63b930e77/business_strategy.json,reports,.json,17194
reports/content_packages/sig-identity-test-001/runs/fc82b928-6c22-414b-84a3-78a63b930e77/generated.json,reports,.json,1091
reports/content_packages/sig-identity-test-001/runs/fc969265-daf9-4e03-90da-da08c8d2a8c9/assignment.json,reports,.json,836
reports/content_packages/sig-identity-test-001/runs/fc969265-daf9-4e03-90da-da08c8d2a8c9/business_strategy.json,reports,.json,17194
reports/content_packages/sig-identity-test-001/runs/fc969265-daf9-4e03-90da-da08c8d2a8c9/editorial_acceptance.json,reports,.json,298
reports/content_packages/sig-identity-test-001/runs/fc969265-daf9-4e03-90da-da08c8d2a8c9/generated.json,reports,.json,1091
reports/content_packages/sig-identity-test-001/runs/fd16c4bc-2f37-4c7c-b3a9-20c195e9eb11/business_strategy.json,reports,.json,17194
reports/content_packages/sig-identity-test-001/runs/fd16c4bc-2f37-4c7c-b3a9-20c195e9eb11/editorial_acceptance.json,reports,.json,245
reports/content_packages/sig-identity-test-001/runs/fd16c4bc-2f37-4c7c-b3a9-20c195e9eb11/generated.json,reports,.json,1091
reports/content_packages/sig-identity-test-001/runs/fd1c22ed-512a-49ce-8b84-473cce5d1702/business_strategy.json,reports,.json,17194
reports/content_packages/sig-identity-test-001/runs/fd1c22ed-512a-49ce-8b84-473cce5d1702/editorial_acceptance.json,reports,.json,245
reports/content_packages/sig-identity-test-001/runs/fd1c22ed-512a-49ce-8b84-473cce5d1702/generated.json,reports,.json,1091
reports/content_packages/sig-identity-test-001/runs/fd39bb92-81e1-47b4-a687-744c02f5352c/assignment.json,reports,.json,844
reports/content_packages/sig-identity-test-001/runs/fd39bb92-81e1-47b4-a687-744c02f5352c/business_strategy.json,reports,.json,17194
reports/content_packages/sig-identity-test-001/runs/fd39bb92-81e1-47b4-a687-744c02f5352c/editorial_acceptance.json,reports,.json,298
reports/content_packages/sig-identity-test-001/runs/fd39bb92-81e1-47b4-a687-744c02f5352c/generated.json,reports,.json,1091
reports/content_packages/sig-identity-test-001/runs/fd5d0b5b-8442-4cc5-8415-e1f61a560f76/business_strategy.json,reports,.json,17194
reports/content_packages/sig-identity-test-001/runs/fd5d0b5b-8442-4cc5-8415-e1f61a560f76/editorial_acceptance.json,reports,.json,245
reports/content_packages/sig-identity-test-001/runs/fd5d0b5b-8442-4cc5-8415-e1f61a560f76/generated.json,reports,.json,1091
reports/content_packages/sig-identity-test-001/runs/fdadf030-1c0d-4dd1-abc1-c1bc129e1736/business_strategy.json,reports,.json,17194
reports/content_packages/sig-identity-test-001/runs/fdc24691-c959-442b-9218-fe95a25d672a/generated.json,reports,.json,856
reports/content_packages/sig-identity-test-001/runs/fe031d0d-8a37-4b8a-8c97-962b87b6a77d/business_strategy.json,reports,.json,17194
reports/content_packages/sig-identity-test-001/runs/fe031d0d-8a37-4b8a-8c97-962b87b6a77d/editorial_acceptance.json,reports,.json,245
reports/content_packages/sig-identity-test-001/runs/fe031d0d-8a37-4b8a-8c97-962b87b6a77d/generated.json,reports,.json,1091
reports/content_packages/sig-identity-test-001/runs/fe092ea4-eeb6-405b-8876-524d23b70f58/generated.json,reports,.json,990
reports/content_packages/sig-identity-test-001/runs/fe2229dc-aa78-4b7a-a8d1-3666acb325a9/assignment.json,reports,.json,844
reports/content_packages/sig-identity-test-001/runs/fe2229dc-aa78-4b7a-a8d1-3666acb325a9/business_strategy.json,reports,.json,17194
reports/content_packages/sig-identity-test-001/runs/fe2229dc-aa78-4b7a-a8d1-3666acb325a9/editorial_acceptance.json,reports,.json,298
reports/content_packages/sig-identity-test-001/runs/fe2229dc-aa78-4b7a-a8d1-3666acb325a9/generated.json,reports,.json,1091
reports/content_packages/sig-identity-test-001/runs/fe6390b2-ad74-4da1-a285-97044636c074/business_strategy.json,reports,.json,17194
reports/content_packages/sig-identity-test-001/runs/fe6390b2-ad74-4da1-a285-97044636c074/editorial_acceptance.json,reports,.json,245
reports/content_packages/sig-identity-test-001/runs/fe6390b2-ad74-4da1-a285-97044636c074/generated.json,reports,.json,1091
reports/content_packages/sig-identity-test-001/runs/fe69dc0f-44a5-409b-895f-33ed8542d2e5/business_strategy.json,reports,.json,17194
reports/content_packages/sig-identity-test-001/runs/fe69dc0f-44a5-409b-895f-33ed8542d2e5/generated.json,reports,.json,1091
reports/content_packages/sig-identity-test-001/runs/ff0e2701-c747-40da-a9e7-f9c3e7f34b01/assignment.json,reports,.json,836
reports/content_packages/sig-identity-test-001/runs/ff0e2701-c747-40da-a9e7-f9c3e7f34b01/business_strategy.json,reports,.json,17194
reports/content_packages/sig-identity-test-001/runs/ff0f30e6-4f8d-4f76-a70f-09f93b550dcf/business_strategy.json,reports,.json,17194
reports/content_packages/sig-identity-test-001/runs/ff0f30e6-4f8d-4f76-a70f-09f93b550dcf/editorial_acceptance.json,reports,.json,245
reports/content_packages/sig-identity-test-001/runs/ff0f30e6-4f8d-4f76-a70f-09f93b550dcf/generated.json,reports,.json,1091
reports/content_packages/sig-identity-test-001/runs/ff241edc-512a-45ec-8a40-a9b0c9cf7101/business_strategy.json,reports,.json,17194
reports/content_packages/sig-identity-test-001/runs/ff241edc-512a-45ec-8a40-a9b0c9cf7101/generated.json,reports,.json,1091
reports/content_packages/sig-identity-test-001/runs/ffe99ce4-df7c-4804-982c-8f72c6fd046e/assignment.json,reports,.json,836
reports/content_packages/sig-identity-test-001/runs/ffe99ce4-df7c-4804-982c-8f72c6fd046e/business_strategy.json,reports,.json,17194
reports/content_packages/sig-identity-test-001/runs/fff7242d-a1f3-425f-a05d-94d191a81bde/generated.json,reports,.json,990
reports/content_packages/sig-test-001.json,reports,.json,2719
reports/content_packages/sig-test-001/runs/0039bffb-b886-4205-876a-5d971d926148/business_strategy.json,reports,.json,17194
reports/content_packages/sig-test-001/runs/0088997f-d636-401d-8bbb-6e8118f470e7/assignment.json,reports,.json,857
reports/content_packages/sig-test-001/runs/0088997f-d636-401d-8bbb-6e8118f470e7/business_strategy.json,reports,.json,17194
reports/content_packages/sig-test-001/runs/0088997f-d636-401d-8bbb-6e8118f470e7/editorial_acceptance.json,reports,.json,289
reports/content_packages/sig-test-001/runs/0088997f-d636-401d-8bbb-6e8118f470e7/generated.json,reports,.json,1033
reports/content_packages/sig-test-001/runs/0088997f-d636-401d-8bbb-6e8118f470e7/publication_results.json,reports,.json,1160
reports/content_packages/sig-test-001/runs/008b9eee-9769-4d4f-9c6c-e7f533366e23/business_strategy.json,reports,.json,17194
reports/content_packages/sig-test-001/runs/008b9eee-9769-4d4f-9c6c-e7f533366e23/editorial_acceptance.json,reports,.json,236
reports/content_packages/sig-test-001/runs/008b9eee-9769-4d4f-9c6c-e7f533366e23/generated.json,reports,.json,1033
reports/content_packages/sig-test-001/runs/008b9eee-9769-4d4f-9c6c-e7f533366e23/publication_results.json,reports,.json,1079
reports/content_packages/sig-test-001/runs/010ea427-2e94-45a4-9c8e-3a488ebe4561/generated.json,reports,.json,798
reports/content_packages/sig-test-001/runs/011c2cd6-2e2f-4bc1-bfc8-db74973c5058/assignment.json,reports,.json,857
reports/content_packages/sig-test-001/runs/011c2cd6-2e2f-4bc1-bfc8-db74973c5058/business_strategy.json,reports,.json,17194
reports/content_packages/sig-test-001/runs/013a0786-dbe8-4d54-8003-4b6e59599dd1/assignment.json,reports,.json,849
reports/content_packages/sig-test-001/runs/013a0786-dbe8-4d54-8003-4b6e59599dd1/business_strategy.json,reports,.json,17194
reports/content_packages/sig-test-001/runs/013a0786-dbe8-4d54-8003-4b6e59599dd1/editorial_acceptance.json,reports,.json,289
reports/content_packages/sig-test-001/runs/013a0786-dbe8-4d54-8003-4b6e59599dd1/generated.json,reports,.json,1033
reports/content_packages/sig-test-001/runs/0155cb32-c1fb-4543-9069-7c84e75b02c3/business_strategy.json,reports,.json,17194
reports/content_packages/sig-test-001/runs/0155cb32-c1fb-4543-9069-7c84e75b02c3/generated.json,reports,.json,1033
reports/content_packages/sig-test-001/runs/01935546-f669-42bb-9f00-9a8a411b2b40/business_strategy.json,reports,.json,17194
reports/content_packages/sig-test-001/runs/01935546-f669-42bb-9f00-9a8a411b2b40/editorial_acceptance.json,reports,.json,236
reports/content_packages/sig-test-001/runs/01935546-f669-42bb-9f00-9a8a411b2b40/generated.json,reports,.json,1033
reports/content_packages/sig-test-001/runs/019516b8-68f0-448b-91a3-cd2cf9237999/assignment.json,reports,.json,857
reports/content_packages/sig-test-001/runs/019516b8-68f0-448b-91a3-cd2cf9237999/business_strategy.json,reports,.json,17194
reports/content_packages/sig-test-001/runs/019516b8-68f0-448b-91a3-cd2cf9237999/editorial_acceptance.json,reports,.json,289
reports/content_packages/sig-test-001/runs/019516b8-68f0-448b-91a3-cd2cf9237999/generated.json,reports,.json,1033
reports/content_packages/sig-test-001/runs/019516b8-68f0-448b-91a3-cd2cf9237999/publication_results.json,reports,.json,1160
reports/content_packages/sig-test-001/runs/01b964ae-3d18-4c82-8e01-05a1dbe5e673/assignment.json,reports,.json,849
reports/content_packages/sig-test-001/runs/01b964ae-3d18-4c82-8e01-05a1dbe5e673/business_strategy.json,reports,.json,17194
reports/content_packages/sig-test-001/runs/01b964ae-3d18-4c82-8e01-05a1dbe5e673/editorial_acceptance.json,reports,.json,289
reports/content_packages/sig-test-001/runs/01b964ae-3d18-4c82-8e01-05a1dbe5e673/generated.json,reports,.json,1033
reports/content_packages/sig-test-001/runs/01cd5819-b5d0-4eee-8b93-580bb199137c/business_strategy.json,reports,.json,17194
reports/content_packages/sig-test-001/runs/01cd5819-b5d0-4eee-8b93-580bb199137c/generated.json,reports,.json,1033
reports/content_packages/sig-test-001/runs/01cd5819-b5d0-4eee-8b93-580bb199137c/publication_results.json,reports,.json,1079
reports/content_packages/sig-test-001/runs/01d0302e-8d67-4cd8-96ab-e62e4984a1f9/generated.json,reports,.json,798
reports/content_packages/sig-test-001/runs/01d0302e-8d67-4cd8-96ab-e62e4984a1f9/publication_results.json,reports,.json,844
reports/content_packages/sig-test-001/runs/01d255af-193a-472a-9f95-ab4eb42c95ee/business_strategy.json,reports,.json,17194
reports/content_packages/sig-test-001/runs/020e28bb-3214-422e-bce1-b505f556adf8/assignment.json,reports,.json,849
reports/content_packages/sig-test-001/runs/020e28bb-3214-422e-bce1-b505f556adf8/business_strategy.json,reports,.json,17194
reports/content_packages/sig-test-001/runs/020e28bb-3214-422e-bce1-b505f556adf8/run_report.json,reports,.json,887
reports/content_packages/sig-test-001/runs/02119b44-21df-4066-afd0-26e99ebaa094/generated.json,reports,.json,798
reports/content_packages/sig-test-001/runs/0252ca2a-3b18-4883-9f89-266f83219ae2/business_strategy.json,reports,.json,17194
reports/content_packages/sig-test-001/runs/0252ca2a-3b18-4883-9f89-266f83219ae2/generated.json,reports,.json,1033
reports/content_packages/sig-test-001/runs/02983d4d-d969-4662-ab1f-0f95cb54cb88/assignment.json,reports,.json,857
reports/content_packages/sig-test-001/runs/02983d4d-d969-4662-ab1f-0f95cb54cb88/business_strategy.json,reports,.json,17194
reports/content_packages/sig-test-001/runs/02983d4d-d969-4662-ab1f-0f95cb54cb88/editorial_acceptance.json,reports,.json,289
reports/content_packages/sig-test-001/runs/02983d4d-d969-4662-ab1f-0f95cb54cb88/generated.json,reports,.json,1033
reports/content_packages/sig-test-001/runs/02983d4d-d969-4662-ab1f-0f95cb54cb88/publication_results.json,reports,.json,1160
reports/content_packages/sig-test-001/runs/02f3db98-2336-4dee-a279-b1ca1fa03a6c/assignment.json,reports,.json,849
reports/content_packages/sig-test-001/runs/02f3db98-2336-4dee-a279-b1ca1fa03a6c/business_strategy.json,reports,.json,17194
reports/content_packages/sig-test-001/runs/02f3db98-2336-4dee-a279-b1ca1fa03a6c/editorial_acceptance.json,reports,.json,289
reports/content_packages/sig-test-001/runs/02f3db98-2336-4dee-a279-b1ca1fa03a6c/generated.json,reports,.json,1033
reports/content_packages/sig-test-001/runs/02fb84da-4175-4192-80a2-b40023564977/business_strategy.json,reports,.json,17194
reports/content_packages/sig-test-001/runs/02fb84da-4175-4192-80a2-b40023564977/editorial_acceptance.json,reports,.json,236
reports/content_packages/sig-test-001/runs/02fb84da-4175-4192-80a2-b40023564977/generated.json,reports,.json,1033
reports/content_packages/sig-test-001/runs/02fd391c-d822-4113-8910-37fa34c55722/business_strategy.json,reports,.json,17194
reports/content_packages/sig-test-001/runs/02fd391c-d822-4113-8910-37fa34c55722/generated.json,reports,.json,1033
reports/content_packages/sig-test-001/runs/0357b974-3d3d-4b2b-a539-1a62bf82984a/assignment.json,reports,.json,849
reports/content_packages/sig-test-001/runs/0357b974-3d3d-4b2b-a539-1a62bf82984a/business_strategy.json,reports,.json,17194
reports/content_packages/sig-test-001/runs/0357b974-3d3d-4b2b-a539-1a62bf82984a/editorial_acceptance.json,reports,.json,289
reports/content_packages/sig-test-001/runs/0357b974-3d3d-4b2b-a539-1a62bf82984a/generated.json,reports,.json,1033
reports/content_packages/sig-test-001/runs/041b6ace-cc8e-4846-a08a-5ebee2baa04c/assignment.json,reports,.json,849
reports/content_packages/sig-test-001/runs/041b6ace-cc8e-4846-a08a-5ebee2baa04c/business_strategy.json,reports,.json,17194
reports/content_packages/sig-test-001/runs/041b6ace-cc8e-4846-a08a-5ebee2baa04c/editorial_acceptance.json,reports,.json,289
reports/content_packages/sig-test-001/runs/041b6ace-cc8e-4846-a08a-5ebee2baa04c/generated.json,reports,.json,1033
reports/content_packages/sig-test-001/runs/041c73fe-3a91-4a23-bcd5-3368ba6b63a5/assignment.json,reports,.json,849
reports/content_packages/sig-test-001/runs/041c73fe-3a91-4a23-bcd5-3368ba6b63a5/business_strategy.json,reports,.json,17194
reports/content_packages/sig-test-001/runs/043e66c9-03fa-4eeb-b982-0eff4cb36317/business_strategy.json,reports,.json,17194
reports/content_packages/sig-test-001/runs/043e66c9-03fa-4eeb-b982-0eff4cb36317/generated.json,reports,.json,1033
reports/content_packages/sig-test-001/runs/043ec953-9841-483f-9f8f-6932ab056aa1/generated.json,reports,.json,798
reports/content_packages/sig-test-001/runs/043ec953-9841-483f-9f8f-6932ab056aa1/publication_results.json,reports,.json,844
reports/content_packages/sig-test-001/runs/043f5c9e-3f7e-4be5-88d2-5ab2301c5e54/assignment.json,reports,.json,849
reports/content_packages/sig-test-001/runs/043f5c9e-3f7e-4be5-88d2-5ab2301c5e54/business_strategy.json,reports,.json,17194
reports/content_packages/sig-test-001/runs/043f5c9e-3f7e-4be5-88d2-5ab2301c5e54/editorial_acceptance.json,reports,.json,289
reports/content_packages/sig-test-001/runs/043f5c9e-3f7e-4be5-88d2-5ab2301c5e54/generated.json,reports,.json,1033
reports/content_packages/sig-test-001/runs/0464561d-6c02-41c6-8914-52a30c792217/assignment.json,reports,.json,857
reports/content_packages/sig-test-001/runs/0464561d-6c02-41c6-8914-52a30c792217/business_strategy.json,reports,.json,17194
reports/content_packages/sig-test-001/runs/0465bdf5-8aaa-4533-873d-5f071ae266db/assignment.json,reports,.json,849
reports/content_packages/sig-test-001/runs/0465bdf5-8aaa-4533-873d-5f071ae266db/business_strategy.json,reports,.json,17194
reports/content_packages/sig-test-001/runs/0465bdf5-8aaa-4533-873d-5f071ae266db/editorial_acceptance.json,reports,.json,289
reports/content_packages/sig-test-001/runs/0465bdf5-8aaa-4533-873d-5f071ae266db/generated.json,reports,.json,1033
reports/content_packages/sig-test-001/runs/04752f9c-b128-484d-920f-e646b375ec07/assignment.json,reports,.json,849
reports/content_packages/sig-test-001/runs/04752f9c-b128-484d-920f-e646b375ec07/business_strategy.json,reports,.json,17194
reports/content_packages/sig-test-001/runs/04752f9c-b128-484d-920f-e646b375ec07/editorial_acceptance.json,reports,.json,289
reports/content_packages/sig-test-001/runs/04752f9c-b128-484d-920f-e646b375ec07/generated.json,reports,.json,1033
reports/content_packages/sig-test-001/runs/04768fa8-18ed-490f-be87-c1ee060b31f4/generated.json,reports,.json,798
reports/content_packages/sig-test-001/runs/04a65fea-326b-4e44-ab2a-8327a07d3c95/business_strategy.json,reports,.json,17194
reports/content_packages/sig-test-001/runs/04a65fea-326b-4e44-ab2a-8327a07d3c95/generated.json,reports,.json,1033
reports/content_packages/sig-test-001/runs/04a65fea-326b-4e44-ab2a-8327a07d3c95/publication_results.json,reports,.json,1079
reports/content_packages/sig-test-001/runs/04d09781-ffc1-404c-a21d-3ab7c8423706/assignment.json,reports,.json,849
reports/content_packages/sig-test-001/runs/04d09781-ffc1-404c-a21d-3ab7c8423706/business_strategy.json,reports,.json,17194
reports/content_packages/sig-test-001/runs/04d09781-ffc1-404c-a21d-3ab7c8423706/editorial_acceptance.json,reports,.json,289
reports/content_packages/sig-test-001/runs/04d09781-ffc1-404c-a21d-3ab7c8423706/generated.json,reports,.json,1033
reports/content_packages/sig-test-001/runs/04d7cb46-d784-4ff8-813d-ebe1c4c7c40e/assignment.json,reports,.json,849
reports/content_packages/sig-test-001/runs/04d7cb46-d784-4ff8-813d-ebe1c4c7c40e/business_strategy.json,reports,.json,17194
reports/content_packages/sig-test-001/runs/04d7cb46-d784-4ff8-813d-ebe1c4c7c40e/editorial_acceptance.json,reports,.json,289
reports/content_packages/sig-test-001/runs/04d7cb46-d784-4ff8-813d-ebe1c4c7c40e/generated.json,reports,.json,1033
reports/content_packages/sig-test-001/runs/052a5092-3f00-4f02-847e-5f5365a4925c/business_strategy.json,reports,.json,17194
reports/content_packages/sig-test-001/runs/053f7b4e-4142-44bc-b46a-a642c5477fb9/assignment.json,reports,.json,857
reports/content_packages/sig-test-001/runs/053f7b4e-4142-44bc-b46a-a642c5477fb9/business_strategy.json,reports,.json,17194
reports/content_packages/sig-test-001/runs/053f7b4e-4142-44bc-b46a-a642c5477fb9/editorial_acceptance.json,reports,.json,289
reports/content_packages/sig-test-001/runs/053f7b4e-4142-44bc-b46a-a642c5477fb9/generated.json,reports,.json,1033
reports/content_packages/sig-test-001/runs/053f7b4e-4142-44bc-b46a-a642c5477fb9/publication_results.json,reports,.json,1079
reports/content_packages/sig-test-001/runs/055b2bda-d004-41e0-a016-2adfc7bb5675/assignment.json,reports,.json,857
reports/content_packages/sig-test-001/runs/055b2bda-d004-41e0-a016-2adfc7bb5675/business_strategy.json,reports,.json,17194
reports/content_packages/sig-test-001/runs/055b2bda-d004-41e0-a016-2adfc7bb5675/editorial_acceptance.json,reports,.json,289
reports/content_packages/sig-test-001/runs/055b2bda-d004-41e0-a016-2adfc7bb5675/generated.json,reports,.json,1033
reports/content_packages/sig-test-001/runs/055b2bda-d004-41e0-a016-2adfc7bb5675/publication_results.json,reports,.json,1160
reports/content_packages/sig-test-001/runs/058c1810-fee1-4307-b390-f3f1f12de107/assignment.json,reports,.json,857
reports/content_packages/sig-test-001/runs/058c1810-fee1-4307-b390-f3f1f12de107/business_strategy.json,reports,.json,17194
reports/content_packages/sig-test-001/runs/058c1810-fee1-4307-b390-f3f1f12de107/editorial_acceptance.json,reports,.json,289
reports/content_packages/sig-test-001/runs/058c1810-fee1-4307-b390-f3f1f12de107/generated.json,reports,.json,1033
reports/content_packages/sig-test-001/runs/058c1810-fee1-4307-b390-f3f1f12de107/publication_results.json,reports,.json,1160
reports/content_packages/sig-test-001/runs/0601b99b-81e3-46e2-9474-cccec3a0db16/business_strategy.json,reports,.json,17194
reports/content_packages/sig-test-001/runs/0618c779-f72e-4f39-bf85-66a434e5802d/assignment.json,reports,.json,849
reports/content_packages/sig-test-001/runs/0618c779-f72e-4f39-bf85-66a434e5802d/business_strategy.json,reports,.json,17194
reports/content_packages/sig-test-001/runs/06526e22-2834-42c3-9a9e-2b998cb3438c/generated.json,reports,.json,798
reports/content_packages/sig-test-001/runs/067c7f7f-6e49-4f07-9c61-322911f55c95/assignment.json,reports,.json,849
reports/content_packages/sig-test-001/runs/067c7f7f-6e49-4f07-9c61-322911f55c95/business_strategy.json,reports,.json,17194
reports/content_packages/sig-test-001/runs/067c7f7f-6e49-4f07-9c61-322911f55c95/editorial_acceptance.json,reports,.json,289
reports/content_packages/sig-test-001/runs/067c7f7f-6e49-4f07-9c61-322911f55c95/generated.json,reports,.json,1033
reports/content_packages/sig-test-001/runs/0680c877-065e-4c2d-a517-6f905d639769/assignment.json,reports,.json,849
reports/content_packages/sig-test-001/runs/0680c877-065e-4c2d-a517-6f905d639769/business_strategy.json,reports,.json,17194
reports/content_packages/sig-test-001/runs/0681a3fa-876f-4eb2-b2be-28e00b8834dd/assignment.json,reports,.json,857
reports/content_packages/sig-test-001/runs/0681a3fa-876f-4eb2-b2be-28e00b8834dd/business_strategy.json,reports,.json,17194
reports/content_packages/sig-test-001/runs/0681a3fa-876f-4eb2-b2be-28e00b8834dd/editorial_acceptance.json,reports,.json,289
reports/content_packages/sig-test-001/runs/0681a3fa-876f-4eb2-b2be-28e00b8834dd/generated.json,reports,.json,1033
reports/content_packages/sig-test-001/runs/0681a3fa-876f-4eb2-b2be-28e00b8834dd/publication_results.json,reports,.json,1160
reports/content_packages/sig-test-001/runs/06b37af9-d245-4d52-b2e1-25d44c37b04c/assignment.json,reports,.json,849
reports/content_packages/sig-test-001/runs/06b37af9-d245-4d52-b2e1-25d44c37b04c/business_strategy.json,reports,.json,17194
reports/content_packages/sig-test-001/runs/06b37af9-d245-4d52-b2e1-25d44c37b04c/editorial_acceptance.json,reports,.json,289
reports/content_packages/sig-test-001/runs/06b37af9-d245-4d52-b2e1-25d44c37b04c/generated.json,reports,.json,1033
reports/content_packages/sig-test-001/runs/073fa1ae-a8d0-4eaf-88b7-7265b0f9566b/generated.json,reports,.json,798
reports/content_packages/sig-test-001/runs/073fa1ae-a8d0-4eaf-88b7-7265b0f9566b/publication_results.json,reports,.json,844
reports/content_packages/sig-test-001/runs/079195be-4b78-48e7-ad95-ad1114406e8e/assignment.json,reports,.json,857
reports/content_packages/sig-test-001/runs/079195be-4b78-48e7-ad95-ad1114406e8e/business_strategy.json,reports,.json,17194
reports/content_packages/sig-test-001/runs/079195be-4b78-48e7-ad95-ad1114406e8e/editorial_acceptance.json,reports,.json,289
reports/content_packages/sig-test-001/runs/079195be-4b78-48e7-ad95-ad1114406e8e/generated.json,reports,.json,1033
reports/content_packages/sig-test-001/runs/07c5caaf-4d9f-45ff-975f-c5770d8a2f00/business_strategy.json,reports,.json,17194
reports/content_packages/sig-test-001/runs/07c5caaf-4d9f-45ff-975f-c5770d8a2f00/generated.json,reports,.json,1033
reports/content_packages/sig-test-001/runs/07dac9c3-7fd2-4ed0-901a-96857338cd90/assignment.json,reports,.json,849
reports/content_packages/sig-test-001/runs/07dac9c3-7fd2-4ed0-901a-96857338cd90/business_strategy.json,reports,.json,17194
reports/content_packages/sig-test-001/runs/07dac9c3-7fd2-4ed0-901a-96857338cd90/run_report.json,reports,.json,887
reports/content_packages/sig-test-001/runs/07df7817-3328-46f4-9609-2d11e3429611/assignment.json,reports,.json,857
reports/content_packages/sig-test-001/runs/07df7817-3328-46f4-9609-2d11e3429611/business_strategy.json,reports,.json,17194
reports/content_packages/sig-test-001/runs/07df7817-3328-46f4-9609-2d11e3429611/editorial_acceptance.json,reports,.json,289
reports/content_packages/sig-test-001/runs/07df7817-3328-46f4-9609-2d11e3429611/generated.json,reports,.json,1033
reports/content_packages/sig-test-001/runs/07df7817-3328-46f4-9609-2d11e3429611/publication_results.json,reports,.json,1079
reports/content_packages/sig-test-001/runs/07fa963d-5afb-422e-b166-449e6dfb4ccd/assignment.json,reports,.json,849
reports/content_packages/sig-test-001/runs/07fa963d-5afb-422e-b166-449e6dfb4ccd/business_strategy.json,reports,.json,17194
reports/content_packages/sig-test-001/runs/07fa963d-5afb-422e-b166-449e6dfb4ccd/editorial_acceptance.json,reports,.json,289
reports/content_packages/sig-test-001/runs/07fa963d-5afb-422e-b166-449e6dfb4ccd/generated.json,reports,.json,1033
reports/content_packages/sig-test-001/runs/08121747-3218-4204-a259-0a232705836f/business_strategy.json,reports,.json,17194
reports/content_packages/sig-test-001/runs/08121747-3218-4204-a259-0a232705836f/generated.json,reports,.json,1228
reports/content_packages/sig-test-001/runs/081ac499-4fa1-4a1a-b78f-9ca089adbad1/business_strategy.json,reports,.json,17194
reports/content_packages/sig-test-001/runs/082b6b9d-0fc9-4c1d-b48b-22e7606aeb4d/generated.json,reports,.json,798
reports/content_packages/sig-test-001/runs/082b6b9d-0fc9-4c1d-b48b-22e7606aeb4d/publication_results.json,reports,.json,844
reports/content_packages/sig-test-001/runs/087d053f-832a-434d-a34d-36ce667ee0ef/business_strategy.json,reports,.json,17194
reports/content_packages/sig-test-001/runs/087d053f-832a-434d-a34d-36ce667ee0ef/generated.json,reports,.json,1033
reports/content_packages/sig-test-001/runs/08e77a1e-65f4-4dfa-8079-cb45f6fa941b/business_strategy.json,reports,.json,17194
reports/content_packages/sig-test-001/runs/08e77a1e-65f4-4dfa-8079-cb45f6fa941b/generated.json,reports,.json,1033
reports/content_packages/sig-test-001/runs/0929fed2-3b27-4f33-99bc-c20c90c132e8/assignment.json,reports,.json,857
reports/content_packages/sig-test-001/runs/0929fed2-3b27-4f33-99bc-c20c90c132e8/business_strategy.json,reports,.json,17194
reports/content_packages/sig-test-001/runs/0929fed2-3b27-4f33-99bc-c20c90c132e8/editorial_acceptance.json,reports,.json,289
reports/content_packages/sig-test-001/runs/0929fed2-3b27-4f33-99bc-c20c90c132e8/generated.json,reports,.json,1033
reports/content_packages/sig-test-001/runs/0929fed2-3b27-4f33-99bc-c20c90c132e8/publication_results.json,reports,.json,1160
reports/content_packages/sig-test-001/runs/09a5abb3-8378-40ec-8de9-bb48be29c222/assignment.json,reports,.json,849
reports/content_packages/sig-test-001/runs/09a5abb3-8378-40ec-8de9-bb48be29c222/business_strategy.json,reports,.json,17194
reports/content_packages/sig-test-001/runs/09a5abb3-8378-40ec-8de9-bb48be29c222/editorial_acceptance.json,reports,.json,289
reports/content_packages/sig-test-001/runs/09a5abb3-8378-40ec-8de9-bb48be29c222/generated.json,reports,.json,1033
reports/content_packages/sig-test-001/runs/09bf2665-ef14-447a-8f05-84868aa14d01/assignment.json,reports,.json,849
reports/content_packages/sig-test-001/runs/09bf2665-ef14-447a-8f05-84868aa14d01/business_strategy.json,reports,.json,17194
reports/content_packages/sig-test-001/runs/09c769e9-3c89-470c-816a-68384229bdfa/business_strategy.json,reports,.json,17194
reports/content_packages/sig-test-001/runs/09c769e9-3c89-470c-816a-68384229bdfa/editorial_acceptance.json,reports,.json,236
reports/content_packages/sig-test-001/runs/09c769e9-3c89-470c-816a-68384229bdfa/generated.json,reports,.json,1033
reports/content_packages/sig-test-001/runs/0a57c6d3-8d06-4403-aaa0-2466a833b849/generated.json,reports,.json,932
reports/content_packages/sig-test-001/runs/0a57c6d3-8d06-4403-aaa0-2466a833b849/publication_results.json,reports,.json,978
reports/content_packages/sig-test-001/runs/0a5af6ab-e65c-4d25-b382-3006c88809e5/business_strategy.json,reports,.json,17194
reports/content_packages/sig-test-001/runs/0a5af6ab-e65c-4d25-b382-3006c88809e5/generated.json,reports,.json,1033
reports/content_packages/sig-test-001/runs/0a5af6ab-e65c-4d25-b382-3006c88809e5/publication_results.json,reports,.json,1079
reports/content_packages/sig-test-001/runs/0aaed3e1-ef77-4608-ab28-806b18865368/business_strategy.json,reports,.json,17194
reports/content_packages/sig-test-001/runs/0aaed3e1-ef77-4608-ab28-806b18865368/editorial_acceptance.json,reports,.json,236
reports/content_packages/sig-test-001/runs/0aaed3e1-ef77-4608-ab28-806b18865368/generated.json,reports,.json,1033
reports/content_packages/sig-test-001/runs/0ab3eb26-7c13-48d8-bd8a-9d1d060bdc42/business_strategy.json,reports,.json,17194
reports/content_packages/sig-test-001/runs/0ab3eb26-7c13-48d8-bd8a-9d1d060bdc42/editorial_acceptance.json,reports,.json,236
reports/content_packages/sig-test-001/runs/0ab3eb26-7c13-48d8-bd8a-9d1d060bdc42/generated.json,reports,.json,1033
reports/content_packages/sig-test-001/runs/0ab3eb26-7c13-48d8-bd8a-9d1d060bdc42/publication_results.json,reports,.json,1079
reports/content_packages/sig-test-001/runs/0ad97a2e-f66b-483a-80a1-503615166a7b/assignment.json,reports,.json,849
reports/content_packages/sig-test-001/runs/0ad97a2e-f66b-483a-80a1-503615166a7b/business_strategy.json,reports,.json,17194
reports/content_packages/sig-test-001/runs/0ad97a2e-f66b-483a-80a1-503615166a7b/editorial_acceptance.json,reports,.json,289
reports/content_packages/sig-test-001/runs/0ad97a2e-f66b-483a-80a1-503615166a7b/generated.json,reports,.json,1033
reports/content_packages/sig-test-001/runs/0b3be5f9-c9f2-4ee5-b205-6a56b03c63be/business_strategy.json,reports,.json,17194
reports/content_packages/sig-test-001/runs/0b3be5f9-c9f2-4ee5-b205-6a56b03c63be/generated.json,reports,.json,1033
reports/content_packages/sig-test-001/runs/0b692002-8ed1-4a6f-9888-5f22829a97bd/business_strategy.json,reports,.json,17194
reports/content_packages/sig-test-001/runs/0b860fea-05cb-4d69-a01e-25f5f55b3640/business_strategy.json,reports,.json,17194
reports/content_packages/sig-test-001/runs/0b860fea-05cb-4d69-a01e-25f5f55b3640/generated.json,reports,.json,1033
reports/content_packages/sig-test-001/runs/0b8b5614-5379-4282-8211-4b8d27a2f8fb/assignment.json,reports,.json,857
reports/content_packages/sig-test-001/runs/0b8b5614-5379-4282-8211-4b8d27a2f8fb/business_strategy.json,reports,.json,17194
reports/content_packages/sig-test-001/runs/0b8b5614-5379-4282-8211-4b8d27a2f8fb/editorial_acceptance.json,reports,.json,289
reports/content_packages/sig-test-001/runs/0b8b5614-5379-4282-8211-4b8d27a2f8fb/generated.json,reports,.json,1033
reports/content_packages/sig-test-001/runs/0b8b5614-5379-4282-8211-4b8d27a2f8fb/publication_results.json,reports,.json,1079
reports/content_packages/sig-test-001/runs/0baca502-fd00-4741-8e8c-e7bca0792ebf/business_strategy.json,reports,.json,17194
reports/content_packages/sig-test-001/runs/0baca502-fd00-4741-8e8c-e7bca0792ebf/editorial_acceptance.json,reports,.json,236
reports/content_packages/sig-test-001/runs/0baca502-fd00-4741-8e8c-e7bca0792ebf/generated.json,reports,.json,1033
reports/content_packages/sig-test-001/runs/0c05ee87-1027-4579-bfd3-a80ba1ae5cca/assignment.json,reports,.json,849
reports/content_packages/sig-test-001/runs/0c05ee87-1027-4579-bfd3-a80ba1ae5cca/business_strategy.json,reports,.json,17194
reports/content_packages/sig-test-001/runs/0c05ee87-1027-4579-bfd3-a80ba1ae5cca/editorial_acceptance.json,reports,.json,289
reports/content_packages/sig-test-001/runs/0c05ee87-1027-4579-bfd3-a80ba1ae5cca/generated.json,reports,.json,1033
reports/content_packages/sig-test-001/runs/0c0fa78d-aed4-4dcd-891c-8f4f725a249f/assignment.json,reports,.json,849
reports/content_packages/sig-test-001/runs/0c0fa78d-aed4-4dcd-891c-8f4f725a249f/business_strategy.json,reports,.json,17194
reports/content_packages/sig-test-001/runs/0c0fa78d-aed4-4dcd-891c-8f4f725a249f/editorial_acceptance.json,reports,.json,289
reports/content_packages/sig-test-001/runs/0c0fa78d-aed4-4dcd-891c-8f4f725a249f/generated.json,reports,.json,1033
reports/content_packages/sig-test-001/runs/0c1f1195-c3b3-40a2-a765-5d4f0086e36b/business_strategy.json,reports,.json,17194
reports/content_packages/sig-test-001/runs/0c4ad9fc-e14f-40df-b4d8-fee7ee78b509/business_strategy.json,reports,.json,17194
reports/content_packages/sig-test-001/runs/0cc97b46-71a0-47d8-a668-3b246513f62c/generated.json,reports,.json,798
reports/content_packages/sig-test-001/runs/0cdaea7d-05d6-4012-b3bb-68800e40a6e8/assignment.json,reports,.json,857
reports/content_packages/sig-test-001/runs/0cdaea7d-05d6-4012-b3bb-68800e40a6e8/business_strategy.json,reports,.json,17194
reports/content_packages/sig-test-001/runs/0cdaea7d-05d6-4012-b3bb-68800e40a6e8/editorial_acceptance.json,reports,.json,289
reports/content_packages/sig-test-001/runs/0cdaea7d-05d6-4012-b3bb-68800e40a6e8/generated.json,reports,.json,1033
reports/content_packages/sig-test-001/runs/0cdaea7d-05d6-4012-b3bb-68800e40a6e8/publication_results.json,reports,.json,1160
reports/content_packages/sig-test-001/runs/0d0baf0f-e584-49f5-868c-f86db61d0c88/business_strategy.json,reports,.json,17194
reports/content_packages/sig-test-001/runs/0d0baf0f-e584-49f5-868c-f86db61d0c88/generated.json,reports,.json,1033
reports/content_packages/sig-test-001/runs/0d0baf0f-e584-49f5-868c-f86db61d0c88/publication_results.json,reports,.json,1079
reports/content_packages/sig-test-001/runs/0d47915a-6076-4e25-a66f-51009da96301/business_strategy.json,reports,.json,17194
reports/content_packages/sig-test-001/runs/0d47915a-6076-4e25-a66f-51009da96301/editorial_acceptance.json,reports,.json,236
reports/content_packages/sig-test-001/runs/0d47915a-6076-4e25-a66f-51009da96301/generated.json,reports,.json,1033
reports/content_packages/sig-test-001/runs/0d513899-8c62-4260-896b-a48182b6e517/assignment.json,reports,.json,849
reports/content_packages/sig-test-001/runs/0d513899-8c62-4260-896b-a48182b6e517/business_strategy.json,reports,.json,17194
reports/content_packages/sig-test-001/runs/0d513899-8c62-4260-896b-a48182b6e517/editorial_acceptance.json,reports,.json,289
reports/content_packages/sig-test-001/runs/0d513899-8c62-4260-896b-a48182b6e517/generated.json,reports,.json,1033
reports/content_packages/sig-test-001/runs/0d5c2d70-d8a0-407d-8725-3fa389a71d65/assignment.json,reports,.json,849
reports/content_packages/sig-test-001/runs/0d5c2d70-d8a0-407d-8725-3fa389a71d65/business_strategy.json,reports,.json,17194
reports/content_packages/sig-test-001/runs/0d5c2d70-d8a0-407d-8725-3fa389a71d65/editorial_acceptance.json,reports,.json,289
reports/content_packages/sig-test-001/runs/0d5c2d70-d8a0-407d-8725-3fa389a71d65/generated.json,reports,.json,1033
reports/content_packages/sig-test-001/runs/0d71ee28-6d03-4745-97d7-670bccc81cd1/business_strategy.json,reports,.json,17194
reports/content_packages/sig-test-001/runs/0d71ee28-6d03-4745-97d7-670bccc81cd1/generated.json,reports,.json,1033
reports/content_packages/sig-test-001/runs/0d739706-97d9-4451-9b3a-d052f0fc8001/business_strategy.json,reports,.json,17194
reports/content_packages/sig-test-001/runs/0da28fc0-3a0c-4747-9cb6-dbd2ef40ad7d/business_strategy.json,reports,.json,17194
reports/content_packages/sig-test-001/runs/0da28fc0-3a0c-4747-9cb6-dbd2ef40ad7d/editorial_acceptance.json,reports,.json,236
reports/content_packages/sig-test-001/runs/0da28fc0-3a0c-4747-9cb6-dbd2ef40ad7d/generated.json,reports,.json,1033
reports/content_packages/sig-test-001/runs/0daa8ccc-441d-44e6-b6a6-2046a53723f3/assignment.json,reports,.json,849
reports/content_packages/sig-test-001/runs/0daa8ccc-441d-44e6-b6a6-2046a53723f3/business_strategy.json,reports,.json,17194
reports/content_packages/sig-test-001/runs/0e31de4f-0dde-4b9d-b8b6-9010168abfdb/assignment.json,reports,.json,857
reports/content_packages/sig-test-001/runs/0e31de4f-0dde-4b9d-b8b6-9010168abfdb/business_strategy.json,reports,.json,17194
reports/content_packages/sig-test-001/runs/0e31de4f-0dde-4b9d-b8b6-9010168abfdb/editorial_acceptance.json,reports,.json,289
reports/content_packages/sig-test-001/runs/0e31de4f-0dde-4b9d-b8b6-9010168abfdb/generated.json,reports,.json,1033
reports/content_packages/sig-test-001/runs/0e31de4f-0dde-4b9d-b8b6-9010168abfdb/publication_results.json,reports,.json,1160
reports/content_packages/sig-test-001/runs/0eecebfb-d964-4fbb-97d9-9a15d29a953b/business_strategy.json,reports,.json,17194
reports/content_packages/sig-test-001/runs/0eecebfb-d964-4fbb-97d9-9a15d29a953b/generated.json,reports,.json,1033
reports/content_packages/sig-test-001/runs/0eecebfb-d964-4fbb-97d9-9a15d29a953b/publication_results.json,reports,.json,1079
reports/content_packages/sig-test-001/runs/0ef47194-a484-4193-b892-867034b7158d/generated.json,reports,.json,798
reports/content_packages/sig-test-001/runs/0f8cf2e5-ee86-4931-bc41-d8a3da9b52a1/assignment.json,reports,.json,857
reports/content_packages/sig-test-001/runs/0f8cf2e5-ee86-4931-bc41-d8a3da9b52a1/business_strategy.json,reports,.json,17194
reports/content_packages/sig-test-001/runs/0f8cf2e5-ee86-4931-bc41-d8a3da9b52a1/editorial_acceptance.json,reports,.json,289
reports/content_packages/sig-test-001/runs/0f8cf2e5-ee86-4931-bc41-d8a3da9b52a1/generated.json,reports,.json,1033
reports/content_packages/sig-test-001/runs/0f8cf2e5-ee86-4931-bc41-d8a3da9b52a1/publication_results.json,reports,.json,1160
reports/content_packages/sig-test-001/runs/0fb91c9c-f9c2-4982-9832-9e917f38adf9/assignment.json,reports,.json,849
reports/content_packages/sig-test-001/runs/0fb91c9c-f9c2-4982-9832-9e917f38adf9/business_strategy.json,reports,.json,17194
reports/content_packages/sig-test-001/runs/0fb91c9c-f9c2-4982-9832-9e917f38adf9/editorial_acceptance.json,reports,.json,289
reports/content_packages/sig-test-001/runs/0fb91c9c-f9c2-4982-9832-9e917f38adf9/generated.json,reports,.json,1033
reports/content_packages/sig-test-001/runs/0fc52a7d-1204-4873-87ff-a1a1dd94be70/assignment.json,reports,.json,857
reports/content_packages/sig-test-001/runs/0fc52a7d-1204-4873-87ff-a1a1dd94be70/business_strategy.json,reports,.json,17194
reports/content_packages/sig-test-001/runs/0fc52a7d-1204-4873-87ff-a1a1dd94be70/editorial_acceptance.json,reports,.json,289
reports/content_packages/sig-test-001/runs/0fc52a7d-1204-4873-87ff-a1a1dd94be70/generated.json,reports,.json,1033
reports/content_packages/sig-test-001/runs/0fc52a7d-1204-4873-87ff-a1a1dd94be70/publication_results.json,reports,.json,1079
reports/content_packages/sig-test-001/runs/0fc7463a-60e9-4bf1-9061-cf2a7b08fd8b/business_strategy.json,reports,.json,17194
reports/content_packages/sig-test-001/runs/0fc7463a-60e9-4bf1-9061-cf2a7b08fd8b/generated.json,reports,.json,1033
reports/content_packages/sig-test-001/runs/0fc7463a-60e9-4bf1-9061-cf2a7b08fd8b/publication_results.json,reports,.json,1079
reports/content_packages/sig-test-001/runs/0ffaf558-9529-4fc6-8168-3133dfe73aa5/assignment.json,reports,.json,857
reports/content_packages/sig-test-001/runs/0ffaf558-9529-4fc6-8168-3133dfe73aa5/business_strategy.json,reports,.json,17194
reports/content_packages/sig-test-001/runs/0ffaf558-9529-4fc6-8168-3133dfe73aa5/editorial_acceptance.json,reports,.json,289
reports/content_packages/sig-test-001/runs/0ffaf558-9529-4fc6-8168-3133dfe73aa5/generated.json,reports,.json,1033
reports/content_packages/sig-test-001/runs/0ffaf558-9529-4fc6-8168-3133dfe73aa5/publication_results.json,reports,.json,1239
reports/content_packages/sig-test-001/runs/10008c04-686e-4008-857f-4800149133ae/assignment.json,reports,.json,857
reports/content_packages/sig-test-001/runs/10008c04-686e-4008-857f-4800149133ae/business_strategy.json,reports,.json,17194
reports/content_packages/sig-test-001/runs/10008c04-686e-4008-857f-4800149133ae/editorial_acceptance.json,reports,.json,289
reports/content_packages/sig-test-001/runs/10008c04-686e-4008-857f-4800149133ae/generated.json,reports,.json,1033
reports/content_packages/sig-test-001/runs/10008c04-686e-4008-857f-4800149133ae/publication_results.json,reports,.json,1160
reports/content_packages/sig-test-001/runs/100ce03f-b1cd-40b1-8aa6-9c097310107f/assignment.json,reports,.json,857
reports/content_packages/sig-test-001/runs/100ce03f-b1cd-40b1-8aa6-9c097310107f/business_strategy.json,reports,.json,17194
reports/content_packages/sig-test-001/runs/1051d01d-4fac-4e41-8c16-fca817cfa70a/business_strategy.json,reports,.json,17194
reports/content_packages/sig-test-001/runs/1051d01d-4fac-4e41-8c16-fca817cfa70a/editorial_acceptance.json,reports,.json,236
reports/content_packages/sig-test-001/runs/1051d01d-4fac-4e41-8c16-fca817cfa70a/generated.json,reports,.json,1033
reports/content_packages/sig-test-001/runs/1074a35d-cd5c-4a44-a614-ef2c8e85b175/assignment.json,reports,.json,849
reports/content_packages/sig-test-001/runs/1074a35d-cd5c-4a44-a614-ef2c8e85b175/business_strategy.json,reports,.json,17194
reports/content_packages/sig-test-001/runs/1074a35d-cd5c-4a44-a614-ef2c8e85b175/editorial_acceptance.json,reports,.json,289
reports/content_packages/sig-test-001/runs/1074a35d-cd5c-4a44-a614-ef2c8e85b175/generated.json,reports,.json,1033
reports/content_packages/sig-test-001/runs/1109cbe4-a1f9-4058-8c60-a8722b3d5721/assignment.json,reports,.json,857
reports/content_packages/sig-test-001/runs/1109cbe4-a1f9-4058-8c60-a8722b3d5721/business_strategy.json,reports,.json,17194
reports/content_packages/sig-test-001/runs/1109cbe4-a1f9-4058-8c60-a8722b3d5721/editorial_acceptance.json,reports,.json,289
reports/content_packages/sig-test-001/runs/1109cbe4-a1f9-4058-8c60-a8722b3d5721/generated.json,reports,.json,1033
reports/content_packages/sig-test-001/runs/1109cbe4-a1f9-4058-8c60-a8722b3d5721/publication_results.json,reports,.json,1079
reports/content_packages/sig-test-001/runs/1113f848-8c6a-4f9c-afba-0b5d1ec5ee69/assignment.json,reports,.json,849
reports/content_packages/sig-test-001/runs/1113f848-8c6a-4f9c-afba-0b5d1ec5ee69/business_strategy.json,reports,.json,17194
reports/content_packages/sig-test-001/runs/1113f848-8c6a-4f9c-afba-0b5d1ec5ee69/editorial_acceptance.json,reports,.json,289
reports/content_packages/sig-test-001/runs/1113f848-8c6a-4f9c-afba-0b5d1ec5ee69/generated.json,reports,.json,1033
reports/content_packages/sig-test-001/runs/111b2ecd-8a91-4edf-88c9-3aa65076f064/assignment.json,reports,.json,849
reports/content_packages/sig-test-001/runs/111b2ecd-8a91-4edf-88c9-3aa65076f064/business_strategy.json,reports,.json,17194
reports/content_packages/sig-test-001/runs/111b2ecd-8a91-4edf-88c9-3aa65076f064/editorial_acceptance.json,reports,.json,289
reports/content_packages/sig-test-001/runs/111b2ecd-8a91-4edf-88c9-3aa65076f064/generated.json,reports,.json,1033
reports/content_packages/sig-test-001/runs/1128d323-44a7-490b-86fc-33bb566426bd/assignment.json,reports,.json,857
reports/content_packages/sig-test-001/runs/1128d323-44a7-490b-86fc-33bb566426bd/business_strategy.json,reports,.json,17194
reports/content_packages/sig-test-001/runs/1128d323-44a7-490b-86fc-33bb566426bd/editorial_acceptance.json,reports,.json,289
reports/content_packages/sig-test-001/runs/1128d323-44a7-490b-86fc-33bb566426bd/generated.json,reports,.json,1033
reports/content_packages/sig-test-001/runs/1128d323-44a7-490b-86fc-33bb566426bd/publication_results.json,reports,.json,1079
reports/content_packages/sig-test-001/runs/11b34588-723e-4ab1-933a-63ea5582cde1/assignment.json,reports,.json,849
reports/content_packages/sig-test-001/runs/11b34588-723e-4ab1-933a-63ea5582cde1/business_strategy.json,reports,.json,17194
reports/content_packages/sig-test-001/runs/11b34588-723e-4ab1-933a-63ea5582cde1/editorial_acceptance.json,reports,.json,289
reports/content_packages/sig-test-001/runs/11b34588-723e-4ab1-933a-63ea5582cde1/generated.json,reports,.json,1033
reports/content_packages/sig-test-001/runs/120feb4c-253d-4410-978a-0338b0555b26/assignment.json,reports,.json,849
reports/content_packages/sig-test-001/runs/120feb4c-253d-4410-978a-0338b0555b26/business_strategy.json,reports,.json,17194
reports/content_packages/sig-test-001/runs/120feb4c-253d-4410-978a-0338b0555b26/editorial_acceptance.json,reports,.json,289
reports/content_packages/sig-test-001/runs/120feb4c-253d-4410-978a-0338b0555b26/generated.json,reports,.json,1033
reports/content_packages/sig-test-001/runs/12290f2a-ca9c-4053-8253-963717f01cbf/assignment.json,reports,.json,849
reports/content_packages/sig-test-001/runs/12290f2a-ca9c-4053-8253-963717f01cbf/business_strategy.json,reports,.json,17194
reports/content_packages/sig-test-001/runs/12290f2a-ca9c-4053-8253-963717f01cbf/run_report.json,reports,.json,887
reports/content_packages/sig-test-001/runs/1237f9b8-94e3-4dc5-bcf4-e58895bdb9e8/business_strategy.json,reports,.json,17194
reports/content_packages/sig-test-001/runs/128512aa-b56b-4a4d-a4e2-8103afbff7f0/business_strategy.json,reports,.json,17194
reports/content_packages/sig-test-001/runs/128ed3af-4e0b-4d55-a6bf-f00f648544f4/business_strategy.json,reports,.json,17194
reports/content_packages/sig-test-001/runs/128ed3af-4e0b-4d55-a6bf-f00f648544f4/generated.json,reports,.json,1033
reports/content_packages/sig-test-001/runs/128ed3af-4e0b-4d55-a6bf-f00f648544f4/publication_results.json,reports,.json,1079
reports/content_packages/sig-test-001/runs/1290ac66-43f9-429a-850e-d4d6610524a7/business_strategy.json,reports,.json,17194
reports/content_packages/sig-test-001/runs/12b44f58-289f-4877-8ca0-ada1c7d72807/assignment.json,reports,.json,849
reports/content_packages/sig-test-001/runs/12b44f58-289f-4877-8ca0-ada1c7d72807/business_strategy.json,reports,.json,17194
reports/content_packages/sig-test-001/runs/12b44f58-289f-4877-8ca0-ada1c7d72807/editorial_acceptance.json,reports,.json,289
reports/content_packages/sig-test-001/runs/12b44f58-289f-4877-8ca0-ada1c7d72807/generated.json,reports,.json,1033
reports/content_packages/sig-test-001/runs/12bdec77-2997-4378-821a-3d6f11d76893/assignment.json,reports,.json,857
reports/content_packages/sig-test-001/runs/12bdec77-2997-4378-821a-3d6f11d76893/business_strategy.json,reports,.json,17194
reports/content_packages/sig-test-001/runs/12bdec77-2997-4378-821a-3d6f11d76893/editorial_acceptance.json,reports,.json,289
reports/content_packages/sig-test-001/runs/12bdec77-2997-4378-821a-3d6f11d76893/generated.json,reports,.json,1033
reports/content_packages/sig-test-001/runs/12bdec77-2997-4378-821a-3d6f11d76893/publication_results.json,reports,.json,1160
reports/content_packages/sig-test-001/runs/12f584a3-cba8-4b98-8c01-acdd02e128c0/business_strategy.json,reports,.json,17194
reports/content_packages/sig-test-001/runs/12f584a3-cba8-4b98-8c01-acdd02e128c0/editorial_acceptance.json,reports,.json,236
reports/content_packages/sig-test-001/runs/12f584a3-cba8-4b98-8c01-acdd02e128c0/generated.json,reports,.json,1033
reports/content_packages/sig-test-001/runs/13024d9d-df92-4c30-a0c4-1aa8ddbc1e25/business_strategy.json,reports,.json,17194
reports/content_packages/sig-test-001/runs/13024d9d-df92-4c30-a0c4-1aa8ddbc1e25/generated.json,reports,.json,1033
reports/content_packages/sig-test-001/runs/137777aa-3c0a-42e8-b6b4-09279b6485a9/assignment.json,reports,.json,849
reports/content_packages/sig-test-001/runs/137777aa-3c0a-42e8-b6b4-09279b6485a9/business_strategy.json,reports,.json,17194
reports/content_packages/sig-test-001/runs/137777aa-3c0a-42e8-b6b4-09279b6485a9/editorial_acceptance.json,reports,.json,289
reports/content_packages/sig-test-001/runs/137777aa-3c0a-42e8-b6b4-09279b6485a9/generated.json,reports,.json,1033
reports/content_packages/sig-test-001/runs/1394176b-7aef-492c-8b62-d248d15ce824/assignment.json,reports,.json,849
reports/content_packages/sig-test-001/runs/1394176b-7aef-492c-8b62-d248d15ce824/business_strategy.json,reports,.json,17194
reports/content_packages/sig-test-001/runs/1394176b-7aef-492c-8b62-d248d15ce824/editorial_acceptance.json,reports,.json,289
reports/content_packages/sig-test-001/runs/1394176b-7aef-492c-8b62-d248d15ce824/generated.json,reports,.json,1033
reports/content_packages/sig-test-001/runs/13bbafe3-51a1-461f-b0a5-14972914e9da/assignment.json,reports,.json,849
reports/content_packages/sig-test-001/runs/13bbafe3-51a1-461f-b0a5-14972914e9da/business_strategy.json,reports,.json,17194
reports/content_packages/sig-test-001/runs/13bbafe3-51a1-461f-b0a5-14972914e9da/editorial_acceptance.json,reports,.json,289
reports/content_packages/sig-test-001/runs/13bbafe3-51a1-461f-b0a5-14972914e9da/generated.json,reports,.json,1033
reports/content_packages/sig-test-001/runs/13f85d99-a6fb-423e-9c26-36f0bf2c5eb1/assignment.json,reports,.json,849
reports/content_packages/sig-test-001/runs/13f85d99-a6fb-423e-9c26-36f0bf2c5eb1/business_strategy.json,reports,.json,17194
reports/content_packages/sig-test-001/runs/13f85d99-a6fb-423e-9c26-36f0bf2c5eb1/editorial_acceptance.json,reports,.json,289
reports/content_packages/sig-test-001/runs/13f85d99-a6fb-423e-9c26-36f0bf2c5eb1/generated.json,reports,.json,1033
reports/content_packages/sig-test-001/runs/140241e4-b0b6-4227-a93f-a311be11e697/assignment.json,reports,.json,857
reports/content_packages/sig-test-001/runs/140241e4-b0b6-4227-a93f-a311be11e697/business_strategy.json,reports,.json,17194
reports/content_packages/sig-test-001/runs/140241e4-b0b6-4227-a93f-a311be11e697/editorial_acceptance.json,reports,.json,289
reports/content_packages/sig-test-001/runs/140241e4-b0b6-4227-a93f-a311be11e697/generated.json,reports,.json,1033
reports/content_packages/sig-test-001/runs/140241e4-b0b6-4227-a93f-a311be11e697/publication_results.json,reports,.json,1160
reports/content_packages/sig-test-001/runs/141e560f-cfe1-4751-8a16-7e2c4fa463cb/assignment.json,reports,.json,857
reports/content_packages/sig-test-001/runs/141e560f-cfe1-4751-8a16-7e2c4fa463cb/business_strategy.json,reports,.json,17194
reports/content_packages/sig-test-001/runs/141e560f-cfe1-4751-8a16-7e2c4fa463cb/editorial_acceptance.json,reports,.json,289
reports/content_packages/sig-test-001/runs/141e560f-cfe1-4751-8a16-7e2c4fa463cb/generated.json,reports,.json,1033
reports/content_packages/sig-test-001/runs/141e560f-cfe1-4751-8a16-7e2c4fa463cb/publication_results.json,reports,.json,1160
reports/content_packages/sig-test-001/runs/14213a18-5129-4edf-9a07-c60d5e280878/assignment.json,reports,.json,849
reports/content_packages/sig-test-001/runs/14213a18-5129-4edf-9a07-c60d5e280878/business_strategy.json,reports,.json,17194
reports/content_packages/sig-test-001/runs/14213a18-5129-4edf-9a07-c60d5e280878/editorial_acceptance.json,reports,.json,289
reports/content_packages/sig-test-001/runs/14213a18-5129-4edf-9a07-c60d5e280878/generated.json,reports,.json,1033
reports/content_packages/sig-test-001/runs/145a83c7-3f35-412a-aa09-db20337652a6/business_strategy.json,reports,.json,17194
reports/content_packages/sig-test-001/runs/145a83c7-3f35-412a-aa09-db20337652a6/editorial_acceptance.json,reports,.json,236
reports/content_packages/sig-test-001/runs/145a83c7-3f35-412a-aa09-db20337652a6/generated.json,reports,.json,1033
reports/content_packages/sig-test-001/runs/145f8eee-0249-4487-ad99-714e9b3ae5f0/business_strategy.json,reports,.json,17194
reports/content_packages/sig-test-001/runs/1460fc56-05ac-40c7-899e-4db3c3699b5d/generated.json,reports,.json,798
reports/content_packages/sig-test-001/runs/148dcc60-af1a-4ef3-8c53-90f2ee050f9a/business_strategy.json,reports,.json,17194
reports/content_packages/sig-test-001/runs/148dcc60-af1a-4ef3-8c53-90f2ee050f9a/editorial_acceptance.json,reports,.json,236
reports/content_packages/sig-test-001/runs/148dcc60-af1a-4ef3-8c53-90f2ee050f9a/generated.json,reports,.json,1033
reports/content_packages/sig-test-001/runs/14cdb222-b776-44bb-8edc-0d5e75c19b0d/generated.json,reports,.json,932
reports/content_packages/sig-test-001/runs/15343386-5923-47bb-b61b-04c0d10fd06d/business_strategy.json,reports,.json,17194
reports/content_packages/sig-test-001/runs/15343386-5923-47bb-b61b-04c0d10fd06d/generated.json,reports,.json,1033
reports/content_packages/sig-test-001/runs/15343386-5923-47bb-b61b-04c0d10fd06d/publication_results.json,reports,.json,1079
reports/content_packages/sig-test-001/runs/1581b81c-3604-4b55-a084-881f6836ec3d/assignment.json,reports,.json,849
reports/content_packages/sig-test-001/runs/1581b81c-3604-4b55-a084-881f6836ec3d/business_strategy.json,reports,.json,17194
reports/content_packages/sig-test-001/runs/1581b81c-3604-4b55-a084-881f6836ec3d/editorial_acceptance.json,reports,.json,289
reports/content_packages/sig-test-001/runs/1581b81c-3604-4b55-a084-881f6836ec3d/generated.json,reports,.json,1033
reports/content_packages/sig-test-001/runs/15a5f4c5-73a9-4656-9cf4-4bd795363729/assignment.json,reports,.json,849
reports/content_packages/sig-test-001/runs/15a5f4c5-73a9-4656-9cf4-4bd795363729/business_strategy.json,reports,.json,17194
reports/content_packages/sig-test-001/runs/15a5f4c5-73a9-4656-9cf4-4bd795363729/editorial_acceptance.json,reports,.json,289
reports/content_packages/sig-test-001/runs/15a5f4c5-73a9-4656-9cf4-4bd795363729/generated.json,reports,.json,1033
reports/content_packages/sig-test-001/runs/15d4841e-058d-4464-8b4f-e1f94a6fc8ad/assignment.json,reports,.json,857
reports/content_packages/sig-test-001/runs/15d4841e-058d-4464-8b4f-e1f94a6fc8ad/business_strategy.json,reports,.json,17194
reports/content_packages/sig-test-001/runs/15d4841e-058d-4464-8b4f-e1f94a6fc8ad/editorial_acceptance.json,reports,.json,289
reports/content_packages/sig-test-001/runs/15d4841e-058d-4464-8b4f-e1f94a6fc8ad/generated.json,reports,.json,1033
reports/content_packages/sig-test-001/runs/15d4841e-058d-4464-8b4f-e1f94a6fc8ad/publication_results.json,reports,.json,1160
reports/content_packages/sig-test-001/runs/16256ce0-985c-4cfe-bd20-f094c8966e60/assignment.json,reports,.json,849
reports/content_packages/sig-test-001/runs/16256ce0-985c-4cfe-bd20-f094c8966e60/business_strategy.json,reports,.json,17194
reports/content_packages/sig-test-001/runs/16256ce0-985c-4cfe-bd20-f094c8966e60/editorial_acceptance.json,reports,.json,289
reports/content_packages/sig-test-001/runs/16256ce0-985c-4cfe-bd20-f094c8966e60/generated.json,reports,.json,1033
reports/content_packages/sig-test-001/runs/163c1c70-55d1-4222-b7b2-675c84f8831a/business_strategy.json,reports,.json,17194
reports/content_packages/sig-test-001/runs/163c1c70-55d1-4222-b7b2-675c84f8831a/generated.json,reports,.json,1228
reports/content_packages/sig-test-001/runs/16a32455-ef2e-4e45-af6b-63b5f158f459/assignment.json,reports,.json,849
reports/content_packages/sig-test-001/runs/16a32455-ef2e-4e45-af6b-63b5f158f459/business_strategy.json,reports,.json,17194
reports/content_packages/sig-test-001/runs/16a32455-ef2e-4e45-af6b-63b5f158f459/editorial_acceptance.json,reports,.json,289
reports/content_packages/sig-test-001/runs/16a32455-ef2e-4e45-af6b-63b5f158f459/generated.json,reports,.json,1033
reports/content_packages/sig-test-001/runs/16de9c56-e2e1-426c-8cbd-71111c9996cd/business_strategy.json,reports,.json,17194
reports/content_packages/sig-test-001/runs/16de9c56-e2e1-426c-8cbd-71111c9996cd/editorial_acceptance.json,reports,.json,236
reports/content_packages/sig-test-001/runs/16de9c56-e2e1-426c-8cbd-71111c9996cd/generated.json,reports,.json,1033
reports/content_packages/sig-test-001/runs/16de9c56-e2e1-426c-8cbd-71111c9996cd/publication_results.json,reports,.json,1079
reports/content_packages/sig-test-001/runs/16ed8c3f-aa5e-4a4d-8774-e690f737a083/assignment.json,reports,.json,849
reports/content_packages/sig-test-001/runs/16ed8c3f-aa5e-4a4d-8774-e690f737a083/business_strategy.json,reports,.json,17194
reports/content_packages/sig-test-001/runs/16ed8c3f-aa5e-4a4d-8774-e690f737a083/editorial_acceptance.json,reports,.json,289
reports/content_packages/sig-test-001/runs/16ed8c3f-aa5e-4a4d-8774-e690f737a083/generated.json,reports,.json,1033
reports/content_packages/sig-test-001/runs/16eeaa43-626c-47b7-b3d2-3d9f2dba4c4d/business_strategy.json,reports,.json,17194
reports/content_packages/sig-test-001/runs/16eeaa43-626c-47b7-b3d2-3d9f2dba4c4d/generated.json,reports,.json,1033
reports/content_packages/sig-test-001/runs/16f37781-ad8a-4e22-835d-c78f8e9eaa2f/assignment.json,reports,.json,857
reports/content_packages/sig-test-001/runs/16f37781-ad8a-4e22-835d-c78f8e9eaa2f/business_strategy.json,reports,.json,17194
reports/content_packages/sig-test-001/runs/170dedc2-5f81-4fe3-8ac0-32a2ccfdc3aa/assignment.json,reports,.json,849
reports/content_packages/sig-test-001/runs/170dedc2-5f81-4fe3-8ac0-32a2ccfdc3aa/business_strategy.json,reports,.json,17194
reports/content_packages/sig-test-001/runs/170dedc2-5f81-4fe3-8ac0-32a2ccfdc3aa/editorial_acceptance.json,reports,.json,289
reports/content_packages/sig-test-001/runs/170dedc2-5f81-4fe3-8ac0-32a2ccfdc3aa/generated.json,reports,.json,1033
reports/content_packages/sig-test-001/runs/1761f04e-74ab-44a7-a52d-23d48f52d8c1/business_strategy.json,reports,.json,17194
reports/content_packages/sig-test-001/runs/1761f04e-74ab-44a7-a52d-23d48f52d8c1/generated.json,reports,.json,1033
reports/content_packages/sig-test-001/runs/1761f04e-74ab-44a7-a52d-23d48f52d8c1/publication_results.json,reports,.json,1079
reports/content_packages/sig-test-001/runs/1794e587-85fb-48a8-86a2-a0f818c2df29/assignment.json,reports,.json,849
reports/content_packages/sig-test-001/runs/1794e587-85fb-48a8-86a2-a0f818c2df29/business_strategy.json,reports,.json,17194
reports/content_packages/sig-test-001/runs/18019881-2c13-45b7-b7e6-cae94c9cd5c3/assignment.json,reports,.json,857
reports/content_packages/sig-test-001/runs/18019881-2c13-45b7-b7e6-cae94c9cd5c3/business_strategy.json,reports,.json,17194
reports/content_packages/sig-test-001/runs/18019881-2c13-45b7-b7e6-cae94c9cd5c3/editorial_acceptance.json,reports,.json,289
reports/content_packages/sig-test-001/runs/18019881-2c13-45b7-b7e6-cae94c9cd5c3/generated.json,reports,.json,1033
reports/content_packages/sig-test-001/runs/18019881-2c13-45b7-b7e6-cae94c9cd5c3/publication_results.json,reports,.json,1239
reports/content_packages/sig-test-001/runs/18b4f34a-7489-44a9-ab8a-1be937de6408/generated.json,reports,.json,798
reports/content_packages/sig-test-001/runs/18b4f34a-7489-44a9-ab8a-1be937de6408/publication_results.json,reports,.json,844
reports/content_packages/sig-test-001/runs/1911356f-3d13-4fcc-a3af-787ee4284924/assignment.json,reports,.json,849
reports/content_packages/sig-test-001/runs/1911356f-3d13-4fcc-a3af-787ee4284924/business_strategy.json,reports,.json,17194
reports/content_packages/sig-test-001/runs/1911356f-3d13-4fcc-a3af-787ee4284924/editorial_acceptance.json,reports,.json,289
reports/content_packages/sig-test-001/runs/1911356f-3d13-4fcc-a3af-787ee4284924/generated.json,reports,.json,1033
reports/content_packages/sig-test-001/runs/19525dee-de7f-4ff4-b793-b8380d1ca575/business_strategy.json,reports,.json,17194
reports/content_packages/sig-test-001/runs/19525dee-de7f-4ff4-b793-b8380d1ca575/generated.json,reports,.json,1033
reports/content_packages/sig-test-001/runs/19525dee-de7f-4ff4-b793-b8380d1ca575/publication_results.json,reports,.json,1079
reports/content_packages/sig-test-001/runs/195e4283-99d9-4f2c-9b4f-bb161b7267a0/generated.json,reports,.json,798
reports/content_packages/sig-test-001/runs/195e4283-99d9-4f2c-9b4f-bb161b7267a0/publication_results.json,reports,.json,844
reports/content_packages/sig-test-001/runs/19dbac77-1e22-46a2-a2ec-5b9533f9e6ad/business_strategy.json,reports,.json,17194
reports/content_packages/sig-test-001/runs/19dbac77-1e22-46a2-a2ec-5b9533f9e6ad/editorial_acceptance.json,reports,.json,236
reports/content_packages/sig-test-001/runs/19dbac77-1e22-46a2-a2ec-5b9533f9e6ad/generated.json,reports,.json,1033
reports/content_packages/sig-test-001/runs/19dea2d6-10a6-4e71-aa51-ac3552116896/assignment.json,reports,.json,849
reports/content_packages/sig-test-001/runs/19dea2d6-10a6-4e71-aa51-ac3552116896/business_strategy.json,reports,.json,17194
reports/content_packages/sig-test-001/runs/19dea2d6-10a6-4e71-aa51-ac3552116896/editorial_acceptance.json,reports,.json,289
reports/content_packages/sig-test-001/runs/19dea2d6-10a6-4e71-aa51-ac3552116896/generated.json,reports,.json,1033
reports/content_packages/sig-test-001/runs/1a125165-0332-4bce-acb9-2103bb2b2c8a/assignment.json,reports,.json,849
reports/content_packages/sig-test-001/runs/1a125165-0332-4bce-acb9-2103bb2b2c8a/business_strategy.json,reports,.json,17194
reports/content_packages/sig-test-001/runs/1a125165-0332-4bce-acb9-2103bb2b2c8a/editorial_acceptance.json,reports,.json,289
reports/content_packages/sig-test-001/runs/1a125165-0332-4bce-acb9-2103bb2b2c8a/generated.json,reports,.json,1033
reports/content_packages/sig-test-001/runs/1a148874-5b6c-45e3-88d3-1eea61f7ddec/assignment.json,reports,.json,857
reports/content_packages/sig-test-001/runs/1a148874-5b6c-45e3-88d3-1eea61f7ddec/business_strategy.json,reports,.json,17194
reports/content_packages/sig-test-001/runs/1a148874-5b6c-45e3-88d3-1eea61f7ddec/editorial_acceptance.json,reports,.json,289
reports/content_packages/sig-test-001/runs/1a148874-5b6c-45e3-88d3-1eea61f7ddec/generated.json,reports,.json,1033
reports/content_packages/sig-test-001/runs/1a148874-5b6c-45e3-88d3-1eea61f7ddec/publication_results.json,reports,.json,1079
reports/content_packages/sig-test-001/runs/1a4ba4a3-cced-4f31-af3b-02b1d5ac30f6/business_strategy.json,reports,.json,17194
reports/content_packages/sig-test-001/runs/1a4ba4a3-cced-4f31-af3b-02b1d5ac30f6/editorial_acceptance.json,reports,.json,236
reports/content_packages/sig-test-001/runs/1a4ba4a3-cced-4f31-af3b-02b1d5ac30f6/generated.json,reports,.json,1033
reports/content_packages/sig-test-001/runs/1a4ba4a3-cced-4f31-af3b-02b1d5ac30f6/publication_results.json,reports,.json,1079
reports/content_packages/sig-test-001/runs/1a711b21-4e86-4f0c-a662-ee4555248526/assignment.json,reports,.json,849
reports/content_packages/sig-test-001/runs/1a711b21-4e86-4f0c-a662-ee4555248526/business_strategy.json,reports,.json,17194
reports/content_packages/sig-test-001/runs/1a711b21-4e86-4f0c-a662-ee4555248526/editorial_acceptance.json,reports,.json,289
reports/content_packages/sig-test-001/runs/1a711b21-4e86-4f0c-a662-ee4555248526/generated.json,reports,.json,1033
reports/content_packages/sig-test-001/runs/1a8215d9-be17-4048-966d-f61320bcaca1/generated.json,reports,.json,798
reports/content_packages/sig-test-001/runs/1a8215d9-be17-4048-966d-f61320bcaca1/publication_results.json,reports,.json,844
reports/content_packages/sig-test-001/runs/1abd177b-4c46-441e-993b-8d8970a50e8f/assignment.json,reports,.json,849
reports/content_packages/sig-test-001/runs/1abd177b-4c46-441e-993b-8d8970a50e8f/business_strategy.json,reports,.json,17194
reports/content_packages/sig-test-001/runs/1ad828e1-dbf0-4fc1-9c94-0982ade41067/assignment.json,reports,.json,849
reports/content_packages/sig-test-001/runs/1ad828e1-dbf0-4fc1-9c94-0982ade41067/business_strategy.json,reports,.json,17194
reports/content_packages/sig-test-001/runs/1b6bbede-1413-4c0f-a017-83a5ff4ea198/assignment.json,reports,.json,857
reports/content_packages/sig-test-001/runs/1b6bbede-1413-4c0f-a017-83a5ff4ea198/business_strategy.json,reports,.json,17194
reports/content_packages/sig-test-001/runs/1b6bbede-1413-4c0f-a017-83a5ff4ea198/editorial_acceptance.json,reports,.json,289
reports/content_packages/sig-test-001/runs/1b6bbede-1413-4c0f-a017-83a5ff4ea198/generated.json,reports,.json,1033
reports/content_packages/sig-test-001/runs/1b6bbede-1413-4c0f-a017-83a5ff4ea198/publication_results.json,reports,.json,1160
reports/content_packages/sig-test-001/runs/1ba397f2-c3f6-4ecd-b8e6-e04895f79855/assignment.json,reports,.json,857
reports/content_packages/sig-test-001/runs/1ba397f2-c3f6-4ecd-b8e6-e04895f79855/business_strategy.json,reports,.json,17194
reports/content_packages/sig-test-001/runs/1ba397f2-c3f6-4ecd-b8e6-e04895f79855/editorial_acceptance.json,reports,.json,289
reports/content_packages/sig-test-001/runs/1ba397f2-c3f6-4ecd-b8e6-e04895f79855/generated.json,reports,.json,1033
reports/content_packages/sig-test-001/runs/1ba397f2-c3f6-4ecd-b8e6-e04895f79855/publication_results.json,reports,.json,1160
reports/content_packages/sig-test-001/runs/1bbda63d-8102-4f3d-8a2b-b07a0d3899cb/business_strategy.json,reports,.json,17194
reports/content_packages/sig-test-001/runs/1bbda63d-8102-4f3d-8a2b-b07a0d3899cb/generated.json,reports,.json,1033
reports/content_packages/sig-test-001/runs/1bd88164-4da7-4dc6-9717-05610a4f49ca/business_strategy.json,reports,.json,17194
reports/content_packages/sig-test-001/runs/1c2ec1f0-8b22-4545-a99d-8cfd368dd94e/generated.json,reports,.json,932
reports/content_packages/sig-test-001/runs/1c2ec1f0-8b22-4545-a99d-8cfd368dd94e/publication_results.json,reports,.json,978
reports/content_packages/sig-test-001/runs/1c4e8a46-739b-45d2-bb8a-9dc3508e056d/assignment.json,reports,.json,849
reports/content_packages/sig-test-001/runs/1c4e8a46-739b-45d2-bb8a-9dc3508e056d/business_strategy.json,reports,.json,17194
reports/content_packages/sig-test-001/runs/1c4e8a46-739b-45d2-bb8a-9dc3508e056d/editorial_acceptance.json,reports,.json,289
reports/content_packages/sig-test-001/runs/1c4e8a46-739b-45d2-bb8a-9dc3508e056d/generated.json,reports,.json,1033
reports/content_packages/sig-test-001/runs/1c6ee6f4-f5de-4a49-a83c-3c1c03427848/assignment.json,reports,.json,849
reports/content_packages/sig-test-001/runs/1c6ee6f4-f5de-4a49-a83c-3c1c03427848/business_strategy.json,reports,.json,17194
reports/content_packages/sig-test-001/runs/1c6ee6f4-f5de-4a49-a83c-3c1c03427848/editorial_acceptance.json,reports,.json,289
reports/content_packages/sig-test-001/runs/1c6ee6f4-f5de-4a49-a83c-3c1c03427848/generated.json,reports,.json,1033
reports/content_packages/sig-test-001/runs/1c95b70b-b781-470e-8aa4-063bd618eb1f/assignment.json,reports,.json,857
reports/content_packages/sig-test-001/runs/1c95b70b-b781-470e-8aa4-063bd618eb1f/business_strategy.json,reports,.json,17194
reports/content_packages/sig-test-001/runs/1c95b70b-b781-470e-8aa4-063bd618eb1f/editorial_acceptance.json,reports,.json,289
reports/content_packages/sig-test-001/runs/1c95b70b-b781-470e-8aa4-063bd618eb1f/generated.json,reports,.json,1033
reports/content_packages/sig-test-001/runs/1c95b70b-b781-470e-8aa4-063bd618eb1f/publication_results.json,reports,.json,1160
reports/content_packages/sig-test-001/runs/1c9fa2b2-0a44-41d7-ba14-ca208ce829e5/business_strategy.json,reports,.json,17194
reports/content_packages/sig-test-001/runs/1c9fa2b2-0a44-41d7-ba14-ca208ce829e5/editorial_acceptance.json,reports,.json,236
reports/content_packages/sig-test-001/runs/1c9fa2b2-0a44-41d7-ba14-ca208ce829e5/generated.json,reports,.json,1033
reports/content_packages/sig-test-001/runs/1c9fa2b2-0a44-41d7-ba14-ca208ce829e5/publication_results.json,reports,.json,1079
reports/content_packages/sig-test-001/runs/1cc5f7d3-95e7-49ff-908c-44380da6a3f7/assignment.json,reports,.json,857
reports/content_packages/sig-test-001/runs/1cc5f7d3-95e7-49ff-908c-44380da6a3f7/business_strategy.json,reports,.json,17194
reports/content_packages/sig-test-001/runs/1cc5f7d3-95e7-49ff-908c-44380da6a3f7/editorial_acceptance.json,reports,.json,289
reports/content_packages/sig-test-001/runs/1cc5f7d3-95e7-49ff-908c-44380da6a3f7/generated.json,reports,.json,1033
reports/content_packages/sig-test-001/runs/1cc5f7d3-95e7-49ff-908c-44380da6a3f7/publication_results.json,reports,.json,1079
reports/content_packages/sig-test-001/runs/1cc70669-e74d-4aaa-984f-4870acf3605d/assignment.json,reports,.json,849
reports/content_packages/sig-test-001/runs/1cc70669-e74d-4aaa-984f-4870acf3605d/business_strategy.json,reports,.json,17194
reports/content_packages/sig-test-001/runs/1cc76b3e-da0d-4e5e-b80c-43535c3028f4/business_strategy.json,reports,.json,17194
reports/content_packages/sig-test-001/runs/1cc76b3e-da0d-4e5e-b80c-43535c3028f4/editorial_acceptance.json,reports,.json,236
reports/content_packages/sig-test-001/runs/1cc76b3e-da0d-4e5e-b80c-43535c3028f4/generated.json,reports,.json,1033
reports/content_packages/sig-test-001/runs/1ce4646d-6a5b-47ca-adf1-3ba437a641af/assignment.json,reports,.json,857
reports/content_packages/sig-test-001/runs/1ce4646d-6a5b-47ca-adf1-3ba437a641af/business_strategy.json,reports,.json,17194
reports/content_packages/sig-test-001/runs/1ce4646d-6a5b-47ca-adf1-3ba437a641af/editorial_acceptance.json,reports,.json,289
reports/content_packages/sig-test-001/runs/1ce4646d-6a5b-47ca-adf1-3ba437a641af/generated.json,reports,.json,1033
reports/content_packages/sig-test-001/runs/1ce4646d-6a5b-47ca-adf1-3ba437a641af/publication_results.json,reports,.json,1160
reports/content_packages/sig-test-001/runs/1ceac3cc-9ac5-491d-8f27-6330eba547f1/business_strategy.json,reports,.json,17194
reports/content_packages/sig-test-001/runs/1cf55583-5c76-42b2-a06f-23409b0bcca4/assignment.json,reports,.json,849
reports/content_packages/sig-test-001/runs/1cf55583-5c76-42b2-a06f-23409b0bcca4/business_strategy.json,reports,.json,17194
reports/content_packages/sig-test-001/runs/1cf55583-5c76-42b2-a06f-23409b0bcca4/editorial_acceptance.json,reports,.json,289
reports/content_packages/sig-test-001/runs/1cf55583-5c76-42b2-a06f-23409b0bcca4/generated.json,reports,.json,1033
reports/content_packages/sig-test-001/runs/1d4d175f-ee35-4d20-9747-ae21efe2d636/generated.json,reports,.json,798
reports/content_packages/sig-test-001/runs/1d5a59b1-6d7f-4132-ab58-1bc3b315d93f/business_strategy.json,reports,.json,17194
reports/content_packages/sig-test-001/runs/1d5a59b1-6d7f-4132-ab58-1bc3b315d93f/generated.json,reports,.json,1033
reports/content_packages/sig-test-001/runs/1df3fffa-6250-4984-84f9-f20800d9d045/generated.json,reports,.json,798
reports/content_packages/sig-test-001/runs/1df3fffa-6250-4984-84f9-f20800d9d045/publication_results.json,reports,.json,844
reports/content_packages/sig-test-001/runs/1e015906-2445-410f-8b4d-21d53f3ef159/generated.json,reports,.json,932
reports/content_packages/sig-test-001/runs/1e02f0a3-468b-4367-b423-7b99e4bd2233/assignment.json,reports,.json,849
reports/content_packages/sig-test-001/runs/1e02f0a3-468b-4367-b423-7b99e4bd2233/business_strategy.json,reports,.json,17194
reports/content_packages/sig-test-001/runs/1e02f0a3-468b-4367-b423-7b99e4bd2233/editorial_acceptance.json,reports,.json,289
reports/content_packages/sig-test-001/runs/1e02f0a3-468b-4367-b423-7b99e4bd2233/generated.json,reports,.json,1033
reports/content_packages/sig-test-001/runs/1e5c1e2c-e76a-4753-8519-92a8bcebcfab/assignment.json,reports,.json,857
reports/content_packages/sig-test-001/runs/1e5c1e2c-e76a-4753-8519-92a8bcebcfab/business_strategy.json,reports,.json,17194
reports/content_packages/sig-test-001/runs/1e5c1e2c-e76a-4753-8519-92a8bcebcfab/editorial_acceptance.json,reports,.json,289
reports/content_packages/sig-test-001/runs/1e5c1e2c-e76a-4753-8519-92a8bcebcfab/generated.json,reports,.json,1033
reports/content_packages/sig-test-001/runs/1e5c1e2c-e76a-4753-8519-92a8bcebcfab/publication_results.json,reports,.json,1079
reports/content_packages/sig-test-001/runs/1e735482-bb6d-495a-a69b-ab6d6b27d6c3/business_strategy.json,reports,.json,17194
reports/content_packages/sig-test-001/runs/1e735482-bb6d-495a-a69b-ab6d6b27d6c3/generated.json,reports,.json,1033
reports/content_packages/sig-test-001/runs/1e735482-bb6d-495a-a69b-ab6d6b27d6c3/publication_results.json,reports,.json,1079
reports/content_packages/sig-test-001/runs/1ef00426-1700-461b-a882-d023da9b5989/assignment.json,reports,.json,849
reports/content_packages/sig-test-001/runs/1ef00426-1700-461b-a882-d023da9b5989/business_strategy.json,reports,.json,17194
reports/content_packages/sig-test-001/runs/1ef00426-1700-461b-a882-d023da9b5989/editorial_acceptance.json,reports,.json,289
reports/content_packages/sig-test-001/runs/1ef00426-1700-461b-a882-d023da9b5989/generated.json,reports,.json,1033
reports/content_packages/sig-test-001/runs/1ef19422-2323-4f43-8023-b19b50d8095b/business_strategy.json,reports,.json,17194
reports/content_packages/sig-test-001/runs/1ef19422-2323-4f43-8023-b19b50d8095b/editorial_acceptance.json,reports,.json,236
reports/content_packages/sig-test-001/runs/1ef19422-2323-4f43-8023-b19b50d8095b/generated.json,reports,.json,1033
reports/content_packages/sig-test-001/runs/1ef19422-2323-4f43-8023-b19b50d8095b/publication_results.json,reports,.json,1079
reports/content_packages/sig-test-001/runs/1f06c1ef-e751-49d4-96b9-7a7d2de6ba17/assignment.json,reports,.json,849
reports/content_packages/sig-test-001/runs/1f06c1ef-e751-49d4-96b9-7a7d2de6ba17/business_strategy.json,reports,.json,17194
reports/content_packages/sig-test-001/runs/1f06c1ef-e751-49d4-96b9-7a7d2de6ba17/editorial_acceptance.json,reports,.json,289
reports/content_packages/sig-test-001/runs/1f06c1ef-e751-49d4-96b9-7a7d2de6ba17/generated.json,reports,.json,1033
reports/content_packages/sig-test-001/runs/1f11b4da-01b7-4948-ab67-ab931d2af8fc/assignment.json,reports,.json,849
reports/content_packages/sig-test-001/runs/1f11b4da-01b7-4948-ab67-ab931d2af8fc/business_strategy.json,reports,.json,17194
reports/content_packages/sig-test-001/runs/1f11b4da-01b7-4948-ab67-ab931d2af8fc/editorial_acceptance.json,reports,.json,289
reports/content_packages/sig-test-001/runs/1f11b4da-01b7-4948-ab67-ab931d2af8fc/generated.json,reports,.json,1033
reports/content_packages/sig-test-001/runs/1f1cf56f-9448-4ce8-8e0a-95d2c1e4fdd4/business_strategy.json,reports,.json,17194
reports/content_packages/sig-test-001/runs/1f1cf56f-9448-4ce8-8e0a-95d2c1e4fdd4/generated.json,reports,.json,1033
reports/content_packages/sig-test-001/runs/1f32acad-05f2-4be1-bc44-200a496a5a10/business_strategy.json,reports,.json,17194
reports/content_packages/sig-test-001/runs/1f381ab2-0ed8-4cdd-a7a1-3541ac02f996/assignment.json,reports,.json,857
reports/content_packages/sig-test-001/runs/1f381ab2-0ed8-4cdd-a7a1-3541ac02f996/business_strategy.json,reports,.json,17194
reports/content_packages/sig-test-001/runs/1f381ab2-0ed8-4cdd-a7a1-3541ac02f996/editorial_acceptance.json,reports,.json,289
reports/content_packages/sig-test-001/runs/1f381ab2-0ed8-4cdd-a7a1-3541ac02f996/generated.json,reports,.json,1033
reports/content_packages/sig-test-001/runs/1f381ab2-0ed8-4cdd-a7a1-3541ac02f996/publication_results.json,reports,.json,1079
reports/content_packages/sig-test-001/runs/1f49157c-25be-4404-b3c8-c91fe68fc1c9/business_strategy.json,reports,.json,17194
reports/content_packages/sig-test-001/runs/1f49157c-25be-4404-b3c8-c91fe68fc1c9/generated.json,reports,.json,1033
reports/content_packages/sig-test-001/runs/1f49157c-25be-4404-b3c8-c91fe68fc1c9/publication_results.json,reports,.json,1079
reports/content_packages/sig-test-001/runs/1f6f668c-a937-420d-8e3c-14f2f563eb2e/business_strategy.json,reports,.json,17194
reports/content_packages/sig-test-001/runs/1f6f668c-a937-420d-8e3c-14f2f563eb2e/editorial_acceptance.json,reports,.json,236
reports/content_packages/sig-test-001/runs/1f6f668c-a937-420d-8e3c-14f2f563eb2e/generated.json,reports,.json,1033
reports/content_packages/sig-test-001/runs/1f6f668c-a937-420d-8e3c-14f2f563eb2e/publication_results.json,reports,.json,1079
reports/content_packages/sig-test-001/runs/2024b22e-7e4f-4ba5-9a3a-113cca21b05f/business_strategy.json,reports,.json,17194
reports/content_packages/sig-test-001/runs/2024b22e-7e4f-4ba5-9a3a-113cca21b05f/generated.json,reports,.json,1033
reports/content_packages/sig-test-001/runs/20489178-a74d-4bb5-b1e2-f5d3137f3f06/generated.json,reports,.json,932
reports/content_packages/sig-test-001/runs/20518c3f-ecdc-4e23-a798-2a5baa42a0da/business_strategy.json,reports,.json,17194
reports/content_packages/sig-test-001/runs/20518c3f-ecdc-4e23-a798-2a5baa42a0da/editorial_acceptance.json,reports,.json,236
reports/content_packages/sig-test-001/runs/20518c3f-ecdc-4e23-a798-2a5baa42a0da/generated.json,reports,.json,1033
reports/content_packages/sig-test-001/runs/2057d633-60a8-4b6b-808c-76415468e676/assignment.json,reports,.json,857
reports/content_packages/sig-test-001/runs/2057d633-60a8-4b6b-808c-76415468e676/business_strategy.json,reports,.json,17194
reports/content_packages/sig-test-001/runs/2058a6b0-2126-482d-81cd-315ea7518cf2/assignment.json,reports,.json,857
reports/content_packages/sig-test-001/runs/2058a6b0-2126-482d-81cd-315ea7518cf2/business_strategy.json,reports,.json,17194
reports/content_packages/sig-test-001/runs/2058a6b0-2126-482d-81cd-315ea7518cf2/editorial_acceptance.json,reports,.json,289
reports/content_packages/sig-test-001/runs/2058a6b0-2126-482d-81cd-315ea7518cf2/generated.json,reports,.json,1033
reports/content_packages/sig-test-001/runs/2058a6b0-2126-482d-81cd-315ea7518cf2/publication_results.json,reports,.json,1160
reports/content_packages/sig-test-001/runs/2080bedc-0bc0-4c00-91d9-7e7d7c6f3ded/assignment.json,reports,.json,857
reports/content_packages/sig-test-001/runs/2080bedc-0bc0-4c00-91d9-7e7d7c6f3ded/business_strategy.json,reports,.json,17194
reports/content_packages/sig-test-001/runs/2080bedc-0bc0-4c00-91d9-7e7d7c6f3ded/editorial_acceptance.json,reports,.json,289
reports/content_packages/sig-test-001/runs/2080bedc-0bc0-4c00-91d9-7e7d7c6f3ded/generated.json,reports,.json,1033
reports/content_packages/sig-test-001/runs/2080bedc-0bc0-4c00-91d9-7e7d7c6f3ded/publication_results.json,reports,.json,1239
reports/content_packages/sig-test-001/runs/20829a0f-e18e-48c7-9fc6-fceaa1baece1/assignment.json,reports,.json,849
reports/content_packages/sig-test-001/runs/20829a0f-e18e-48c7-9fc6-fceaa1baece1/business_strategy.json,reports,.json,17194
reports/content_packages/sig-test-001/runs/20829a0f-e18e-48c7-9fc6-fceaa1baece1/editorial_acceptance.json,reports,.json,289
reports/content_packages/sig-test-001/runs/20829a0f-e18e-48c7-9fc6-fceaa1baece1/generated.json,reports,.json,1033
reports/content_packages/sig-test-001/runs/20bad6aa-d234-4124-8247-5b7754ddd75c/generated.json,reports,.json,932
reports/content_packages/sig-test-001/runs/20bad6aa-d234-4124-8247-5b7754ddd75c/publication_results.json,reports,.json,978
reports/content_packages/sig-test-001/runs/20d71510-fe2e-41e6-aa5f-a49e7aa780d3/assignment.json,reports,.json,849
reports/content_packages/sig-test-001/runs/20d71510-fe2e-41e6-aa5f-a49e7aa780d3/business_strategy.json,reports,.json,17194
reports/content_packages/sig-test-001/runs/20d71510-fe2e-41e6-aa5f-a49e7aa780d3/editorial_acceptance.json,reports,.json,289
reports/content_packages/sig-test-001/runs/20d71510-fe2e-41e6-aa5f-a49e7aa780d3/generated.json,reports,.json,1033
reports/content_packages/sig-test-001/runs/20fe3a51-3600-4de8-99b7-76b7dedc3ce1/business_strategy.json,reports,.json,17194
reports/content_packages/sig-test-001/runs/20fe3a51-3600-4de8-99b7-76b7dedc3ce1/generated.json,reports,.json,1033
reports/content_packages/sig-test-001/runs/2116983f-6f96-469a-8af4-95abc76ea3b7/assignment.json,reports,.json,857
reports/content_packages/sig-test-001/runs/2116983f-6f96-469a-8af4-95abc76ea3b7/business_strategy.json,reports,.json,17194
reports/content_packages/sig-test-001/runs/2116983f-6f96-469a-8af4-95abc76ea3b7/editorial_acceptance.json,reports,.json,289
reports/content_packages/sig-test-001/runs/2116983f-6f96-469a-8af4-95abc76ea3b7/generated.json,reports,.json,1033
reports/content_packages/sig-test-001/runs/2116983f-6f96-469a-8af4-95abc76ea3b7/publication_results.json,reports,.json,1079
reports/content_packages/sig-test-001/runs/211fb12a-87cf-4ae2-9cfc-955a7afa4f29/assignment.json,reports,.json,849
reports/content_packages/sig-test-001/runs/211fb12a-87cf-4ae2-9cfc-955a7afa4f29/business_strategy.json,reports,.json,17194
reports/content_packages/sig-test-001/runs/211fb12a-87cf-4ae2-9cfc-955a7afa4f29/editorial_acceptance.json,reports,.json,289
reports/content_packages/sig-test-001/runs/211fb12a-87cf-4ae2-9cfc-955a7afa4f29/generated.json,reports,.json,1033
reports/content_packages/sig-test-001/runs/21285543-8763-4bab-8333-79969fc0f802/generated.json,reports,.json,798
reports/content_packages/sig-test-001/runs/21285543-8763-4bab-8333-79969fc0f802/publication_results.json,reports,.json,844
reports/content_packages/sig-test-001/runs/214c4f7f-a950-4330-8076-b9965495916f/assignment.json,reports,.json,849
reports/content_packages/sig-test-001/runs/214c4f7f-a950-4330-8076-b9965495916f/business_strategy.json,reports,.json,17194
reports/content_packages/sig-test-001/runs/214c4f7f-a950-4330-8076-b9965495916f/editorial_acceptance.json,reports,.json,289
reports/content_packages/sig-test-001/runs/214c4f7f-a950-4330-8076-b9965495916f/generated.json,reports,.json,1033
reports/content_packages/sig-test-001/runs/217142e1-8af7-4015-aebd-23c890ccf580/business_strategy.json,reports,.json,17194
reports/content_packages/sig-test-001/runs/217142e1-8af7-4015-aebd-23c890ccf580/editorial_acceptance.json,reports,.json,236
reports/content_packages/sig-test-001/runs/217142e1-8af7-4015-aebd-23c890ccf580/generated.json,reports,.json,1033
reports/content_packages/sig-test-001/runs/217142e1-8af7-4015-aebd-23c890ccf580/publication_results.json,reports,.json,1079
reports/content_packages/sig-test-001/runs/21768540-8be3-41f2-906d-eef9922c71c7/business_strategy.json,reports,.json,17194
reports/content_packages/sig-test-001/runs/21768540-8be3-41f2-906d-eef9922c71c7/generated.json,reports,.json,1033
reports/content_packages/sig-test-001/runs/21768540-8be3-41f2-906d-eef9922c71c7/publication_results.json,reports,.json,1079
reports/content_packages/sig-test-001/runs/2193403f-a76c-4723-990b-00a45f16c9de/business_strategy.json,reports,.json,17194
reports/content_packages/sig-test-001/runs/2193403f-a76c-4723-990b-00a45f16c9de/generated.json,reports,.json,1228
reports/content_packages/sig-test-001/runs/2193403f-a76c-4723-990b-00a45f16c9de/publication_results.json,reports,.json,1079
reports/content_packages/sig-test-001/runs/219cd237-4777-44c9-bfaf-632a8b0349ae/assignment.json,reports,.json,857
reports/content_packages/sig-test-001/runs/219cd237-4777-44c9-bfaf-632a8b0349ae/business_strategy.json,reports,.json,17194
reports/content_packages/sig-test-001/runs/219cd237-4777-44c9-bfaf-632a8b0349ae/editorial_acceptance.json,reports,.json,289
reports/content_packages/sig-test-001/runs/219cd237-4777-44c9-bfaf-632a8b0349ae/generated.json,reports,.json,1033
reports/content_packages/sig-test-001/runs/219cd237-4777-44c9-bfaf-632a8b0349ae/publication_results.json,reports,.json,1160
reports/content_packages/sig-test-001/runs/21b77630-8336-40b1-9665-1a9c5576f278/business_strategy.json,reports,.json,17194
reports/content_packages/sig-test-001/runs/21b77630-8336-40b1-9665-1a9c5576f278/editorial_acceptance.json,reports,.json,236
reports/content_packages/sig-test-001/runs/21b77630-8336-40b1-9665-1a9c5576f278/generated.json,reports,.json,1033
reports/content_packages/sig-test-001/runs/21b77630-8336-40b1-9665-1a9c5576f278/publication_results.json,reports,.json,1079
reports/content_packages/sig-test-001/runs/21e733f9-830e-43d9-9b40-d01626f90443/business_strategy.json,reports,.json,17194
reports/content_packages/sig-test-001/runs/21e733f9-830e-43d9-9b40-d01626f90443/editorial_acceptance.json,reports,.json,236
reports/content_packages/sig-test-001/runs/21e733f9-830e-43d9-9b40-d01626f90443/generated.json,reports,.json,1033
reports/content_packages/sig-test-001/runs/2236e3f2-cee2-40ac-93f2-1ce00be9ceb7/assignment.json,reports,.json,857
reports/content_packages/sig-test-001/runs/2236e3f2-cee2-40ac-93f2-1ce00be9ceb7/business_strategy.json,reports,.json,17194
reports/content_packages/sig-test-001/runs/2236e3f2-cee2-40ac-93f2-1ce00be9ceb7/editorial_acceptance.json,reports,.json,289
reports/content_packages/sig-test-001/runs/2236e3f2-cee2-40ac-93f2-1ce00be9ceb7/generated.json,reports,.json,1033
reports/content_packages/sig-test-001/runs/2236e3f2-cee2-40ac-93f2-1ce00be9ceb7/publication_results.json,reports,.json,1160
reports/content_packages/sig-test-001/runs/225d4981-ff1f-4bfb-a3d5-5643a781b278/assignment.json,reports,.json,849
reports/content_packages/sig-test-001/runs/225d4981-ff1f-4bfb-a3d5-5643a781b278/business_strategy.json,reports,.json,17194
reports/content_packages/sig-test-001/runs/225d4981-ff1f-4bfb-a3d5-5643a781b278/run_report.json,reports,.json,887
reports/content_packages/sig-test-001/runs/22a93895-1fb9-47b4-aa5b-f6f7ae226de8/business_strategy.json,reports,.json,17194
reports/content_packages/sig-test-001/runs/22a93895-1fb9-47b4-aa5b-f6f7ae226de8/editorial_acceptance.json,reports,.json,236
reports/content_packages/sig-test-001/runs/22a93895-1fb9-47b4-aa5b-f6f7ae226de8/generated.json,reports,.json,1033
reports/content_packages/sig-test-001/runs/22bdb114-24cb-48d6-bdb9-67bb04f0a8d3/business_strategy.json,reports,.json,17194
reports/content_packages/sig-test-001/runs/22bdb114-24cb-48d6-bdb9-67bb04f0a8d3/editorial_acceptance.json,reports,.json,236
reports/content_packages/sig-test-001/runs/22bdb114-24cb-48d6-bdb9-67bb04f0a8d3/generated.json,reports,.json,1033
reports/content_packages/sig-test-001/runs/22bdb114-24cb-48d6-bdb9-67bb04f0a8d3/publication_results.json,reports,.json,1079
reports/content_packages/sig-test-001/runs/22f980fe-a1cd-457b-9429-43502957c315/business_strategy.json,reports,.json,17194
reports/content_packages/sig-test-001/runs/22f980fe-a1cd-457b-9429-43502957c315/generated.json,reports,.json,1033
reports/content_packages/sig-test-001/runs/23472f10-92dd-4601-b4d0-d0815906f95c/assignment.json,reports,.json,849
reports/content_packages/sig-test-001/runs/23472f10-92dd-4601-b4d0-d0815906f95c/business_strategy.json,reports,.json,17194
reports/content_packages/sig-test-001/runs/238fd14c-fb20-4b7e-9d38-143485272534/assignment.json,reports,.json,857
reports/content_packages/sig-test-001/runs/238fd14c-fb20-4b7e-9d38-143485272534/business_strategy.json,reports,.json,17194
reports/content_packages/sig-test-001/runs/238fd14c-fb20-4b7e-9d38-143485272534/editorial_acceptance.json,reports,.json,289
reports/content_packages/sig-test-001/runs/238fd14c-fb20-4b7e-9d38-143485272534/generated.json,reports,.json,1033
reports/content_packages/sig-test-001/runs/238fd14c-fb20-4b7e-9d38-143485272534/publication_results.json,reports,.json,1160
reports/content_packages/sig-test-001/runs/239bc0c8-291a-4b58-b86c-1708e18e6d4b/business_strategy.json,reports,.json,17194
reports/content_packages/sig-test-001/runs/239bc0c8-291a-4b58-b86c-1708e18e6d4b/generated.json,reports,.json,1033
reports/content_packages/sig-test-001/runs/23c39778-c1d8-42b6-9969-48065f7e6d20/assignment.json,reports,.json,857
reports/content_packages/sig-test-001/runs/23c39778-c1d8-42b6-9969-48065f7e6d20/business_strategy.json,reports,.json,17194
reports/content_packages/sig-test-001/runs/23c39778-c1d8-42b6-9969-48065f7e6d20/editorial_acceptance.json,reports,.json,289
reports/content_packages/sig-test-001/runs/23c39778-c1d8-42b6-9969-48065f7e6d20/generated.json,reports,.json,1033
reports/content_packages/sig-test-001/runs/23c39778-c1d8-42b6-9969-48065f7e6d20/publication_results.json,reports,.json,1079
reports/content_packages/sig-test-001/runs/23cc9cb3-cd9f-48de-b818-8185dc6f64b5/business_strategy.json,reports,.json,17194
reports/content_packages/sig-test-001/runs/23cc9cb3-cd9f-48de-b818-8185dc6f64b5/generated.json,reports,.json,1033
reports/content_packages/sig-test-001/runs/24189888-4dce-41a4-9359-33d77dcbf12d/assignment.json,reports,.json,849
reports/content_packages/sig-test-001/runs/24189888-4dce-41a4-9359-33d77dcbf12d/business_strategy.json,reports,.json,17194
reports/content_packages/sig-test-001/runs/24189888-4dce-41a4-9359-33d77dcbf12d/editorial_acceptance.json,reports,.json,289
reports/content_packages/sig-test-001/runs/24189888-4dce-41a4-9359-33d77dcbf12d/generated.json,reports,.json,1033
reports/content_packages/sig-test-001/runs/244af469-d9db-4fd2-b0d0-6460958bbfd3/business_strategy.json,reports,.json,17194
reports/content_packages/sig-test-001/runs/24bbe344-f7de-4804-a209-109cdaae181d/assignment.json,reports,.json,849
reports/content_packages/sig-test-001/runs/24bbe344-f7de-4804-a209-109cdaae181d/business_strategy.json,reports,.json,17194
reports/content_packages/sig-test-001/runs/24dcd7e2-a822-44fc-a69a-39761a6e0416/business_strategy.json,reports,.json,17194
reports/content_packages/sig-test-001/runs/24dcd7e2-a822-44fc-a69a-39761a6e0416/generated.json,reports,.json,1033
reports/content_packages/sig-test-001/runs/250d83a7-1525-4b8a-9b3b-ee5b3188f6b4/business_strategy.json,reports,.json,17194
reports/content_packages/sig-test-001/runs/250d83a7-1525-4b8a-9b3b-ee5b3188f6b4/generated.json,reports,.json,1033
reports/content_packages/sig-test-001/runs/250d83a7-1525-4b8a-9b3b-ee5b3188f6b4/publication_results.json,reports,.json,1079
reports/content_packages/sig-test-001/runs/2526fbf0-4fad-4dbf-b6cd-34bd1f160bf1/assignment.json,reports,.json,849
reports/content_packages/sig-test-001/runs/2526fbf0-4fad-4dbf-b6cd-34bd1f160bf1/business_strategy.json,reports,.json,17194
reports/content_packages/sig-test-001/runs/2526fbf0-4fad-4dbf-b6cd-34bd1f160bf1/editorial_acceptance.json,reports,.json,289
reports/content_packages/sig-test-001/runs/2526fbf0-4fad-4dbf-b6cd-34bd1f160bf1/generated.json,reports,.json,1033
reports/content_packages/sig-test-001/runs/2533d814-ce7a-4744-b351-0e403bf84286/business_strategy.json,reports,.json,17194
reports/content_packages/sig-test-001/runs/259c741b-35ad-434c-b9b6-3cc200401fd4/business_strategy.json,reports,.json,17194
reports/content_packages/sig-test-001/runs/259c741b-35ad-434c-b9b6-3cc200401fd4/editorial_acceptance.json,reports,.json,236
reports/content_packages/sig-test-001/runs/259c741b-35ad-434c-b9b6-3cc200401fd4/generated.json,reports,.json,1033
reports/content_packages/sig-test-001/runs/259e546a-d5b0-42e2-99ed-a5ea2bad5308/assignment.json,reports,.json,849
reports/content_packages/sig-test-001/runs/259e546a-d5b0-42e2-99ed-a5ea2bad5308/business_strategy.json,reports,.json,17194
reports/content_packages/sig-test-001/runs/259e546a-d5b0-42e2-99ed-a5ea2bad5308/editorial_acceptance.json,reports,.json,289
reports/content_packages/sig-test-001/runs/259e546a-d5b0-42e2-99ed-a5ea2bad5308/generated.json,reports,.json,1033
reports/content_packages/sig-test-001/runs/25cabc73-3c39-40b5-89ec-601c1e57e6df/business_strategy.json,reports,.json,17194
reports/content_packages/sig-test-001/runs/25cabc73-3c39-40b5-89ec-601c1e57e6df/editorial_acceptance.json,reports,.json,236
reports/content_packages/sig-test-001/runs/25cabc73-3c39-40b5-89ec-601c1e57e6df/generated.json,reports,.json,1033
reports/content_packages/sig-test-001/runs/25f003a6-0e3d-4d7d-881d-f1c21d10346e/assignment.json,reports,.json,849
reports/content_packages/sig-test-001/runs/25f003a6-0e3d-4d7d-881d-f1c21d10346e/business_strategy.json,reports,.json,17194
reports/content_packages/sig-test-001/runs/25f003a6-0e3d-4d7d-881d-f1c21d10346e/editorial_acceptance.json,reports,.json,289
reports/content_packages/sig-test-001/runs/25f003a6-0e3d-4d7d-881d-f1c21d10346e/generated.json,reports,.json,1033
reports/content_packages/sig-test-001/runs/262bff0f-bc0c-4023-bf76-0f1f209e10c6/generated.json,reports,.json,798
reports/content_packages/sig-test-001/runs/26a0e025-d612-4ab0-afde-edd9f7e6b860/business_strategy.json,reports,.json,17194
reports/content_packages/sig-test-001/runs/26a0e025-d612-4ab0-afde-edd9f7e6b860/editorial_acceptance.json,reports,.json,236
reports/content_packages/sig-test-001/runs/26a0e025-d612-4ab0-afde-edd9f7e6b860/generated.json,reports,.json,1033
reports/content_packages/sig-test-001/runs/26a0e025-d612-4ab0-afde-edd9f7e6b860/publication_results.json,reports,.json,1079
reports/content_packages/sig-test-001/runs/26af8503-31de-4cfb-8c08-576ed7740866/business_strategy.json,reports,.json,17194
reports/content_packages/sig-test-001/runs/26af8503-31de-4cfb-8c08-576ed7740866/generated.json,reports,.json,1228
reports/content_packages/sig-test-001/runs/26e9d2bc-1b55-41ac-9219-72327047379a/business_strategy.json,reports,.json,17194
reports/content_packages/sig-test-001/runs/26e9d2bc-1b55-41ac-9219-72327047379a/editorial_acceptance.json,reports,.json,236
reports/content_packages/sig-test-001/runs/26e9d2bc-1b55-41ac-9219-72327047379a/generated.json,reports,.json,1033
reports/content_packages/sig-test-001/runs/26fdd418-47af-4bc2-a5da-89a4042d9969/business_strategy.json,reports,.json,17194
reports/content_packages/sig-test-001/runs/26fdd418-47af-4bc2-a5da-89a4042d9969/generated.json,reports,.json,1033
reports/content_packages/sig-test-001/runs/2726b4ae-38ae-46fd-9589-934a7ec92a5c/business_strategy.json,reports,.json,17194
reports/content_packages/sig-test-001/runs/2726b4ae-38ae-46fd-9589-934a7ec92a5c/editorial_acceptance.json,reports,.json,236
reports/content_packages/sig-test-001/runs/2726b4ae-38ae-46fd-9589-934a7ec92a5c/generated.json,reports,.json,1033
reports/content_packages/sig-test-001/runs/276b64ac-b406-4b03-8d59-53a227deec8e/business_strategy.json,reports,.json,17194
reports/content_packages/sig-test-001/runs/276b64ac-b406-4b03-8d59-53a227deec8e/generated.json,reports,.json,1033
reports/content_packages/sig-test-001/runs/2776ffec-fefc-4e86-9c57-8b1c291410b4/business_strategy.json,reports,.json,17194
reports/content_packages/sig-test-001/runs/2776ffec-fefc-4e86-9c57-8b1c291410b4/generated.json,reports,.json,1033
reports/content_packages/sig-test-001/runs/279c6320-ea33-461c-98c5-6854ac4c68d3/business_strategy.json,reports,.json,17194
reports/content_packages/sig-test-001/runs/279c6320-ea33-461c-98c5-6854ac4c68d3/generated.json,reports,.json,1033
reports/content_packages/sig-test-001/runs/27cd7a24-802b-4ac4-a0cc-7179bcf8f681/assignment.json,reports,.json,857
reports/content_packages/sig-test-001/runs/27cd7a24-802b-4ac4-a0cc-7179bcf8f681/business_strategy.json,reports,.json,17194
reports/content_packages/sig-test-001/runs/27f4ba15-8402-41db-99cc-319877b4bd95/business_strategy.json,reports,.json,17194
reports/content_packages/sig-test-001/runs/27f4ba15-8402-41db-99cc-319877b4bd95/generated.json,reports,.json,1033
reports/content_packages/sig-test-001/runs/28076c45-28b8-479d-9198-b74f41c18fab/business_strategy.json,reports,.json,17194
reports/content_packages/sig-test-001/runs/28076c45-28b8-479d-9198-b74f41c18fab/editorial_acceptance.json,reports,.json,236
reports/content_packages/sig-test-001/runs/28076c45-28b8-479d-9198-b74f41c18fab/generated.json,reports,.json,1033
reports/content_packages/sig-test-001/runs/2832dcc1-aa0e-4c0d-a8c9-c810402c96f9/business_strategy.json,reports,.json,17194
reports/content_packages/sig-test-001/runs/2832dcc1-aa0e-4c0d-a8c9-c810402c96f9/generated.json,reports,.json,1033
reports/content_packages/sig-test-001/runs/28b18c0a-a14b-4ce9-99ea-ff16c4ae7e54/assignment.json,reports,.json,849
reports/content_packages/sig-test-001/runs/28b18c0a-a14b-4ce9-99ea-ff16c4ae7e54/business_strategy.json,reports,.json,17194
reports/content_packages/sig-test-001/runs/28c1b5a5-7551-4cb9-86e5-31fe0dc3d1bc/assignment.json,reports,.json,849
reports/content_packages/sig-test-001/runs/28c1b5a5-7551-4cb9-86e5-31fe0dc3d1bc/business_strategy.json,reports,.json,17194
reports/content_packages/sig-test-001/runs/28c1b5a5-7551-4cb9-86e5-31fe0dc3d1bc/editorial_acceptance.json,reports,.json,289
reports/content_packages/sig-test-001/runs/28c1b5a5-7551-4cb9-86e5-31fe0dc3d1bc/generated.json,reports,.json,1033
reports/content_packages/sig-test-001/runs/2909b098-475f-486f-bad9-fa25483eeb95/assignment.json,reports,.json,857
reports/content_packages/sig-test-001/runs/2909b098-475f-486f-bad9-fa25483eeb95/business_strategy.json,reports,.json,17194
reports/content_packages/sig-test-001/runs/2909b098-475f-486f-bad9-fa25483eeb95/editorial_acceptance.json,reports,.json,289
reports/content_packages/sig-test-001/runs/2909b098-475f-486f-bad9-fa25483eeb95/generated.json,reports,.json,1033
reports/content_packages/sig-test-001/runs/2909b098-475f-486f-bad9-fa25483eeb95/publication_results.json,reports,.json,1160
reports/content_packages/sig-test-001/runs/290faf74-1719-4818-a9eb-349b3200266e/assignment.json,reports,.json,857
reports/content_packages/sig-test-001/runs/290faf74-1719-4818-a9eb-349b3200266e/business_strategy.json,reports,.json,17194
reports/content_packages/sig-test-001/runs/290faf74-1719-4818-a9eb-349b3200266e/editorial_acceptance.json,reports,.json,289
reports/content_packages/sig-test-001/runs/290faf74-1719-4818-a9eb-349b3200266e/generated.json,reports,.json,1033
reports/content_packages/sig-test-001/runs/290faf74-1719-4818-a9eb-349b3200266e/publication_results.json,reports,.json,1282
reports/content_packages/sig-test-001/runs/292cb630-63a9-4941-88fe-743eab7814c1/assignment.json,reports,.json,857
reports/content_packages/sig-test-001/runs/292cb630-63a9-4941-88fe-743eab7814c1/business_strategy.json,reports,.json,17194
reports/content_packages/sig-test-001/runs/29381298-e508-44e0-b0ea-63c8ce19d6f8/assignment.json,reports,.json,857
reports/content_packages/sig-test-001/runs/29381298-e508-44e0-b0ea-63c8ce19d6f8/business_strategy.json,reports,.json,17194
reports/content_packages/sig-test-001/runs/29381298-e508-44e0-b0ea-63c8ce19d6f8/editorial_acceptance.json,reports,.json,289
reports/content_packages/sig-test-001/runs/29381298-e508-44e0-b0ea-63c8ce19d6f8/generated.json,reports,.json,1033
reports/content_packages/sig-test-001/runs/29381298-e508-44e0-b0ea-63c8ce19d6f8/publication_results.json,reports,.json,1160
reports/content_packages/sig-test-001/runs/29542ef6-8775-476b-a90e-7682fdc2f4fe/assignment.json,reports,.json,849
reports/content_packages/sig-test-001/runs/29542ef6-8775-476b-a90e-7682fdc2f4fe/business_strategy.json,reports,.json,17194
reports/content_packages/sig-test-001/runs/29542ef6-8775-476b-a90e-7682fdc2f4fe/editorial_acceptance.json,reports,.json,289
reports/content_packages/sig-test-001/runs/29542ef6-8775-476b-a90e-7682fdc2f4fe/generated.json,reports,.json,1033
reports/content_packages/sig-test-001/runs/2957182e-966e-405c-a293-d310296b6574/generated.json,reports,.json,932
reports/content_packages/sig-test-001/runs/2967562c-4e2c-4cdd-8bca-f122a60b781c/assignment.json,reports,.json,849
reports/content_packages/sig-test-001/runs/2967562c-4e2c-4cdd-8bca-f122a60b781c/business_strategy.json,reports,.json,17194
reports/content_packages/sig-test-001/runs/2967562c-4e2c-4cdd-8bca-f122a60b781c/editorial_acceptance.json,reports,.json,289
reports/content_packages/sig-test-001/runs/2967562c-4e2c-4cdd-8bca-f122a60b781c/generated.json,reports,.json,1033
reports/content_packages/sig-test-001/runs/297ddab9-385d-475c-bf81-66eed2529c7b/business_strategy.json,reports,.json,17194
reports/content_packages/sig-test-001/runs/297ddab9-385d-475c-bf81-66eed2529c7b/editorial_acceptance.json,reports,.json,236
reports/content_packages/sig-test-001/runs/297ddab9-385d-475c-bf81-66eed2529c7b/generated.json,reports,.json,1033
reports/content_packages/sig-test-001/runs/297ddab9-385d-475c-bf81-66eed2529c7b/publication_results.json,reports,.json,1079
reports/content_packages/sig-test-001/runs/299c80fa-8fd3-4d61-ac23-9c755d0df8a0/business_strategy.json,reports,.json,17194
reports/content_packages/sig-test-001/runs/299c80fa-8fd3-4d61-ac23-9c755d0df8a0/generated.json,reports,.json,1033
reports/content_packages/sig-test-001/runs/29ee56f3-9b32-4df4-8d84-fa688f8a233e/assignment.json,reports,.json,849
reports/content_packages/sig-test-001/runs/29ee56f3-9b32-4df4-8d84-fa688f8a233e/business_strategy.json,reports,.json,17194
reports/content_packages/sig-test-001/runs/29ee56f3-9b32-4df4-8d84-fa688f8a233e/editorial_acceptance.json,reports,.json,289
reports/content_packages/sig-test-001/runs/29ee56f3-9b32-4df4-8d84-fa688f8a233e/generated.json,reports,.json,1033
reports/content_packages/sig-test-001/runs/2a2e3b01-406b-4f02-a5e7-02662adc2867/assignment.json,reports,.json,849
reports/content_packages/sig-test-001/runs/2a2e3b01-406b-4f02-a5e7-02662adc2867/business_strategy.json,reports,.json,17194
reports/content_packages/sig-test-001/runs/2a5e83bb-ffb3-45c1-9dfa-71584cb1cfd1/generated.json,reports,.json,798
reports/content_packages/sig-test-001/runs/2a8819a3-0add-4542-a7d0-1151107f43fc/assignment.json,reports,.json,857
reports/content_packages/sig-test-001/runs/2a8819a3-0add-4542-a7d0-1151107f43fc/business_strategy.json,reports,.json,17194
reports/content_packages/sig-test-001/runs/2a8819a3-0add-4542-a7d0-1151107f43fc/editorial_acceptance.json,reports,.json,289
reports/content_packages/sig-test-001/runs/2a8819a3-0add-4542-a7d0-1151107f43fc/generated.json,reports,.json,1033
reports/content_packages/sig-test-001/runs/2a8819a3-0add-4542-a7d0-1151107f43fc/publication_results.json,reports,.json,1160
reports/content_packages/sig-test-001/runs/2abb4f9a-21c6-4386-ae9e-a5ef44ec6a8f/business_strategy.json,reports,.json,17194
reports/content_packages/sig-test-001/runs/2abb4f9a-21c6-4386-ae9e-a5ef44ec6a8f/editorial_acceptance.json,reports,.json,236
reports/content_packages/sig-test-001/runs/2abb4f9a-21c6-4386-ae9e-a5ef44ec6a8f/generated.json,reports,.json,1033
reports/content_packages/sig-test-001/runs/2adaa50b-d84a-4015-b332-d1d707f10430/business_strategy.json,reports,.json,17194
reports/content_packages/sig-test-001/runs/2afdb14a-4548-4633-9704-f4888f14b69d/generated.json,reports,.json,798
reports/content_packages/sig-test-001/runs/2afdb14a-4548-4633-9704-f4888f14b69d/publication_results.json,reports,.json,844
reports/content_packages/sig-test-001/runs/2b09503e-8c45-4ee9-af65-4238cf9572a1/business_strategy.json,reports,.json,17194
reports/content_packages/sig-test-001/runs/2ba524b8-8500-4918-93ca-47a464990792/business_strategy.json,reports,.json,17194
reports/content_packages/sig-test-001/runs/2ba524b8-8500-4918-93ca-47a464990792/editorial_acceptance.json,reports,.json,236
reports/content_packages/sig-test-001/runs/2ba524b8-8500-4918-93ca-47a464990792/generated.json,reports,.json,1033
reports/content_packages/sig-test-001/runs/2bbe484f-31b1-4c54-a0b7-97fae06f0561/assignment.json,reports,.json,849
reports/content_packages/sig-test-001/runs/2bbe484f-31b1-4c54-a0b7-97fae06f0561/business_strategy.json,reports,.json,17194
reports/content_packages/sig-test-001/runs/2bbe484f-31b1-4c54-a0b7-97fae06f0561/editorial_acceptance.json,reports,.json,289
reports/content_packages/sig-test-001/runs/2bbe484f-31b1-4c54-a0b7-97fae06f0561/generated.json,reports,.json,1033
reports/content_packages/sig-test-001/runs/2c09728e-7b8c-41c3-8617-7694363defeb/assignment.json,reports,.json,849
reports/content_packages/sig-test-001/runs/2c09728e-7b8c-41c3-8617-7694363defeb/business_strategy.json,reports,.json,17194
reports/content_packages/sig-test-001/runs/2c09728e-7b8c-41c3-8617-7694363defeb/editorial_acceptance.json,reports,.json,289
reports/content_packages/sig-test-001/runs/2c09728e-7b8c-41c3-8617-7694363defeb/generated.json,reports,.json,1033
reports/content_packages/sig-test-001/runs/2c32db4c-1c1e-4023-aefb-233718847c5f/assignment.json,reports,.json,857
reports/content_packages/sig-test-001/runs/2c32db4c-1c1e-4023-aefb-233718847c5f/business_strategy.json,reports,.json,17194
reports/content_packages/sig-test-001/runs/2c32db4c-1c1e-4023-aefb-233718847c5f/editorial_acceptance.json,reports,.json,289
reports/content_packages/sig-test-001/runs/2c32db4c-1c1e-4023-aefb-233718847c5f/generated.json,reports,.json,1033
reports/content_packages/sig-test-001/runs/2c32db4c-1c1e-4023-aefb-233718847c5f/publication_results.json,reports,.json,1160
reports/content_packages/sig-test-001/runs/2c5fc797-fa6b-4f5d-ac6f-ff26def0ac79/business_strategy.json,reports,.json,17194
reports/content_packages/sig-test-001/runs/2c83d3de-145f-44e3-968b-dbe74dbf1969/assignment.json,reports,.json,849
reports/content_packages/sig-test-001/runs/2c83d3de-145f-44e3-968b-dbe74dbf1969/business_strategy.json,reports,.json,17194
reports/content_packages/sig-test-001/runs/2c83d3de-145f-44e3-968b-dbe74dbf1969/editorial_acceptance.json,reports,.json,289
reports/content_packages/sig-test-001/runs/2c83d3de-145f-44e3-968b-dbe74dbf1969/generated.json,reports,.json,1033
reports/content_packages/sig-test-001/runs/2cb522f8-23e5-4cdc-b683-311bf6f1996a/assignment.json,reports,.json,849
reports/content_packages/sig-test-001/runs/2cb522f8-23e5-4cdc-b683-311bf6f1996a/business_strategy.json,reports,.json,17194
reports/content_packages/sig-test-001/runs/2cb522f8-23e5-4cdc-b683-311bf6f1996a/editorial_acceptance.json,reports,.json,289
reports/content_packages/sig-test-001/runs/2cb522f8-23e5-4cdc-b683-311bf6f1996a/generated.json,reports,.json,1033
reports/content_packages/sig-test-001/runs/2cf76598-7b84-4537-99c1-95fdeab3d542/business_strategy.json,reports,.json,17194
reports/content_packages/sig-test-001/runs/2cf76598-7b84-4537-99c1-95fdeab3d542/editorial_acceptance.json,reports,.json,236
reports/content_packages/sig-test-001/runs/2cf76598-7b84-4537-99c1-95fdeab3d542/generated.json,reports,.json,1033
reports/content_packages/sig-test-001/runs/2cf76598-7b84-4537-99c1-95fdeab3d542/publication_results.json,reports,.json,1079
reports/content_packages/sig-test-001/runs/2d0509a4-6812-4ce0-b54c-53f54ba73087/business_strategy.json,reports,.json,17194
reports/content_packages/sig-test-001/runs/2d0509a4-6812-4ce0-b54c-53f54ba73087/generated.json,reports,.json,1033
reports/content_packages/sig-test-001/runs/2d0509a4-6812-4ce0-b54c-53f54ba73087/publication_results.json,reports,.json,1079
reports/content_packages/sig-test-001/runs/2d16c488-3bb8-4f04-a0e0-85fc1c77d50d/assignment.json,reports,.json,849
reports/content_packages/sig-test-001/runs/2d16c488-3bb8-4f04-a0e0-85fc1c77d50d/business_strategy.json,reports,.json,17194
reports/content_packages/sig-test-001/runs/2d16c488-3bb8-4f04-a0e0-85fc1c77d50d/editorial_acceptance.json,reports,.json,289
reports/content_packages/sig-test-001/runs/2d16c488-3bb8-4f04-a0e0-85fc1c77d50d/generated.json,reports,.json,1033
reports/content_packages/sig-test-001/runs/2d186fcc-1f82-4070-9753-fb435f7724c5/assignment.json,reports,.json,857
reports/content_packages/sig-test-001/runs/2d186fcc-1f82-4070-9753-fb435f7724c5/business_strategy.json,reports,.json,17194
reports/content_packages/sig-test-001/runs/2d186fcc-1f82-4070-9753-fb435f7724c5/editorial_acceptance.json,reports,.json,289
reports/content_packages/sig-test-001/runs/2d186fcc-1f82-4070-9753-fb435f7724c5/generated.json,reports,.json,1033
reports/content_packages/sig-test-001/runs/2d186fcc-1f82-4070-9753-fb435f7724c5/publication_results.json,reports,.json,1079
reports/content_packages/sig-test-001/runs/2d56b2b6-3cc7-4a17-904d-b9d099776661/business_strategy.json,reports,.json,17194
reports/content_packages/sig-test-001/runs/2d56b2b6-3cc7-4a17-904d-b9d099776661/generated.json,reports,.json,1033
reports/content_packages/sig-test-001/runs/2d56b2b6-3cc7-4a17-904d-b9d099776661/publication_results.json,reports,.json,1079
reports/content_packages/sig-test-001/runs/2d970a85-9665-48d3-91c3-a6b7f7ca3c93/business_strategy.json,reports,.json,17194
reports/content_packages/sig-test-001/runs/2dae3a5d-780a-4967-8c9d-fe42c66dd11d/assignment.json,reports,.json,849
reports/content_packages/sig-test-001/runs/2dae3a5d-780a-4967-8c9d-fe42c66dd11d/business_strategy.json,reports,.json,17194
reports/content_packages/sig-test-001/runs/2dbe84d5-b2ff-40c2-8bfd-57f6f5fd444b/business_strategy.json,reports,.json,17194
reports/content_packages/sig-test-001/runs/2dbe84d5-b2ff-40c2-8bfd-57f6f5fd444b/generated.json,reports,.json,1033
reports/content_packages/sig-test-001/runs/2dc9d271-7aee-4cae-b5b8-65e30bb22bfa/generated.json,reports,.json,798
reports/content_packages/sig-test-001/runs/2dd4b1b9-cb1d-4cf3-b42e-a9650f7bd6b4/assignment.json,reports,.json,849
reports/content_packages/sig-test-001/runs/2dd4b1b9-cb1d-4cf3-b42e-a9650f7bd6b4/business_strategy.json,reports,.json,17194
reports/content_packages/sig-test-001/runs/2dd4b1b9-cb1d-4cf3-b42e-a9650f7bd6b4/editorial_acceptance.json,reports,.json,289
reports/content_packages/sig-test-001/runs/2dd4b1b9-cb1d-4cf3-b42e-a9650f7bd6b4/generated.json,reports,.json,1033
reports/content_packages/sig-test-001/runs/2de2942b-bb92-4715-a9dc-ae0f540f7bcd/business_strategy.json,reports,.json,17194
reports/content_packages/sig-test-001/runs/2de72b64-70e1-4453-8862-523669220043/assignment.json,reports,.json,857
reports/content_packages/sig-test-001/runs/2de72b64-70e1-4453-8862-523669220043/business_strategy.json,reports,.json,17194
reports/content_packages/sig-test-001/runs/2de72b64-70e1-4453-8862-523669220043/editorial_acceptance.json,reports,.json,289
reports/content_packages/sig-test-001/runs/2de72b64-70e1-4453-8862-523669220043/generated.json,reports,.json,1033
reports/content_packages/sig-test-001/runs/2de72b64-70e1-4453-8862-523669220043/publication_results.json,reports,.json,1160
reports/content_packages/sig-test-001/runs/2e11af6c-316f-4001-8f8b-a77c417aecd6/assignment.json,reports,.json,857
reports/content_packages/sig-test-001/runs/2e11af6c-316f-4001-8f8b-a77c417aecd6/business_strategy.json,reports,.json,17194
reports/content_packages/sig-test-001/runs/2e11af6c-316f-4001-8f8b-a77c417aecd6/editorial_acceptance.json,reports,.json,289
reports/content_packages/sig-test-001/runs/2e11af6c-316f-4001-8f8b-a77c417aecd6/generated.json,reports,.json,1033
reports/content_packages/sig-test-001/runs/2e11af6c-316f-4001-8f8b-a77c417aecd6/publication_results.json,reports,.json,1079
reports/content_packages/sig-test-001/runs/2eabf254-62d5-4d53-bdf3-3844eb62c6df/business_strategy.json,reports,.json,17194
reports/content_packages/sig-test-001/runs/2eb8ef66-ada2-4d96-8fac-3cb39355be35/business_strategy.json,reports,.json,17194
reports/content_packages/sig-test-001/runs/2eb8ef66-ada2-4d96-8fac-3cb39355be35/generated.json,reports,.json,1033
reports/content_packages/sig-test-001/runs/2ed15f16-505d-4aff-b3b4-24b93fb85ee9/assignment.json,reports,.json,857
reports/content_packages/sig-test-001/runs/2ed15f16-505d-4aff-b3b4-24b93fb85ee9/business_strategy.json,reports,.json,17194
reports/content_packages/sig-test-001/runs/2ed15f16-505d-4aff-b3b4-24b93fb85ee9/editorial_acceptance.json,reports,.json,289
reports/content_packages/sig-test-001/runs/2ed15f16-505d-4aff-b3b4-24b93fb85ee9/generated.json,reports,.json,1033
reports/content_packages/sig-test-001/runs/2ed15f16-505d-4aff-b3b4-24b93fb85ee9/publication_results.json,reports,.json,1160
reports/content_packages/sig-test-001/runs/2ee23e37-df06-48d4-948d-7aae2834f90b/business_strategy.json,reports,.json,17194
reports/content_packages/sig-test-001/runs/2ee23e37-df06-48d4-948d-7aae2834f90b/editorial_acceptance.json,reports,.json,236
reports/content_packages/sig-test-001/runs/2ee23e37-df06-48d4-948d-7aae2834f90b/generated.json,reports,.json,1033
reports/content_packages/sig-test-001/runs/2f591730-a837-45d3-b0b8-20339e53e9ff/assignment.json,reports,.json,849
reports/content_packages/sig-test-001/runs/2f591730-a837-45d3-b0b8-20339e53e9ff/business_strategy.json,reports,.json,17194
reports/content_packages/sig-test-001/runs/2f75263a-7eea-43ba-b4ff-222e825b2fbf/business_strategy.json,reports,.json,17194
reports/content_packages/sig-test-001/runs/2f75263a-7eea-43ba-b4ff-222e825b2fbf/editorial_acceptance.json,reports,.json,236
reports/content_packages/sig-test-001/runs/2f75263a-7eea-43ba-b4ff-222e825b2fbf/generated.json,reports,.json,1033
reports/content_packages/sig-test-001/runs/2f79c021-569a-4754-9e79-65c3034955db/assignment.json,reports,.json,849
reports/content_packages/sig-test-001/runs/2f79c021-569a-4754-9e79-65c3034955db/business_strategy.json,reports,.json,17194
reports/content_packages/sig-test-001/runs/2f7e23f6-f896-4f56-857e-053689428ad6/business_strategy.json,reports,.json,17194
reports/content_packages/sig-test-001/runs/2f7e23f6-f896-4f56-857e-053689428ad6/generated.json,reports,.json,1033
reports/content_packages/sig-test-001/runs/2f7e23f6-f896-4f56-857e-053689428ad6/publication_results.json,reports,.json,1079
reports/content_packages/sig-test-001/runs/2f8ab424-3b77-4c0c-8e0f-a20100809508/assignment.json,reports,.json,849
reports/content_packages/sig-test-001/runs/2f8ab424-3b77-4c0c-8e0f-a20100809508/business_strategy.json,reports,.json,17194
reports/content_packages/sig-test-001/runs/2f8ab424-3b77-4c0c-8e0f-a20100809508/editorial_acceptance.json,reports,.json,289
reports/content_packages/sig-test-001/runs/2f8ab424-3b77-4c0c-8e0f-a20100809508/generated.json,reports,.json,1033
reports/content_packages/sig-test-001/runs/2f9da347-86bc-4283-8285-c5ee7ac6a480/assignment.json,reports,.json,857
reports/content_packages/sig-test-001/runs/2f9da347-86bc-4283-8285-c5ee7ac6a480/business_strategy.json,reports,.json,17194
reports/content_packages/sig-test-001/runs/2f9da347-86bc-4283-8285-c5ee7ac6a480/editorial_acceptance.json,reports,.json,289
reports/content_packages/sig-test-001/runs/2f9da347-86bc-4283-8285-c5ee7ac6a480/generated.json,reports,.json,1033
reports/content_packages/sig-test-001/runs/2f9da347-86bc-4283-8285-c5ee7ac6a480/publication_results.json,reports,.json,1160
reports/content_packages/sig-test-001/runs/2fa16dbe-83f9-435d-8b03-b941e7d6023e/assignment.json,reports,.json,849
reports/content_packages/sig-test-001/runs/2fa16dbe-83f9-435d-8b03-b941e7d6023e/business_strategy.json,reports,.json,17194
reports/content_packages/sig-test-001/runs/2fa16dbe-83f9-435d-8b03-b941e7d6023e/editorial_acceptance.json,reports,.json,289
reports/content_packages/sig-test-001/runs/2fa16dbe-83f9-435d-8b03-b941e7d6023e/generated.json,reports,.json,1033
reports/content_packages/sig-test-001/runs/2fab019b-1ef9-4cc7-85f5-d5eb3ee4aa5c/assignment.json,reports,.json,849
reports/content_packages/sig-test-001/runs/2fab019b-1ef9-4cc7-85f5-d5eb3ee4aa5c/business_strategy.json,reports,.json,17194
reports/content_packages/sig-test-001/runs/2ff4a01f-5842-4489-ad6e-13954386cc4c/business_strategy.json,reports,.json,17194
reports/content_packages/sig-test-001/runs/3008db8e-3c73-46cf-b56b-2161d06144a9/assignment.json,reports,.json,849
reports/content_packages/sig-test-001/runs/3008db8e-3c73-46cf-b56b-2161d06144a9/business_strategy.json,reports,.json,17194
reports/content_packages/sig-test-001/runs/30139c80-c2ee-44f0-acbe-448337dbafbe/assignment.json,reports,.json,849
reports/content_packages/sig-test-001/runs/30139c80-c2ee-44f0-acbe-448337dbafbe/business_strategy.json,reports,.json,17194
reports/content_packages/sig-test-001/runs/30139c80-c2ee-44f0-acbe-448337dbafbe/editorial_acceptance.json,reports,.json,289
reports/content_packages/sig-test-001/runs/30139c80-c2ee-44f0-acbe-448337dbafbe/generated.json,reports,.json,1033
reports/content_packages/sig-test-001/runs/304e52d1-15c8-4932-b454-889768cd9975/business_strategy.json,reports,.json,17194
reports/content_packages/sig-test-001/runs/30603d25-81bc-4a25-b18a-f8876983791e/business_strategy.json,reports,.json,17194
reports/content_packages/sig-test-001/runs/30603d25-81bc-4a25-b18a-f8876983791e/generated.json,reports,.json,1033
reports/content_packages/sig-test-001/runs/30603d25-81bc-4a25-b18a-f8876983791e/publication_results.json,reports,.json,1079
reports/content_packages/sig-test-001/runs/3086bfed-faea-4fd7-8a14-495ed5594d75/assignment.json,reports,.json,857
reports/content_packages/sig-test-001/runs/3086bfed-faea-4fd7-8a14-495ed5594d75/business_strategy.json,reports,.json,17194
reports/content_packages/sig-test-001/runs/3086bfed-faea-4fd7-8a14-495ed5594d75/editorial_acceptance.json,reports,.json,289
reports/content_packages/sig-test-001/runs/3086bfed-faea-4fd7-8a14-495ed5594d75/generated.json,reports,.json,1033
reports/content_packages/sig-test-001/runs/3086bfed-faea-4fd7-8a14-495ed5594d75/publication_results.json,reports,.json,1160
reports/content_packages/sig-test-001/runs/30c58081-334b-4192-abfd-fe6345a05db4/assignment.json,reports,.json,849
reports/content_packages/sig-test-001/runs/30c58081-334b-4192-abfd-fe6345a05db4/business_strategy.json,reports,.json,17194
reports/content_packages/sig-test-001/runs/30c58081-334b-4192-abfd-fe6345a05db4/editorial_acceptance.json,reports,.json,289
reports/content_packages/sig-test-001/runs/30c58081-334b-4192-abfd-fe6345a05db4/generated.json,reports,.json,1033
reports/content_packages/sig-test-001/runs/311a7f9b-c26d-49c3-9b06-22073de2408a/business_strategy.json,reports,.json,17194
reports/content_packages/sig-test-001/runs/311a7f9b-c26d-49c3-9b06-22073de2408a/generated.json,reports,.json,1033
reports/content_packages/sig-test-001/runs/3123c23b-e5c4-4982-ad65-55a54c9d7c12/assignment.json,reports,.json,849
reports/content_packages/sig-test-001/runs/3123c23b-e5c4-4982-ad65-55a54c9d7c12/business_strategy.json,reports,.json,17194
reports/content_packages/sig-test-001/runs/3123c23b-e5c4-4982-ad65-55a54c9d7c12/editorial_acceptance.json,reports,.json,289
reports/content_packages/sig-test-001/runs/3123c23b-e5c4-4982-ad65-55a54c9d7c12/generated.json,reports,.json,1033
reports/content_packages/sig-test-001/runs/31339cbe-9ebb-48e3-b38e-edcaf5e7cc1c/business_strategy.json,reports,.json,17194
reports/content_packages/sig-test-001/runs/31339cbe-9ebb-48e3-b38e-edcaf5e7cc1c/generated.json,reports,.json,1033
reports/content_packages/sig-test-001/runs/31339cbe-9ebb-48e3-b38e-edcaf5e7cc1c/publication_results.json,reports,.json,1079
reports/content_packages/sig-test-001/runs/31402f47-3b43-48c6-91ba-45136e95209a/assignment.json,reports,.json,849
reports/content_packages/sig-test-001/runs/31402f47-3b43-48c6-91ba-45136e95209a/business_strategy.json,reports,.json,17194
reports/content_packages/sig-test-001/runs/31402f47-3b43-48c6-91ba-45136e95209a/editorial_acceptance.json,reports,.json,289
reports/content_packages/sig-test-001/runs/31402f47-3b43-48c6-91ba-45136e95209a/generated.json,reports,.json,1033
reports/content_packages/sig-test-001/runs/3141ed4c-6d53-42bb-a1f5-b3da1af62a5a/business_strategy.json,reports,.json,17194
reports/content_packages/sig-test-001/runs/3141ed4c-6d53-42bb-a1f5-b3da1af62a5a/generated.json,reports,.json,1033
reports/content_packages/sig-test-001/runs/3141ed4c-6d53-42bb-a1f5-b3da1af62a5a/publication_results.json,reports,.json,1079
reports/content_packages/sig-test-001/runs/31cb8ee9-b304-47f1-94f1-347a20975098/assignment.json,reports,.json,857
reports/content_packages/sig-test-001/runs/31cb8ee9-b304-47f1-94f1-347a20975098/business_strategy.json,reports,.json,17194
reports/content_packages/sig-test-001/runs/31cb8ee9-b304-47f1-94f1-347a20975098/editorial_acceptance.json,reports,.json,289
reports/content_packages/sig-test-001/runs/31cb8ee9-b304-47f1-94f1-347a20975098/generated.json,reports,.json,1033
reports/content_packages/sig-test-001/runs/31cb8ee9-b304-47f1-94f1-347a20975098/publication_results.json,reports,.json,1160
reports/content_packages/sig-test-001/runs/3294bf5b-3b7c-438e-903d-4c3c7d85b996/generated.json,reports,.json,798
reports/content_packages/sig-test-001/runs/32a7fca5-8377-48ee-971e-dff357dcc2ca/assignment.json,reports,.json,849
reports/content_packages/sig-test-001/runs/32a7fca5-8377-48ee-971e-dff357dcc2ca/business_strategy.json,reports,.json,17194
reports/content_packages/sig-test-001/runs/32a7fca5-8377-48ee-971e-dff357dcc2ca/editorial_acceptance.json,reports,.json,289
reports/content_packages/sig-test-001/runs/32a7fca5-8377-48ee-971e-dff357dcc2ca/generated.json,reports,.json,1033
reports/content_packages/sig-test-001/runs/32ad374a-723f-43a6-9cb9-5f18d2be440a/business_strategy.json,reports,.json,17194
reports/content_packages/sig-test-001/runs/32afd498-d5e4-418c-a347-4a67caeeba4d/assignment.json,reports,.json,857
reports/content_packages/sig-test-001/runs/32afd498-d5e4-418c-a347-4a67caeeba4d/business_strategy.json,reports,.json,17194
reports/content_packages/sig-test-001/runs/32afd498-d5e4-418c-a347-4a67caeeba4d/editorial_acceptance.json,reports,.json,289
reports/content_packages/sig-test-001/runs/32afd498-d5e4-418c-a347-4a67caeeba4d/generated.json,reports,.json,1033
reports/content_packages/sig-test-001/runs/32afd498-d5e4-418c-a347-4a67caeeba4d/publication_results.json,reports,.json,1160
reports/content_packages/sig-test-001/runs/32ebcbef-4ccd-4163-90ce-62898a4c725f/assignment.json,reports,.json,849
reports/content_packages/sig-test-001/runs/32ebcbef-4ccd-4163-90ce-62898a4c725f/business_strategy.json,reports,.json,17194
reports/content_packages/sig-test-001/runs/32ebcbef-4ccd-4163-90ce-62898a4c725f/editorial_acceptance.json,reports,.json,289
reports/content_packages/sig-test-001/runs/32ebcbef-4ccd-4163-90ce-62898a4c725f/generated.json,reports,.json,1033
reports/content_packages/sig-test-001/runs/3318da72-8404-492f-bd9d-3523aa757c11/business_strategy.json,reports,.json,17194
reports/content_packages/sig-test-001/runs/3318da72-8404-492f-bd9d-3523aa757c11/generated.json,reports,.json,1033
reports/content_packages/sig-test-001/runs/331ed035-b9a6-4a37-8c12-26925a7e9305/assignment.json,reports,.json,849
reports/content_packages/sig-test-001/runs/331ed035-b9a6-4a37-8c12-26925a7e9305/business_strategy.json,reports,.json,17194
reports/content_packages/sig-test-001/runs/331ed035-b9a6-4a37-8c12-26925a7e9305/editorial_acceptance.json,reports,.json,289
reports/content_packages/sig-test-001/runs/331ed035-b9a6-4a37-8c12-26925a7e9305/generated.json,reports,.json,1033
reports/content_packages/sig-test-001/runs/33344288-412a-489e-8f62-30816b5095f4/assignment.json,reports,.json,849
reports/content_packages/sig-test-001/runs/33344288-412a-489e-8f62-30816b5095f4/business_strategy.json,reports,.json,17194
reports/content_packages/sig-test-001/runs/33344288-412a-489e-8f62-30816b5095f4/editorial_acceptance.json,reports,.json,289
reports/content_packages/sig-test-001/runs/33344288-412a-489e-8f62-30816b5095f4/generated.json,reports,.json,1033
reports/content_packages/sig-test-001/runs/33a752f2-b6ca-44b2-a692-7f178431dc38/assignment.json,reports,.json,849
reports/content_packages/sig-test-001/runs/33a752f2-b6ca-44b2-a692-7f178431dc38/business_strategy.json,reports,.json,17194
reports/content_packages/sig-test-001/runs/33a752f2-b6ca-44b2-a692-7f178431dc38/editorial_acceptance.json,reports,.json,289
reports/content_packages/sig-test-001/runs/33a752f2-b6ca-44b2-a692-7f178431dc38/generated.json,reports,.json,1033
reports/content_packages/sig-test-001/runs/33ab7912-91e5-48e1-9d32-74ab75340466/business_strategy.json,reports,.json,17194
reports/content_packages/sig-test-001/runs/33ab7912-91e5-48e1-9d32-74ab75340466/generated.json,reports,.json,1033
reports/content_packages/sig-test-001/runs/33af9629-ea83-464c-8d41-5b98a8c58274/assignment.json,reports,.json,849
reports/content_packages/sig-test-001/runs/33af9629-ea83-464c-8d41-5b98a8c58274/business_strategy.json,reports,.json,17194
reports/content_packages/sig-test-001/runs/33af9629-ea83-464c-8d41-5b98a8c58274/editorial_acceptance.json,reports,.json,289
reports/content_packages/sig-test-001/runs/33af9629-ea83-464c-8d41-5b98a8c58274/generated.json,reports,.json,1033
reports/content_packages/sig-test-001/runs/33c87e25-1f24-4db3-9d32-c5d26f88bac3/assignment.json,reports,.json,857
reports/content_packages/sig-test-001/runs/33c87e25-1f24-4db3-9d32-c5d26f88bac3/business_strategy.json,reports,.json,17194
reports/content_packages/sig-test-001/runs/33d375f2-9bee-481b-a5fa-420b582303c2/business_strategy.json,reports,.json,17194
reports/content_packages/sig-test-001/runs/33d375f2-9bee-481b-a5fa-420b582303c2/generated.json,reports,.json,1033
reports/content_packages/sig-test-001/runs/33d375f2-9bee-481b-a5fa-420b582303c2/publication_results.json,reports,.json,1079
reports/content_packages/sig-test-001/runs/340c7a68-5875-40de-b675-efe374eb03f5/business_strategy.json,reports,.json,17194
reports/content_packages/sig-test-001/runs/340c7a68-5875-40de-b675-efe374eb03f5/editorial_acceptance.json,reports,.json,236
reports/content_packages/sig-test-001/runs/340c7a68-5875-40de-b675-efe374eb03f5/generated.json,reports,.json,1033
reports/content_packages/sig-test-001/runs/34465f93-3d27-46b2-aafe-042a1522bfe0/assignment.json,reports,.json,857
reports/content_packages/sig-test-001/runs/34465f93-3d27-46b2-aafe-042a1522bfe0/business_strategy.json,reports,.json,17194
reports/content_packages/sig-test-001/runs/34465f93-3d27-46b2-aafe-042a1522bfe0/editorial_acceptance.json,reports,.json,289
reports/content_packages/sig-test-001/runs/34465f93-3d27-46b2-aafe-042a1522bfe0/generated.json,reports,.json,1033
reports/content_packages/sig-test-001/runs/34465f93-3d27-46b2-aafe-042a1522bfe0/publication_results.json,reports,.json,1160
reports/content_packages/sig-test-001/runs/34815256-eeb5-4f71-81e5-5f0130f91ab2/assignment.json,reports,.json,857
reports/content_packages/sig-test-001/runs/34815256-eeb5-4f71-81e5-5f0130f91ab2/business_strategy.json,reports,.json,17194
reports/content_packages/sig-test-001/runs/34815256-eeb5-4f71-81e5-5f0130f91ab2/editorial_acceptance.json,reports,.json,289
reports/content_packages/sig-test-001/runs/34815256-eeb5-4f71-81e5-5f0130f91ab2/generated.json,reports,.json,1033
reports/content_packages/sig-test-001/runs/34815256-eeb5-4f71-81e5-5f0130f91ab2/publication_results.json,reports,.json,1160
reports/content_packages/sig-test-001/runs/34867065-448b-479e-915d-30fbb72e2740/business_strategy.json,reports,.json,17194
reports/content_packages/sig-test-001/runs/348c3e3c-942e-4c8f-807d-720c882342e5/assignment.json,reports,.json,857
reports/content_packages/sig-test-001/runs/348c3e3c-942e-4c8f-807d-720c882342e5/business_strategy.json,reports,.json,17194
reports/content_packages/sig-test-001/runs/348c3e3c-942e-4c8f-807d-720c882342e5/editorial_acceptance.json,reports,.json,289
reports/content_packages/sig-test-001/runs/348c3e3c-942e-4c8f-807d-720c882342e5/generated.json,reports,.json,1033
reports/content_packages/sig-test-001/runs/348c3e3c-942e-4c8f-807d-720c882342e5/publication_results.json,reports,.json,1160
reports/content_packages/sig-test-001/runs/3495b566-8cd4-41be-8e1e-2d2fc549e479/assignment.json,reports,.json,857
reports/content_packages/sig-test-001/runs/3495b566-8cd4-41be-8e1e-2d2fc549e479/business_strategy.json,reports,.json,17194
reports/content_packages/sig-test-001/runs/349fdec4-2d97-4b6c-b402-e164661f031a/generated.json,reports,.json,932
reports/content_packages/sig-test-001/runs/351244c1-4857-4aee-af7f-4a5feac774b0/assignment.json,reports,.json,849
reports/content_packages/sig-test-001/runs/351244c1-4857-4aee-af7f-4a5feac774b0/business_strategy.json,reports,.json,17194
reports/content_packages/sig-test-001/runs/351244c1-4857-4aee-af7f-4a5feac774b0/editorial_acceptance.json,reports,.json,289
reports/content_packages/sig-test-001/runs/351244c1-4857-4aee-af7f-4a5feac774b0/generated.json,reports,.json,1033
reports/content_packages/sig-test-001/runs/353b4423-00a4-40f9-8ecc-bc81797d5924/business_strategy.json,reports,.json,17194
reports/content_packages/sig-test-001/runs/353b4423-00a4-40f9-8ecc-bc81797d5924/editorial_acceptance.json,reports,.json,236
reports/content_packages/sig-test-001/runs/353b4423-00a4-40f9-8ecc-bc81797d5924/generated.json,reports,.json,1033
reports/content_packages/sig-test-001/runs/353b4423-00a4-40f9-8ecc-bc81797d5924/publication_results.json,reports,.json,1079
reports/content_packages/sig-test-001/runs/353c3291-67e3-48cf-9cdd-b6d1e29f0e07/business_strategy.json,reports,.json,17194
reports/content_packages/sig-test-001/runs/35673fb6-1ef7-4014-ae4f-511df9b23acb/assignment.json,reports,.json,857
reports/content_packages/sig-test-001/runs/35673fb6-1ef7-4014-ae4f-511df9b23acb/business_strategy.json,reports,.json,17194
reports/content_packages/sig-test-001/runs/35673fb6-1ef7-4014-ae4f-511df9b23acb/editorial_acceptance.json,reports,.json,289
reports/content_packages/sig-test-001/runs/35673fb6-1ef7-4014-ae4f-511df9b23acb/generated.json,reports,.json,1033
reports/content_packages/sig-test-001/runs/35673fb6-1ef7-4014-ae4f-511df9b23acb/publication_results.json,reports,.json,1079
reports/content_packages/sig-test-001/runs/35bb7057-9d3e-463d-8208-9d170fc8ff6c/generated.json,reports,.json,798
reports/content_packages/sig-test-001/runs/35cbc994-9383-4840-b155-6c5fb5d439fb/business_strategy.json,reports,.json,17194
reports/content_packages/sig-test-001/runs/3644acbb-b50d-4b99-a0f1-1ffbc8abbfde/business_strategy.json,reports,.json,17194
reports/content_packages/sig-test-001/runs/367e415d-956b-4544-8ff8-018fda87d9fd/assignment.json,reports,.json,857
reports/content_packages/sig-test-001/runs/367e415d-956b-4544-8ff8-018fda87d9fd/business_strategy.json,reports,.json,17194
reports/content_packages/sig-test-001/runs/367e415d-956b-4544-8ff8-018fda87d9fd/editorial_acceptance.json,reports,.json,289
reports/content_packages/sig-test-001/runs/367e415d-956b-4544-8ff8-018fda87d9fd/generated.json,reports,.json,1033
reports/content_packages/sig-test-001/runs/367e415d-956b-4544-8ff8-018fda87d9fd/publication_results.json,reports,.json,1160
reports/content_packages/sig-test-001/runs/36e76b6e-30b6-4152-ba98-207e35d791e0/assignment.json,reports,.json,849
reports/content_packages/sig-test-001/runs/36e76b6e-30b6-4152-ba98-207e35d791e0/business_strategy.json,reports,.json,17194
reports/content_packages/sig-test-001/runs/36e76b6e-30b6-4152-ba98-207e35d791e0/editorial_acceptance.json,reports,.json,289
reports/content_packages/sig-test-001/runs/36e76b6e-30b6-4152-ba98-207e35d791e0/generated.json,reports,.json,1033
reports/content_packages/sig-test-001/runs/370a8b6c-5ded-496c-95e5-c3d95682758f/business_strategy.json,reports,.json,17194
reports/content_packages/sig-test-001/runs/370a8b6c-5ded-496c-95e5-c3d95682758f/generated.json,reports,.json,1033
reports/content_packages/sig-test-001/runs/374be9df-7faa-4d91-8c20-20742471ca75/business_strategy.json,reports,.json,17194
reports/content_packages/sig-test-001/runs/374be9df-7faa-4d91-8c20-20742471ca75/editorial_acceptance.json,reports,.json,236
reports/content_packages/sig-test-001/runs/374be9df-7faa-4d91-8c20-20742471ca75/generated.json,reports,.json,1033
reports/content_packages/sig-test-001/runs/378820a8-486b-4340-8086-414612649e67/business_strategy.json,reports,.json,17194
reports/content_packages/sig-test-001/runs/378820a8-486b-4340-8086-414612649e67/editorial_acceptance.json,reports,.json,236
reports/content_packages/sig-test-001/runs/378820a8-486b-4340-8086-414612649e67/generated.json,reports,.json,1033
reports/content_packages/sig-test-001/runs/379e9bf1-422d-494d-be80-a8536de046b2/assignment.json,reports,.json,849
reports/content_packages/sig-test-001/runs/379e9bf1-422d-494d-be80-a8536de046b2/business_strategy.json,reports,.json,17194
reports/content_packages/sig-test-001/runs/379e9bf1-422d-494d-be80-a8536de046b2/editorial_acceptance.json,reports,.json,289
reports/content_packages/sig-test-001/runs/379e9bf1-422d-494d-be80-a8536de046b2/generated.json,reports,.json,1033
reports/content_packages/sig-test-001/runs/37dcc49d-6209-4124-bd96-9c0121ff2e16/generated.json,reports,.json,798
reports/content_packages/sig-test-001/runs/38010ac0-1b01-430e-b0e7-c0f2e7b8fda2/business_strategy.json,reports,.json,17194
reports/content_packages/sig-test-001/runs/38010ac0-1b01-430e-b0e7-c0f2e7b8fda2/editorial_acceptance.json,reports,.json,236
reports/content_packages/sig-test-001/runs/38010ac0-1b01-430e-b0e7-c0f2e7b8fda2/generated.json,reports,.json,1033
reports/content_packages/sig-test-001/runs/38010ac0-1b01-430e-b0e7-c0f2e7b8fda2/publication_results.json,reports,.json,1079
reports/content_packages/sig-test-001/runs/38429359-32cb-4af6-adc6-8b9e95c19cf7/business_strategy.json,reports,.json,17194
reports/content_packages/sig-test-001/runs/38429359-32cb-4af6-adc6-8b9e95c19cf7/editorial_acceptance.json,reports,.json,236
reports/content_packages/sig-test-001/runs/38429359-32cb-4af6-adc6-8b9e95c19cf7/generated.json,reports,.json,1033
reports/content_packages/sig-test-001/runs/38429359-32cb-4af6-adc6-8b9e95c19cf7/publication_results.json,reports,.json,1079
reports/content_packages/sig-test-001/runs/38929da6-c35e-4c4b-9c84-f430a397a6b1/business_strategy.json,reports,.json,17194
reports/content_packages/sig-test-001/runs/38929da6-c35e-4c4b-9c84-f430a397a6b1/generated.json,reports,.json,1033
reports/content_packages/sig-test-001/runs/38929da6-c35e-4c4b-9c84-f430a397a6b1/publication_results.json,reports,.json,1079
reports/content_packages/sig-test-001/runs/38ab2bd8-f86c-4091-b7f0-5938371e3848/assignment.json,reports,.json,857
reports/content_packages/sig-test-001/runs/38ab2bd8-f86c-4091-b7f0-5938371e3848/business_strategy.json,reports,.json,17194
reports/content_packages/sig-test-001/runs/38c35c8f-3127-4eba-a9af-bb4ab9ac7abf/business_strategy.json,reports,.json,17194
reports/content_packages/sig-test-001/runs/38c35c8f-3127-4eba-a9af-bb4ab9ac7abf/generated.json,reports,.json,1033
reports/content_packages/sig-test-001/runs/38c35c8f-3127-4eba-a9af-bb4ab9ac7abf/publication_results.json,reports,.json,1079
reports/content_packages/sig-test-001/runs/38ca39a5-9cff-451a-b2b4-5153d520f8c5/assignment.json,reports,.json,849
reports/content_packages/sig-test-001/runs/38ca39a5-9cff-451a-b2b4-5153d520f8c5/business_strategy.json,reports,.json,17194
reports/content_packages/sig-test-001/runs/38ca39a5-9cff-451a-b2b4-5153d520f8c5/editorial_acceptance.json,reports,.json,289
reports/content_packages/sig-test-001/runs/38ca39a5-9cff-451a-b2b4-5153d520f8c5/generated.json,reports,.json,1033
reports/content_packages/sig-test-001/runs/3911166a-8efc-41ed-bba9-0bf4cae9162e/business_strategy.json,reports,.json,17194
reports/content_packages/sig-test-001/runs/3911166a-8efc-41ed-bba9-0bf4cae9162e/generated.json,reports,.json,1033
reports/content_packages/sig-test-001/runs/3911166a-8efc-41ed-bba9-0bf4cae9162e/publication_results.json,reports,.json,1079
reports/content_packages/sig-test-001/runs/391c8210-eac0-4e93-a734-be57d77f6dca/business_strategy.json,reports,.json,17194
reports/content_packages/sig-test-001/runs/393aec32-f548-4fb3-8958-d53c221db6c1/business_strategy.json,reports,.json,17194
reports/content_packages/sig-test-001/runs/393aec32-f548-4fb3-8958-d53c221db6c1/generated.json,reports,.json,1033
reports/content_packages/sig-test-001/runs/393ddef5-1427-4630-95d2-4b965f5d08c3/assignment.json,reports,.json,857
reports/content_packages/sig-test-001/runs/393ddef5-1427-4630-95d2-4b965f5d08c3/business_strategy.json,reports,.json,17194
reports/content_packages/sig-test-001/runs/393ddef5-1427-4630-95d2-4b965f5d08c3/editorial_acceptance.json,reports,.json,289
reports/content_packages/sig-test-001/runs/393ddef5-1427-4630-95d2-4b965f5d08c3/generated.json,reports,.json,1033
reports/content_packages/sig-test-001/runs/398eda4e-d915-425d-b648-42bbe0727c8e/assignment.json,reports,.json,849
reports/content_packages/sig-test-001/runs/398eda4e-d915-425d-b648-42bbe0727c8e/business_strategy.json,reports,.json,17194
reports/content_packages/sig-test-001/runs/39deaaa6-82d1-4d57-bd0a-8696da7305e8/generated.json,reports,.json,798
reports/content_packages/sig-test-001/runs/39deaaa6-82d1-4d57-bd0a-8696da7305e8/publication_results.json,reports,.json,844
reports/content_packages/sig-test-001/runs/3a20a1ca-8739-45df-95d0-9032d4aa730b/business_strategy.json,reports,.json,17194
reports/content_packages/sig-test-001/runs/3a20a1ca-8739-45df-95d0-9032d4aa730b/generated.json,reports,.json,1033
reports/content_packages/sig-test-001/runs/3a83fa76-8d8b-4cbc-8876-b53df195b6f6/assignment.json,reports,.json,857
reports/content_packages/sig-test-001/runs/3a83fa76-8d8b-4cbc-8876-b53df195b6f6/business_strategy.json,reports,.json,17194
reports/content_packages/sig-test-001/runs/3a83fa76-8d8b-4cbc-8876-b53df195b6f6/run_report.json,reports,.json,895
reports/content_packages/sig-test-001/runs/3aa1632a-508b-4fc1-a057-f4f752405227/business_strategy.json,reports,.json,17194
reports/content_packages/sig-test-001/runs/3aa1632a-508b-4fc1-a057-f4f752405227/generated.json,reports,.json,1228
reports/content_packages/sig-test-001/runs/3aa1632a-508b-4fc1-a057-f4f752405227/publication_results.json,reports,.json,1079
reports/content_packages/sig-test-001/runs/3aa28acd-abea-47c7-b60d-79c03d5b7c68/business_strategy.json,reports,.json,17194
reports/content_packages/sig-test-001/runs/3aac6f92-0bff-4be5-838f-6da3f9c5da19/generated.json,reports,.json,798
reports/content_packages/sig-test-001/runs/3aac6f92-0bff-4be5-838f-6da3f9c5da19/publication_results.json,reports,.json,844
reports/content_packages/sig-test-001/runs/3af06af6-2f3e-4eb5-9e13-b9dd3491e067/assignment.json,reports,.json,849
reports/content_packages/sig-test-001/runs/3af06af6-2f3e-4eb5-9e13-b9dd3491e067/business_strategy.json,reports,.json,17194
reports/content_packages/sig-test-001/runs/3af06af6-2f3e-4eb5-9e13-b9dd3491e067/editorial_acceptance.json,reports,.json,289
reports/content_packages/sig-test-001/runs/3af06af6-2f3e-4eb5-9e13-b9dd3491e067/generated.json,reports,.json,1033
reports/content_packages/sig-test-001/runs/3b3fa95e-0a03-4b6d-a4c0-2ae007e7146c/assignment.json,reports,.json,849
reports/content_packages/sig-test-001/runs/3b3fa95e-0a03-4b6d-a4c0-2ae007e7146c/business_strategy.json,reports,.json,17194
reports/content_packages/sig-test-001/runs/3b7ea660-9da2-4169-9ae1-cf9aff5768e4/assignment.json,reports,.json,849
reports/content_packages/sig-test-001/runs/3b7ea660-9da2-4169-9ae1-cf9aff5768e4/business_strategy.json,reports,.json,17194
reports/content_packages/sig-test-001/runs/3ba800c1-18ee-40ee-a74d-7d8a63625412/business_strategy.json,reports,.json,17194
reports/content_packages/sig-test-001/runs/3ba800c1-18ee-40ee-a74d-7d8a63625412/generated.json,reports,.json,1033
reports/content_packages/sig-test-001/runs/3bd33a38-c543-440c-a4bd-e6cdbbf07aa3/assignment.json,reports,.json,849
reports/content_packages/sig-test-001/runs/3bd33a38-c543-440c-a4bd-e6cdbbf07aa3/business_strategy.json,reports,.json,17194
reports/content_packages/sig-test-001/runs/3c2514b1-6bb3-49c6-babd-539586d2e830/business_strategy.json,reports,.json,17194
reports/content_packages/sig-test-001/runs/3c2514b1-6bb3-49c6-babd-539586d2e830/generated.json,reports,.json,1033
reports/content_packages/sig-test-001/runs/3cd1022b-df74-4147-aa09-80cfb3eefdb5/generated.json,reports,.json,798
reports/content_packages/sig-test-001/runs/3cd1022b-df74-4147-aa09-80cfb3eefdb5/publication_results.json,reports,.json,844
reports/content_packages/sig-test-001/runs/3cd8d26d-179f-4b21-82a5-376754fdacc5/business_strategy.json,reports,.json,17194
reports/content_packages/sig-test-001/runs/3cd8d26d-179f-4b21-82a5-376754fdacc5/generated.json,reports,.json,1033
reports/content_packages/sig-test-001/runs/3cd8d26d-179f-4b21-82a5-376754fdacc5/publication_results.json,reports,.json,1079
reports/content_packages/sig-test-001/runs/3d18a3ea-0d45-4649-8565-babe3f08041c/business_strategy.json,reports,.json,17194
reports/content_packages/sig-test-001/runs/3d18a3ea-0d45-4649-8565-babe3f08041c/generated.json,reports,.json,1228
reports/content_packages/sig-test-001/runs/3d1cd37a-ab06-4991-ab6c-f31be8ac0748/business_strategy.json,reports,.json,17194
reports/content_packages/sig-test-001/runs/3d1cd37a-ab06-4991-ab6c-f31be8ac0748/editorial_acceptance.json,reports,.json,236
reports/content_packages/sig-test-001/runs/3d1cd37a-ab06-4991-ab6c-f31be8ac0748/generated.json,reports,.json,1033
reports/content_packages/sig-test-001/runs/3d46b563-1f1c-41fb-8693-021a8f92fdcc/business_strategy.json,reports,.json,17194
reports/content_packages/sig-test-001/runs/3dc66766-8cbe-417b-b210-fca01faed5c0/assignment.json,reports,.json,849
reports/content_packages/sig-test-001/runs/3dc66766-8cbe-417b-b210-fca01faed5c0/business_strategy.json,reports,.json,17194
reports/content_packages/sig-test-001/runs/3dc66766-8cbe-417b-b210-fca01faed5c0/editorial_acceptance.json,reports,.json,289
reports/content_packages/sig-test-001/runs/3dc66766-8cbe-417b-b210-fca01faed5c0/generated.json,reports,.json,1033
reports/content_packages/sig-test-001/runs/3ddc17ff-6812-4515-a553-faf571df9765/assignment.json,reports,.json,849
reports/content_packages/sig-test-001/runs/3ddc17ff-6812-4515-a553-faf571df9765/business_strategy.json,reports,.json,17194
reports/content_packages/sig-test-001/runs/3ddc17ff-6812-4515-a553-faf571df9765/editorial_acceptance.json,reports,.json,289
reports/content_packages/sig-test-001/runs/3ddc17ff-6812-4515-a553-faf571df9765/generated.json,reports,.json,1033
reports/content_packages/sig-test-001/runs/3df4182d-96be-46e5-bc91-d38e7db0a150/business_strategy.json,reports,.json,17194
reports/content_packages/sig-test-001/runs/3df4182d-96be-46e5-bc91-d38e7db0a150/generated.json,reports,.json,1033
reports/content_packages/sig-test-001/runs/3df4182d-96be-46e5-bc91-d38e7db0a150/publication_results.json,reports,.json,1079
reports/content_packages/sig-test-001/runs/3df4eb8c-e6be-438a-ae63-8ef59e7413e7/assignment.json,reports,.json,849
reports/content_packages/sig-test-001/runs/3df4eb8c-e6be-438a-ae63-8ef59e7413e7/business_strategy.json,reports,.json,17194
reports/content_packages/sig-test-001/runs/3df4eb8c-e6be-438a-ae63-8ef59e7413e7/editorial_acceptance.json,reports,.json,289
reports/content_packages/sig-test-001/runs/3df4eb8c-e6be-438a-ae63-8ef59e7413e7/generated.json,reports,.json,1033
reports/content_packages/sig-test-001/runs/3eabd15b-24ef-4350-9e1f-747b5df8faeb/business_strategy.json,reports,.json,17194
reports/content_packages/sig-test-001/runs/3eabf64b-3354-4f80-b8f8-0921a939abb4/business_strategy.json,reports,.json,17194
reports/content_packages/sig-test-001/runs/3eabf64b-3354-4f80-b8f8-0921a939abb4/editorial_acceptance.json,reports,.json,236
reports/content_packages/sig-test-001/runs/3eabf64b-3354-4f80-b8f8-0921a939abb4/generated.json,reports,.json,1033
reports/content_packages/sig-test-001/runs/3eb4608d-d9f0-4767-9103-29b61cdb3ffe/assignment.json,reports,.json,857
reports/content_packages/sig-test-001/runs/3eb4608d-d9f0-4767-9103-29b61cdb3ffe/business_strategy.json,reports,.json,17194
reports/content_packages/sig-test-001/runs/3eb4608d-d9f0-4767-9103-29b61cdb3ffe/editorial_acceptance.json,reports,.json,289
reports/content_packages/sig-test-001/runs/3eb4608d-d9f0-4767-9103-29b61cdb3ffe/generated.json,reports,.json,1033
reports/content_packages/sig-test-001/runs/3eb4608d-d9f0-4767-9103-29b61cdb3ffe/publication_results.json,reports,.json,1160
reports/content_packages/sig-test-001/runs/3ec052eb-f231-48b1-8ade-3ad32f096058/business_strategy.json,reports,.json,17194
reports/content_packages/sig-test-001/runs/3ec052eb-f231-48b1-8ade-3ad32f096058/editorial_acceptance.json,reports,.json,236
reports/content_packages/sig-test-001/runs/3ec052eb-f231-48b1-8ade-3ad32f096058/generated.json,reports,.json,1033
reports/content_packages/sig-test-001/runs/3ed7a0f5-ef27-42d2-bb22-2f3135df90f1/business_strategy.json,reports,.json,17194
reports/content_packages/sig-test-001/runs/3ed7a0f5-ef27-42d2-bb22-2f3135df90f1/editorial_acceptance.json,reports,.json,236
reports/content_packages/sig-test-001/runs/3ed7a0f5-ef27-42d2-bb22-2f3135df90f1/generated.json,reports,.json,1033
reports/content_packages/sig-test-001/runs/3ed7a0f5-ef27-42d2-bb22-2f3135df90f1/publication_results.json,reports,.json,1079
reports/content_packages/sig-test-001/runs/3f15abfb-2b3d-4a63-acf5-596edfe6297a/business_strategy.json,reports,.json,17194
reports/content_packages/sig-test-001/runs/3f15abfb-2b3d-4a63-acf5-596edfe6297a/generated.json,reports,.json,1228
reports/content_packages/sig-test-001/runs/3f16a669-fbb8-415c-af63-b16fa3ad41ee/business_strategy.json,reports,.json,17194
reports/content_packages/sig-test-001/runs/3f16a669-fbb8-415c-af63-b16fa3ad41ee/generated.json,reports,.json,1033
reports/content_packages/sig-test-001/runs/3f2dbf0e-329d-43bb-b7ae-c9b613141532/generated.json,reports,.json,798
reports/content_packages/sig-test-001/runs/3f684572-4521-4153-8a3a-28d0ac3a43de/assignment.json,reports,.json,857
reports/content_packages/sig-test-001/runs/3f684572-4521-4153-8a3a-28d0ac3a43de/business_strategy.json,reports,.json,17194
reports/content_packages/sig-test-001/runs/4020749a-b059-47f5-acc4-26a4012b90a8/assignment.json,reports,.json,849
reports/content_packages/sig-test-001/runs/4020749a-b059-47f5-acc4-26a4012b90a8/business_strategy.json,reports,.json,17194
reports/content_packages/sig-test-001/runs/4020749a-b059-47f5-acc4-26a4012b90a8/editorial_acceptance.json,reports,.json,289
reports/content_packages/sig-test-001/runs/4020749a-b059-47f5-acc4-26a4012b90a8/generated.json,reports,.json,1033
reports/content_packages/sig-test-001/runs/40b519d1-55eb-42e8-9df5-f912fc312c8d/business_strategy.json,reports,.json,17194
reports/content_packages/sig-test-001/runs/40b519d1-55eb-42e8-9df5-f912fc312c8d/generated.json,reports,.json,1228
reports/content_packages/sig-test-001/runs/40b519d1-55eb-42e8-9df5-f912fc312c8d/publication_results.json,reports,.json,1079
reports/content_packages/sig-test-001/runs/40ebfa38-ab41-46c0-9547-dc2fcd194200/business_strategy.json,reports,.json,17194
reports/content_packages/sig-test-001/runs/40ebfa38-ab41-46c0-9547-dc2fcd194200/editorial_acceptance.json,reports,.json,236
reports/content_packages/sig-test-001/runs/40ebfa38-ab41-46c0-9547-dc2fcd194200/generated.json,reports,.json,1033
reports/content_packages/sig-test-001/runs/41b20f97-b3bf-43b5-a160-f4b46a07f7f0/assignment.json,reports,.json,849
reports/content_packages/sig-test-001/runs/41b20f97-b3bf-43b5-a160-f4b46a07f7f0/business_strategy.json,reports,.json,17194
reports/content_packages/sig-test-001/runs/41fa6e40-9906-47b3-8e36-23d442f8d218/assignment.json,reports,.json,849
reports/content_packages/sig-test-001/runs/41fa6e40-9906-47b3-8e36-23d442f8d218/business_strategy.json,reports,.json,17194
reports/content_packages/sig-test-001/runs/41fa6e40-9906-47b3-8e36-23d442f8d218/editorial_acceptance.json,reports,.json,289
reports/content_packages/sig-test-001/runs/41fa6e40-9906-47b3-8e36-23d442f8d218/generated.json,reports,.json,1033
reports/content_packages/sig-test-001/runs/41ffc14e-84e3-4e3c-85d9-a267fb5ce2c6/generated.json,reports,.json,932
reports/content_packages/sig-test-001/runs/41ffc14e-84e3-4e3c-85d9-a267fb5ce2c6/publication_results.json,reports,.json,978
reports/content_packages/sig-test-001/runs/42082afa-9049-44d8-a212-fb9b667664d1/assignment.json,reports,.json,849
reports/content_packages/sig-test-001/runs/42082afa-9049-44d8-a212-fb9b667664d1/business_strategy.json,reports,.json,17194
reports/content_packages/sig-test-001/runs/42082afa-9049-44d8-a212-fb9b667664d1/editorial_acceptance.json,reports,.json,289
reports/content_packages/sig-test-001/runs/42082afa-9049-44d8-a212-fb9b667664d1/generated.json,reports,.json,1033
reports/content_packages/sig-test-001/runs/42a85430-2674-4d8d-a05a-7b9232b3fd18/business_strategy.json,reports,.json,17194
reports/content_packages/sig-test-001/runs/42a85430-2674-4d8d-a05a-7b9232b3fd18/generated.json,reports,.json,1033
reports/content_packages/sig-test-001/runs/42a85430-2674-4d8d-a05a-7b9232b3fd18/publication_results.json,reports,.json,1079
reports/content_packages/sig-test-001/runs/42caf578-1491-4869-9e66-1bb5b801b56d/business_strategy.json,reports,.json,17194
reports/content_packages/sig-test-001/runs/42da6530-594a-4c95-8a4c-f1e4eb70c9b7/business_strategy.json,reports,.json,17194
reports/content_packages/sig-test-001/runs/42da6530-594a-4c95-8a4c-f1e4eb70c9b7/generated.json,reports,.json,1033
reports/content_packages/sig-test-001/runs/42da6530-594a-4c95-8a4c-f1e4eb70c9b7/publication_results.json,reports,.json,1079
reports/content_packages/sig-test-001/runs/42fa1354-504b-4aaa-9001-74b2a7009105/business_strategy.json,reports,.json,17194
reports/content_packages/sig-test-001/runs/42fa1354-504b-4aaa-9001-74b2a7009105/generated.json,reports,.json,1033
reports/content_packages/sig-test-001/runs/430b0231-a893-4428-9351-5c530319fa21/generated.json,reports,.json,798
reports/content_packages/sig-test-001/runs/437b0717-226a-4f65-a7a9-584e74b83265/assignment.json,reports,.json,849
reports/content_packages/sig-test-001/runs/437b0717-226a-4f65-a7a9-584e74b83265/business_strategy.json,reports,.json,17194
reports/content_packages/sig-test-001/runs/437b0717-226a-4f65-a7a9-584e74b83265/editorial_acceptance.json,reports,.json,289
reports/content_packages/sig-test-001/runs/437b0717-226a-4f65-a7a9-584e74b83265/generated.json,reports,.json,1033
reports/content_packages/sig-test-001/runs/4380b74d-bf5c-45c7-9b4c-c9dd2108387f/assignment.json,reports,.json,849
reports/content_packages/sig-test-001/runs/4380b74d-bf5c-45c7-9b4c-c9dd2108387f/business_strategy.json,reports,.json,17194
reports/content_packages/sig-test-001/runs/4380b74d-bf5c-45c7-9b4c-c9dd2108387f/editorial_acceptance.json,reports,.json,289
reports/content_packages/sig-test-001/runs/4380b74d-bf5c-45c7-9b4c-c9dd2108387f/generated.json,reports,.json,1033
reports/content_packages/sig-test-001/runs/43a7a7a2-ec2c-4bb0-b8a2-7bc70e7fc315/assignment.json,reports,.json,857
reports/content_packages/sig-test-001/runs/43a7a7a2-ec2c-4bb0-b8a2-7bc70e7fc315/business_strategy.json,reports,.json,17194
reports/content_packages/sig-test-001/runs/43a7a7a2-ec2c-4bb0-b8a2-7bc70e7fc315/editorial_acceptance.json,reports,.json,289
reports/content_packages/sig-test-001/runs/43a7a7a2-ec2c-4bb0-b8a2-7bc70e7fc315/generated.json,reports,.json,1033
reports/content_packages/sig-test-001/runs/43a7a7a2-ec2c-4bb0-b8a2-7bc70e7fc315/publication_results.json,reports,.json,1160
reports/content_packages/sig-test-001/runs/43ce814e-79de-4bab-9d3b-4f6920b88882/assignment.json,reports,.json,849
reports/content_packages/sig-test-001/runs/43ce814e-79de-4bab-9d3b-4f6920b88882/business_strategy.json,reports,.json,17194
reports/content_packages/sig-test-001/runs/43ce814e-79de-4bab-9d3b-4f6920b88882/editorial_acceptance.json,reports,.json,289
reports/content_packages/sig-test-001/runs/43ce814e-79de-4bab-9d3b-4f6920b88882/generated.json,reports,.json,1033
reports/content_packages/sig-test-001/runs/43d6dfd2-23c9-40ce-936d-bf11fb40770a/assignment.json,reports,.json,857
reports/content_packages/sig-test-001/runs/43d6dfd2-23c9-40ce-936d-bf11fb40770a/business_strategy.json,reports,.json,17194
reports/content_packages/sig-test-001/runs/43d6dfd2-23c9-40ce-936d-bf11fb40770a/editorial_acceptance.json,reports,.json,289
reports/content_packages/sig-test-001/runs/43d6dfd2-23c9-40ce-936d-bf11fb40770a/generated.json,reports,.json,1033
reports/content_packages/sig-test-001/runs/43d6dfd2-23c9-40ce-936d-bf11fb40770a/publication_results.json,reports,.json,1079
reports/content_packages/sig-test-001/runs/43deb248-4807-4ab3-b51c-7cb99a8cd69c/assignment.json,reports,.json,849
reports/content_packages/sig-test-001/runs/43deb248-4807-4ab3-b51c-7cb99a8cd69c/business_strategy.json,reports,.json,17194
reports/content_packages/sig-test-001/runs/43deb248-4807-4ab3-b51c-7cb99a8cd69c/editorial_acceptance.json,reports,.json,289
reports/content_packages/sig-test-001/runs/43deb248-4807-4ab3-b51c-7cb99a8cd69c/generated.json,reports,.json,1033
reports/content_packages/sig-test-001/runs/4482eb6a-72ab-4272-a448-3b905560382e/assignment.json,reports,.json,857
reports/content_packages/sig-test-001/runs/4482eb6a-72ab-4272-a448-3b905560382e/business_strategy.json,reports,.json,17194
reports/content_packages/sig-test-001/runs/4482eb6a-72ab-4272-a448-3b905560382e/editorial_acceptance.json,reports,.json,289
reports/content_packages/sig-test-001/runs/4482eb6a-72ab-4272-a448-3b905560382e/generated.json,reports,.json,1033
reports/content_packages/sig-test-001/runs/4482eb6a-72ab-4272-a448-3b905560382e/publication_results.json,reports,.json,1079
reports/content_packages/sig-test-001/runs/44a735b6-84d8-4ebc-b178-cb3a0541b51a/assignment.json,reports,.json,849
reports/content_packages/sig-test-001/runs/44a735b6-84d8-4ebc-b178-cb3a0541b51a/business_strategy.json,reports,.json,17194
reports/content_packages/sig-test-001/runs/44a735b6-84d8-4ebc-b178-cb3a0541b51a/editorial_acceptance.json,reports,.json,289
reports/content_packages/sig-test-001/runs/44a735b6-84d8-4ebc-b178-cb3a0541b51a/generated.json,reports,.json,1033
reports/content_packages/sig-test-001/runs/44ebfd8c-96b8-45f1-bd44-bdb307f6a6e7/business_strategy.json,reports,.json,17194
reports/content_packages/sig-test-001/runs/44ebfd8c-96b8-45f1-bd44-bdb307f6a6e7/generated.json,reports,.json,1033
reports/content_packages/sig-test-001/runs/452fa3f7-55b9-46a5-b304-845e5c72fea6/assignment.json,reports,.json,849
reports/content_packages/sig-test-001/runs/452fa3f7-55b9-46a5-b304-845e5c72fea6/business_strategy.json,reports,.json,17194
reports/content_packages/sig-test-001/runs/452fa3f7-55b9-46a5-b304-845e5c72fea6/editorial_acceptance.json,reports,.json,289
reports/content_packages/sig-test-001/runs/452fa3f7-55b9-46a5-b304-845e5c72fea6/generated.json,reports,.json,1033
reports/content_packages/sig-test-001/runs/453df6e8-b833-4e34-a074-c9e14378e58f/assignment.json,reports,.json,857
reports/content_packages/sig-test-001/runs/453df6e8-b833-4e34-a074-c9e14378e58f/business_strategy.json,reports,.json,17194
reports/content_packages/sig-test-001/runs/453df6e8-b833-4e34-a074-c9e14378e58f/run_report.json,reports,.json,895
reports/content_packages/sig-test-001/runs/45835a39-b8cd-4841-91a8-bfbcd7bc5cb4/assignment.json,reports,.json,849
reports/content_packages/sig-test-001/runs/45835a39-b8cd-4841-91a8-bfbcd7bc5cb4/business_strategy.json,reports,.json,17194
reports/content_packages/sig-test-001/runs/45c44f7a-d56a-4d8e-9f94-09d4851e553a/business_strategy.json,reports,.json,17194
reports/content_packages/sig-test-001/runs/460ffaa4-0012-4e17-8929-32cc73892c6b/assignment.json,reports,.json,857
reports/content_packages/sig-test-001/runs/460ffaa4-0012-4e17-8929-32cc73892c6b/business_strategy.json,reports,.json,17194
reports/content_packages/sig-test-001/runs/460ffaa4-0012-4e17-8929-32cc73892c6b/editorial_acceptance.json,reports,.json,289
reports/content_packages/sig-test-001/runs/460ffaa4-0012-4e17-8929-32cc73892c6b/generated.json,reports,.json,1033
reports/content_packages/sig-test-001/runs/460ffaa4-0012-4e17-8929-32cc73892c6b/publication_results.json,reports,.json,1079
reports/content_packages/sig-test-001/runs/462a5bfa-fa6b-434d-94b1-dffa8b9fcb47/assignment.json,reports,.json,857
reports/content_packages/sig-test-001/runs/462a5bfa-fa6b-434d-94b1-dffa8b9fcb47/business_strategy.json,reports,.json,17194
reports/content_packages/sig-test-001/runs/462a5bfa-fa6b-434d-94b1-dffa8b9fcb47/editorial_acceptance.json,reports,.json,289
reports/content_packages/sig-test-001/runs/462a5bfa-fa6b-434d-94b1-dffa8b9fcb47/generated.json,reports,.json,1033
reports/content_packages/sig-test-001/runs/462a5bfa-fa6b-434d-94b1-dffa8b9fcb47/publication_results.json,reports,.json,1160
reports/content_packages/sig-test-001/runs/4648853a-82e7-4e14-8010-c687b4620273/generated.json,reports,.json,798
reports/content_packages/sig-test-001/runs/4648853a-82e7-4e14-8010-c687b4620273/publication_results.json,reports,.json,844
reports/content_packages/sig-test-001/runs/46536b03-2b7c-4301-b0ac-d997502a5505/business_strategy.json,reports,.json,17194
reports/content_packages/sig-test-001/runs/465a4e68-9ba3-4849-add5-e34500895245/business_strategy.json,reports,.json,17194
reports/content_packages/sig-test-001/runs/465a4e68-9ba3-4849-add5-e34500895245/generated.json,reports,.json,1033
reports/content_packages/sig-test-001/runs/4693d041-faee-49f5-97dc-bbdacbc5cf21/assignment.json,reports,.json,857
reports/content_packages/sig-test-001/runs/4693d041-faee-49f5-97dc-bbdacbc5cf21/business_strategy.json,reports,.json,17194
reports/content_packages/sig-test-001/runs/4693d041-faee-49f5-97dc-bbdacbc5cf21/editorial_acceptance.json,reports,.json,289
reports/content_packages/sig-test-001/runs/4693d041-faee-49f5-97dc-bbdacbc5cf21/generated.json,reports,.json,1033
reports/content_packages/sig-test-001/runs/4693d041-faee-49f5-97dc-bbdacbc5cf21/publication_results.json,reports,.json,1079
reports/content_packages/sig-test-001/runs/46c7a830-4201-4c28-9142-1aa4a987343e/assignment.json,reports,.json,849
reports/content_packages/sig-test-001/runs/46c7a830-4201-4c28-9142-1aa4a987343e/business_strategy.json,reports,.json,17194
reports/content_packages/sig-test-001/runs/46c7a830-4201-4c28-9142-1aa4a987343e/editorial_acceptance.json,reports,.json,289
reports/content_packages/sig-test-001/runs/46c7a830-4201-4c28-9142-1aa4a987343e/generated.json,reports,.json,1033
reports/content_packages/sig-test-001/runs/46cf85d6-b9fe-42c3-be1f-ac72ed1aea06/assignment.json,reports,.json,849
reports/content_packages/sig-test-001/runs/46cf85d6-b9fe-42c3-be1f-ac72ed1aea06/business_strategy.json,reports,.json,17194
reports/content_packages/sig-test-001/runs/46cf85d6-b9fe-42c3-be1f-ac72ed1aea06/editorial_acceptance.json,reports,.json,289
reports/content_packages/sig-test-001/runs/46cf85d6-b9fe-42c3-be1f-ac72ed1aea06/generated.json,reports,.json,1033
reports/content_packages/sig-test-001/runs/46f86c1c-0d76-4fd1-9c37-ee3449f38c7c/assignment.json,reports,.json,849
reports/content_packages/sig-test-001/runs/46f86c1c-0d76-4fd1-9c37-ee3449f38c7c/business_strategy.json,reports,.json,17194
reports/content_packages/sig-test-001/runs/46f86c1c-0d76-4fd1-9c37-ee3449f38c7c/editorial_acceptance.json,reports,.json,289
reports/content_packages/sig-test-001/runs/46f86c1c-0d76-4fd1-9c37-ee3449f38c7c/generated.json,reports,.json,1033
reports/content_packages/sig-test-001/runs/4708e39d-1089-42e2-9c7e-a86ec5eae606/assignment.json,reports,.json,857
reports/content_packages/sig-test-001/runs/4708e39d-1089-42e2-9c7e-a86ec5eae606/business_strategy.json,reports,.json,17194
reports/content_packages/sig-test-001/runs/475429df-bcf7-4a0e-b8aa-22595b4078c9/assignment.json,reports,.json,857
reports/content_packages/sig-test-001/runs/475429df-bcf7-4a0e-b8aa-22595b4078c9/business_strategy.json,reports,.json,17194
reports/content_packages/sig-test-001/runs/475429df-bcf7-4a0e-b8aa-22595b4078c9/editorial_acceptance.json,reports,.json,289
reports/content_packages/sig-test-001/runs/475429df-bcf7-4a0e-b8aa-22595b4078c9/generated.json,reports,.json,1033
reports/content_packages/sig-test-001/runs/475429df-bcf7-4a0e-b8aa-22595b4078c9/publication_results.json,reports,.json,1079
reports/content_packages/sig-test-001/runs/475db85c-062a-449e-bb08-6a91a9ac9e94/business_strategy.json,reports,.json,17194
reports/content_packages/sig-test-001/runs/475db85c-062a-449e-bb08-6a91a9ac9e94/generated.json,reports,.json,1033
reports/content_packages/sig-test-001/runs/475db85c-062a-449e-bb08-6a91a9ac9e94/publication_results.json,reports,.json,1079
reports/content_packages/sig-test-001/runs/47602ef1-f5aa-43f5-9ac1-3614e2910314/assignment.json,reports,.json,857
reports/content_packages/sig-test-001/runs/47602ef1-f5aa-43f5-9ac1-3614e2910314/business_strategy.json,reports,.json,17194
reports/content_packages/sig-test-001/runs/47602ef1-f5aa-43f5-9ac1-3614e2910314/editorial_acceptance.json,reports,.json,289
reports/content_packages/sig-test-001/runs/47602ef1-f5aa-43f5-9ac1-3614e2910314/generated.json,reports,.json,1033
reports/content_packages/sig-test-001/runs/47602ef1-f5aa-43f5-9ac1-3614e2910314/publication_results.json,reports,.json,1079
reports/content_packages/sig-test-001/runs/47751b7b-261a-4594-a0f7-3ca445021ccf/assignment.json,reports,.json,849
reports/content_packages/sig-test-001/runs/47751b7b-261a-4594-a0f7-3ca445021ccf/business_strategy.json,reports,.json,17194
reports/content_packages/sig-test-001/runs/47751b7b-261a-4594-a0f7-3ca445021ccf/editorial_acceptance.json,reports,.json,289
reports/content_packages/sig-test-001/runs/47751b7b-261a-4594-a0f7-3ca445021ccf/generated.json,reports,.json,1033
reports/content_packages/sig-test-001/runs/47a56571-2d8e-4b6b-a9c7-db4f3f0094b1/business_strategy.json,reports,.json,17194
reports/content_packages/sig-test-001/runs/47cf37c6-2906-4654-a402-ef824f4e29a4/business_strategy.json,reports,.json,17194
reports/content_packages/sig-test-001/runs/47cf37c6-2906-4654-a402-ef824f4e29a4/editorial_acceptance.json,reports,.json,236
reports/content_packages/sig-test-001/runs/47cf37c6-2906-4654-a402-ef824f4e29a4/generated.json,reports,.json,1033
reports/content_packages/sig-test-001/runs/47cf37c6-2906-4654-a402-ef824f4e29a4/publication_results.json,reports,.json,1079
reports/content_packages/sig-test-001/runs/47f3f9eb-322a-43dc-bdf5-c70e169ce670/assignment.json,reports,.json,849
reports/content_packages/sig-test-001/runs/47f3f9eb-322a-43dc-bdf5-c70e169ce670/business_strategy.json,reports,.json,17194
reports/content_packages/sig-test-001/runs/47f3f9eb-322a-43dc-bdf5-c70e169ce670/editorial_acceptance.json,reports,.json,289
reports/content_packages/sig-test-001/runs/47f3f9eb-322a-43dc-bdf5-c70e169ce670/generated.json,reports,.json,1033
reports/content_packages/sig-test-001/runs/47f3fbe8-2e9d-47b7-9e33-09cebd3ed92f/generated.json,reports,.json,798
reports/content_packages/sig-test-001/runs/480e8c12-a2e9-4ae2-ba9b-db121a979862/assignment.json,reports,.json,857
reports/content_packages/sig-test-001/runs/480e8c12-a2e9-4ae2-ba9b-db121a979862/business_strategy.json,reports,.json,17194
reports/content_packages/sig-test-001/runs/480e8c12-a2e9-4ae2-ba9b-db121a979862/editorial_acceptance.json,reports,.json,289
reports/content_packages/sig-test-001/runs/480e8c12-a2e9-4ae2-ba9b-db121a979862/generated.json,reports,.json,1033
reports/content_packages/sig-test-001/runs/480e8c12-a2e9-4ae2-ba9b-db121a979862/publication_results.json,reports,.json,1160
reports/content_packages/sig-test-001/runs/48172d3e-92c5-4f6b-a1f2-477883f19b34/assignment.json,reports,.json,849
reports/content_packages/sig-test-001/runs/48172d3e-92c5-4f6b-a1f2-477883f19b34/business_strategy.json,reports,.json,17194
reports/content_packages/sig-test-001/runs/48172d3e-92c5-4f6b-a1f2-477883f19b34/editorial_acceptance.json,reports,.json,289
reports/content_packages/sig-test-001/runs/48172d3e-92c5-4f6b-a1f2-477883f19b34/generated.json,reports,.json,1033
reports/content_packages/sig-test-001/runs/482082cc-8bb0-4691-b01c-c4b0d5693f4e/assignment.json,reports,.json,857
reports/content_packages/sig-test-001/runs/482082cc-8bb0-4691-b01c-c4b0d5693f4e/business_strategy.json,reports,.json,17194
reports/content_packages/sig-test-001/runs/482082cc-8bb0-4691-b01c-c4b0d5693f4e/editorial_acceptance.json,reports,.json,289
reports/content_packages/sig-test-001/runs/482082cc-8bb0-4691-b01c-c4b0d5693f4e/generated.json,reports,.json,1033
reports/content_packages/sig-test-001/runs/482082cc-8bb0-4691-b01c-c4b0d5693f4e/publication_results.json,reports,.json,1079
reports/content_packages/sig-test-001/runs/4829bdfa-5bba-4601-8a09-203c2a6f8e18/business_strategy.json,reports,.json,17194
reports/content_packages/sig-test-001/runs/4829bdfa-5bba-4601-8a09-203c2a6f8e18/editorial_acceptance.json,reports,.json,236
reports/content_packages/sig-test-001/runs/4829bdfa-5bba-4601-8a09-203c2a6f8e18/generated.json,reports,.json,1033
reports/content_packages/sig-test-001/runs/4829bdfa-5bba-4601-8a09-203c2a6f8e18/publication_results.json,reports,.json,1079
reports/content_packages/sig-test-001/runs/487be76d-2d3b-4f31-9250-e578ecd4bfbe/business_strategy.json,reports,.json,17194
reports/content_packages/sig-test-001/runs/487be76d-2d3b-4f31-9250-e578ecd4bfbe/generated.json,reports,.json,1033
reports/content_packages/sig-test-001/runs/48a8cd42-35bb-4921-95ac-e310a5a92080/assignment.json,reports,.json,857
reports/content_packages/sig-test-001/runs/48a8cd42-35bb-4921-95ac-e310a5a92080/business_strategy.json,reports,.json,17194
reports/content_packages/sig-test-001/runs/48a8cd42-35bb-4921-95ac-e310a5a92080/editorial_acceptance.json,reports,.json,289
reports/content_packages/sig-test-001/runs/48a8cd42-35bb-4921-95ac-e310a5a92080/generated.json,reports,.json,1033
reports/content_packages/sig-test-001/runs/48c0573b-c1fb-455c-9ea2-42e5682f4533/generated.json,reports,.json,798
reports/content_packages/sig-test-001/runs/48c47fab-216d-4709-bc6c-c8feee04b2be/assignment.json,reports,.json,849
reports/content_packages/sig-test-001/runs/48c47fab-216d-4709-bc6c-c8feee04b2be/business_strategy.json,reports,.json,17194
reports/content_packages/sig-test-001/runs/48c47fab-216d-4709-bc6c-c8feee04b2be/editorial_acceptance.json,reports,.json,289
reports/content_packages/sig-test-001/runs/48c47fab-216d-4709-bc6c-c8feee04b2be/generated.json,reports,.json,1033
reports/content_packages/sig-test-001/runs/48c8496e-353b-409d-beaf-f354a9133dd9/business_strategy.json,reports,.json,17194
reports/content_packages/sig-test-001/runs/492e2e5e-014f-40df-8bbf-df3f1b2f6a82/business_strategy.json,reports,.json,17194
reports/content_packages/sig-test-001/runs/492e2e5e-014f-40df-8bbf-df3f1b2f6a82/generated.json,reports,.json,1228
reports/content_packages/sig-test-001/runs/492e2e5e-014f-40df-8bbf-df3f1b2f6a82/publication_results.json,reports,.json,1079
reports/content_packages/sig-test-001/runs/49976c55-cca2-434a-b686-c3e2e26aaacb/assignment.json,reports,.json,849
reports/content_packages/sig-test-001/runs/49976c55-cca2-434a-b686-c3e2e26aaacb/business_strategy.json,reports,.json,17194
reports/content_packages/sig-test-001/runs/49976c55-cca2-434a-b686-c3e2e26aaacb/editorial_acceptance.json,reports,.json,289
reports/content_packages/sig-test-001/runs/49976c55-cca2-434a-b686-c3e2e26aaacb/generated.json,reports,.json,1033
reports/content_packages/sig-test-001/runs/49f428b0-f0df-4715-a303-e4e12443652b/business_strategy.json,reports,.json,17194
reports/content_packages/sig-test-001/runs/49f428b0-f0df-4715-a303-e4e12443652b/editorial_acceptance.json,reports,.json,236
reports/content_packages/sig-test-001/runs/49f428b0-f0df-4715-a303-e4e12443652b/generated.json,reports,.json,1033
reports/content_packages/sig-test-001/runs/49f68be2-385a-493d-8542-36896c1045d9/assignment.json,reports,.json,857
reports/content_packages/sig-test-001/runs/49f68be2-385a-493d-8542-36896c1045d9/business_strategy.json,reports,.json,17194
reports/content_packages/sig-test-001/runs/49f68be2-385a-493d-8542-36896c1045d9/editorial_acceptance.json,reports,.json,289
reports/content_packages/sig-test-001/runs/49f68be2-385a-493d-8542-36896c1045d9/generated.json,reports,.json,1033
reports/content_packages/sig-test-001/runs/49f68be2-385a-493d-8542-36896c1045d9/publication_results.json,reports,.json,1079
reports/content_packages/sig-test-001/runs/4a3ea9b5-276a-4e09-b470-84aa71ab9221/assignment.json,reports,.json,849
reports/content_packages/sig-test-001/runs/4a3ea9b5-276a-4e09-b470-84aa71ab9221/business_strategy.json,reports,.json,17194
reports/content_packages/sig-test-001/runs/4a3ea9b5-276a-4e09-b470-84aa71ab9221/editorial_acceptance.json,reports,.json,289
reports/content_packages/sig-test-001/runs/4a3ea9b5-276a-4e09-b470-84aa71ab9221/generated.json,reports,.json,1033
reports/content_packages/sig-test-001/runs/4a64fe9c-ecd9-46ff-8faa-ca024e959c23/generated.json,reports,.json,798
reports/content_packages/sig-test-001/runs/4a847137-2103-4ec9-bc40-011e53c662ca/business_strategy.json,reports,.json,17194
reports/content_packages/sig-test-001/runs/4a847137-2103-4ec9-bc40-011e53c662ca/editorial_acceptance.json,reports,.json,236
reports/content_packages/sig-test-001/runs/4a847137-2103-4ec9-bc40-011e53c662ca/generated.json,reports,.json,1033
reports/content_packages/sig-test-001/runs/4a847137-2103-4ec9-bc40-011e53c662ca/publication_results.json,reports,.json,1079
reports/content_packages/sig-test-001/runs/4ab29655-98f7-4497-b5e9-199b47a6c525/business_strategy.json,reports,.json,17194
reports/content_packages/sig-test-001/runs/4ae8f269-f3c3-4986-89a2-ac4789acc6d4/generated.json,reports,.json,798
reports/content_packages/sig-test-001/runs/4b0fc4a3-a562-4786-9e59-ae36ac903231/business_strategy.json,reports,.json,17194
reports/content_packages/sig-test-001/runs/4b0fc4a3-a562-4786-9e59-ae36ac903231/editorial_acceptance.json,reports,.json,236
reports/content_packages/sig-test-001/runs/4b0fc4a3-a562-4786-9e59-ae36ac903231/generated.json,reports,.json,1033
reports/content_packages/sig-test-001/runs/4b0fc4a3-a562-4786-9e59-ae36ac903231/publication_results.json,reports,.json,1079
reports/content_packages/sig-test-001/runs/4b57cab1-1918-4ee7-85c3-82c77351bf22/business_strategy.json,reports,.json,17194
reports/content_packages/sig-test-001/runs/4b5db84b-b646-4395-aa4e-9b1293297622/business_strategy.json,reports,.json,17194
reports/content_packages/sig-test-001/runs/4b70257f-ed26-4693-85c3-6e06219d1689/business_strategy.json,reports,.json,17194
reports/content_packages/sig-test-001/runs/4b70257f-ed26-4693-85c3-6e06219d1689/editorial_acceptance.json,reports,.json,236
reports/content_packages/sig-test-001/runs/4b70257f-ed26-4693-85c3-6e06219d1689/generated.json,reports,.json,1033
reports/content_packages/sig-test-001/runs/4b70257f-ed26-4693-85c3-6e06219d1689/publication_results.json,reports,.json,1079
reports/content_packages/sig-test-001/runs/4b73b195-b1ea-4063-bb3a-394b8d2abb31/business_strategy.json,reports,.json,17194
reports/content_packages/sig-test-001/runs/4b73b195-b1ea-4063-bb3a-394b8d2abb31/generated.json,reports,.json,1033
reports/content_packages/sig-test-001/runs/4bd6e9f1-0c5e-4b61-9a8f-2a357268b820/business_strategy.json,reports,.json,17194
reports/content_packages/sig-test-001/runs/4bd6e9f1-0c5e-4b61-9a8f-2a357268b820/generated.json,reports,.json,1033
reports/content_packages/sig-test-001/runs/4bf4d7cc-46ed-4ac0-ab10-fbaeccfe3eef/assignment.json,reports,.json,849
reports/content_packages/sig-test-001/runs/4bf4d7cc-46ed-4ac0-ab10-fbaeccfe3eef/business_strategy.json,reports,.json,17194
reports/content_packages/sig-test-001/runs/4bf4d7cc-46ed-4ac0-ab10-fbaeccfe3eef/editorial_acceptance.json,reports,.json,289
reports/content_packages/sig-test-001/runs/4bf4d7cc-46ed-4ac0-ab10-fbaeccfe3eef/generated.json,reports,.json,1033
reports/content_packages/sig-test-001/runs/4bfcc9d5-1f38-4133-8b25-528ac1f8cf8c/business_strategy.json,reports,.json,17194
reports/content_packages/sig-test-001/runs/4c4ec1b0-059c-4e4e-b51b-36c4721b5c1c/assignment.json,reports,.json,857
reports/content_packages/sig-test-001/runs/4c4ec1b0-059c-4e4e-b51b-36c4721b5c1c/business_strategy.json,reports,.json,17194
reports/content_packages/sig-test-001/runs/4c4ec1b0-059c-4e4e-b51b-36c4721b5c1c/editorial_acceptance.json,reports,.json,289
reports/content_packages/sig-test-001/runs/4c4ec1b0-059c-4e4e-b51b-36c4721b5c1c/generated.json,reports,.json,1033
reports/content_packages/sig-test-001/runs/4c4ec1b0-059c-4e4e-b51b-36c4721b5c1c/publication_results.json,reports,.json,1160
reports/content_packages/sig-test-001/runs/4c5a0c1e-c31b-4f1c-855b-5d3af4cca00a/generated.json,reports,.json,798
reports/content_packages/sig-test-001/runs/4c841ae8-11ab-4c71-9869-a41164f539b8/assignment.json,reports,.json,857
reports/content_packages/sig-test-001/runs/4c841ae8-11ab-4c71-9869-a41164f539b8/business_strategy.json,reports,.json,17194
reports/content_packages/sig-test-001/runs/4c8bb437-25e2-4c1f-830d-327ad537c564/generated.json,reports,.json,798
reports/content_packages/sig-test-001/runs/4cc36add-126a-42ba-b549-ff79aa108c0b/generated.json,reports,.json,932
reports/content_packages/sig-test-001/runs/4d2ae1c1-0c2d-4754-9553-63bc72894bb1/assignment.json,reports,.json,849
reports/content_packages/sig-test-001/runs/4d2ae1c1-0c2d-4754-9553-63bc72894bb1/business_strategy.json,reports,.json,17194
reports/content_packages/sig-test-001/runs/4d2ae1c1-0c2d-4754-9553-63bc72894bb1/editorial_acceptance.json,reports,.json,289
reports/content_packages/sig-test-001/runs/4d2ae1c1-0c2d-4754-9553-63bc72894bb1/generated.json,reports,.json,1033
reports/content_packages/sig-test-001/runs/4d4c9860-e6d8-46ce-8d95-1f21c4792fd2/business_strategy.json,reports,.json,17194
reports/content_packages/sig-test-001/runs/4e107391-d289-42a5-8fb3-38f6e7c54071/generated.json,reports,.json,798
reports/content_packages/sig-test-001/runs/4e107391-d289-42a5-8fb3-38f6e7c54071/publication_results.json,reports,.json,844
reports/content_packages/sig-test-001/runs/4e2f39a9-a4d5-42ab-b7c6-c92868036a21/business_strategy.json,reports,.json,17194
reports/content_packages/sig-test-001/runs/4e2f39a9-a4d5-42ab-b7c6-c92868036a21/generated.json,reports,.json,1033
reports/content_packages/sig-test-001/runs/4e3adf29-e583-4153-9a80-f82f20dc2958/business_strategy.json,reports,.json,17194
reports/content_packages/sig-test-001/runs/4e4db1c2-9a2d-4e1d-97ef-a47c0394e7ff/assignment.json,reports,.json,849
reports/content_packages/sig-test-001/runs/4e4db1c2-9a2d-4e1d-97ef-a47c0394e7ff/business_strategy.json,reports,.json,17194
reports/content_packages/sig-test-001/runs/4e4db1c2-9a2d-4e1d-97ef-a47c0394e7ff/editorial_acceptance.json,reports,.json,289
reports/content_packages/sig-test-001/runs/4e4db1c2-9a2d-4e1d-97ef-a47c0394e7ff/generated.json,reports,.json,1033
reports/content_packages/sig-test-001/runs/4e516b7c-18d7-4970-8cf9-a3c71b7f3c98/business_strategy.json,reports,.json,17194
reports/content_packages/sig-test-001/runs/4e807c42-7fb5-4a8b-8057-06747b2b78c4/assignment.json,reports,.json,849
reports/content_packages/sig-test-001/runs/4e807c42-7fb5-4a8b-8057-06747b2b78c4/business_strategy.json,reports,.json,17194
reports/content_packages/sig-test-001/runs/4e807c42-7fb5-4a8b-8057-06747b2b78c4/editorial_acceptance.json,reports,.json,289
reports/content_packages/sig-test-001/runs/4e807c42-7fb5-4a8b-8057-06747b2b78c4/generated.json,reports,.json,1033
reports/content_packages/sig-test-001/runs/4e8779cb-a634-43d7-a4a1-1b04ea88edd9/assignment.json,reports,.json,849
reports/content_packages/sig-test-001/runs/4e8779cb-a634-43d7-a4a1-1b04ea88edd9/business_strategy.json,reports,.json,17194
reports/content_packages/sig-test-001/runs/4e9eb49f-28fa-443b-bba2-0a921af23ef7/assignment.json,reports,.json,857
reports/content_packages/sig-test-001/runs/4e9eb49f-28fa-443b-bba2-0a921af23ef7/business_strategy.json,reports,.json,17194
reports/content_packages/sig-test-001/runs/4e9eb49f-28fa-443b-bba2-0a921af23ef7/editorial_acceptance.json,reports,.json,289
reports/content_packages/sig-test-001/runs/4e9eb49f-28fa-443b-bba2-0a921af23ef7/generated.json,reports,.json,1033
reports/content_packages/sig-test-001/runs/4e9eb49f-28fa-443b-bba2-0a921af23ef7/publication_results.json,reports,.json,1160
reports/content_packages/sig-test-001/runs/4ecef753-b925-441d-bd5d-fb8994ac7e1e/assignment.json,reports,.json,849
reports/content_packages/sig-test-001/runs/4ecef753-b925-441d-bd5d-fb8994ac7e1e/business_strategy.json,reports,.json,17194
reports/content_packages/sig-test-001/runs/4ecef753-b925-441d-bd5d-fb8994ac7e1e/editorial_acceptance.json,reports,.json,289
reports/content_packages/sig-test-001/runs/4ecef753-b925-441d-bd5d-fb8994ac7e1e/generated.json,reports,.json,1033
reports/content_packages/sig-test-001/runs/4ee127e5-4e72-4a4a-8999-a385d7cc4641/assignment.json,reports,.json,857
reports/content_packages/sig-test-001/runs/4ee127e5-4e72-4a4a-8999-a385d7cc4641/business_strategy.json,reports,.json,17194
reports/content_packages/sig-test-001/runs/4ee127e5-4e72-4a4a-8999-a385d7cc4641/editorial_acceptance.json,reports,.json,289
reports/content_packages/sig-test-001/runs/4ee127e5-4e72-4a4a-8999-a385d7cc4641/generated.json,reports,.json,1033
reports/content_packages/sig-test-001/runs/4ee127e5-4e72-4a4a-8999-a385d7cc4641/publication_results.json,reports,.json,1079
reports/content_packages/sig-test-001/runs/4f4d7318-4648-4ab1-b5e3-8ec201ad31c9/assignment.json,reports,.json,849
reports/content_packages/sig-test-001/runs/4f4d7318-4648-4ab1-b5e3-8ec201ad31c9/business_strategy.json,reports,.json,17194
reports/content_packages/sig-test-001/runs/4f4d7318-4648-4ab1-b5e3-8ec201ad31c9/editorial_acceptance.json,reports,.json,289
reports/content_packages/sig-test-001/runs/4f4d7318-4648-4ab1-b5e3-8ec201ad31c9/generated.json,reports,.json,1033
reports/content_packages/sig-test-001/runs/4f7b44bd-0527-45d2-87da-08586e0cf736/assignment.json,reports,.json,857
reports/content_packages/sig-test-001/runs/4f7b44bd-0527-45d2-87da-08586e0cf736/business_strategy.json,reports,.json,17194
reports/content_packages/sig-test-001/runs/4f7b44bd-0527-45d2-87da-08586e0cf736/editorial_acceptance.json,reports,.json,289
reports/content_packages/sig-test-001/runs/4f7b44bd-0527-45d2-87da-08586e0cf736/generated.json,reports,.json,1033
reports/content_packages/sig-test-001/runs/4f7b44bd-0527-45d2-87da-08586e0cf736/publication_results.json,reports,.json,1282
reports/content_packages/sig-test-001/runs/4f9fb0a5-5c5a-44f2-8b86-52769b010410/assignment.json,reports,.json,849
reports/content_packages/sig-test-001/runs/4f9fb0a5-5c5a-44f2-8b86-52769b010410/business_strategy.json,reports,.json,17194
reports/content_packages/sig-test-001/runs/4f9fb0a5-5c5a-44f2-8b86-52769b010410/editorial_acceptance.json,reports,.json,289
reports/content_packages/sig-test-001/runs/4f9fb0a5-5c5a-44f2-8b86-52769b010410/generated.json,reports,.json,1033
reports/content_packages/sig-test-001/runs/4fbc7503-44fb-4785-b565-ef7beb5054ae/business_strategy.json,reports,.json,17194
reports/content_packages/sig-test-001/runs/4fcd893f-bb77-4e0e-bd1e-a9e73914d86f/assignment.json,reports,.json,849
reports/content_packages/sig-test-001/runs/4fcd893f-bb77-4e0e-bd1e-a9e73914d86f/business_strategy.json,reports,.json,17194
reports/content_packages/sig-test-001/runs/4fcd893f-bb77-4e0e-bd1e-a9e73914d86f/editorial_acceptance.json,reports,.json,289
reports/content_packages/sig-test-001/runs/4fcd893f-bb77-4e0e-bd1e-a9e73914d86f/generated.json,reports,.json,1033
reports/content_packages/sig-test-001/runs/4fe59e88-4209-4332-bbc0-3e6d98943b51/assignment.json,reports,.json,849
reports/content_packages/sig-test-001/runs/4fe59e88-4209-4332-bbc0-3e6d98943b51/business_strategy.json,reports,.json,17194
reports/content_packages/sig-test-001/runs/4fe59e88-4209-4332-bbc0-3e6d98943b51/editorial_acceptance.json,reports,.json,289
reports/content_packages/sig-test-001/runs/4fe59e88-4209-4332-bbc0-3e6d98943b51/generated.json,reports,.json,1033
reports/content_packages/sig-test-001/runs/5036acbf-e7c2-49eb-8a44-f714ce24b2f3/assignment.json,reports,.json,849
reports/content_packages/sig-test-001/runs/5036acbf-e7c2-49eb-8a44-f714ce24b2f3/business_strategy.json,reports,.json,17194
reports/content_packages/sig-test-001/runs/5036acbf-e7c2-49eb-8a44-f714ce24b2f3/editorial_acceptance.json,reports,.json,289
reports/content_packages/sig-test-001/runs/5036acbf-e7c2-49eb-8a44-f714ce24b2f3/generated.json,reports,.json,1033
reports/content_packages/sig-test-001/runs/5041c275-e64d-4e02-9fdb-6a8531ea0124/business_strategy.json,reports,.json,17194
reports/content_packages/sig-test-001/runs/506a7664-e40c-46f3-b717-20c681f7ab01/assignment.json,reports,.json,857
reports/content_packages/sig-test-001/runs/506a7664-e40c-46f3-b717-20c681f7ab01/business_strategy.json,reports,.json,17194
reports/content_packages/sig-test-001/runs/506a7664-e40c-46f3-b717-20c681f7ab01/run_report.json,reports,.json,895
reports/content_packages/sig-test-001/runs/5072d3a8-996a-40df-aa1f-1e2319d0d0a0/business_strategy.json,reports,.json,17194
reports/content_packages/sig-test-001/runs/5072d3a8-996a-40df-aa1f-1e2319d0d0a0/editorial_acceptance.json,reports,.json,236
reports/content_packages/sig-test-001/runs/5072d3a8-996a-40df-aa1f-1e2319d0d0a0/generated.json,reports,.json,1033
reports/content_packages/sig-test-001/runs/50f66af8-f10a-4bac-85ac-c583e015b000/business_strategy.json,reports,.json,17194
reports/content_packages/sig-test-001/runs/513b959e-24d2-4ed6-95e3-0e04ed7668be/generated.json,reports,.json,932
reports/content_packages/sig-test-001/runs/513c951c-9f76-4249-bb51-514dc9f1e3c1/assignment.json,reports,.json,857
reports/content_packages/sig-test-001/runs/513c951c-9f76-4249-bb51-514dc9f1e3c1/business_strategy.json,reports,.json,17194
reports/content_packages/sig-test-001/runs/513c951c-9f76-4249-bb51-514dc9f1e3c1/editorial_acceptance.json,reports,.json,289
reports/content_packages/sig-test-001/runs/513c951c-9f76-4249-bb51-514dc9f1e3c1/generated.json,reports,.json,1033
reports/content_packages/sig-test-001/runs/513c951c-9f76-4249-bb51-514dc9f1e3c1/publication_results.json,reports,.json,1079
reports/content_packages/sig-test-001/runs/5169668a-fbf1-4cf5-ae4d-8f86a1bea451/assignment.json,reports,.json,849
reports/content_packages/sig-test-001/runs/5169668a-fbf1-4cf5-ae4d-8f86a1bea451/business_strategy.json,reports,.json,17194
reports/content_packages/sig-test-001/runs/5169668a-fbf1-4cf5-ae4d-8f86a1bea451/editorial_acceptance.json,reports,.json,289
reports/content_packages/sig-test-001/runs/5169668a-fbf1-4cf5-ae4d-8f86a1bea451/generated.json,reports,.json,1033
reports/content_packages/sig-test-001/runs/51765939-26c0-4c09-b83b-d7d915ee91e7/business_strategy.json,reports,.json,17194
reports/content_packages/sig-test-001/runs/51765939-26c0-4c09-b83b-d7d915ee91e7/generated.json,reports,.json,1033
reports/content_packages/sig-test-001/runs/51765939-26c0-4c09-b83b-d7d915ee91e7/publication_results.json,reports,.json,1079
reports/content_packages/sig-test-001/runs/518929ed-7aee-4c06-8d7e-25c1b0bbba9a/business_strategy.json,reports,.json,17194
reports/content_packages/sig-test-001/runs/518929ed-7aee-4c06-8d7e-25c1b0bbba9a/generated.json,reports,.json,1033
reports/content_packages/sig-test-001/runs/518929ed-7aee-4c06-8d7e-25c1b0bbba9a/publication_results.json,reports,.json,1079
reports/content_packages/sig-test-001/runs/51b4bd18-db03-439e-8044-743251963dd4/assignment.json,reports,.json,849
reports/content_packages/sig-test-001/runs/51b4bd18-db03-439e-8044-743251963dd4/business_strategy.json,reports,.json,17194
reports/content_packages/sig-test-001/runs/51b4bd18-db03-439e-8044-743251963dd4/editorial_acceptance.json,reports,.json,289
reports/content_packages/sig-test-001/runs/51b4bd18-db03-439e-8044-743251963dd4/generated.json,reports,.json,1033
reports/content_packages/sig-test-001/runs/51e7eca7-95eb-4248-8272-288a104ebd88/generated.json,reports,.json,798
reports/content_packages/sig-test-001/runs/51e7eca7-95eb-4248-8272-288a104ebd88/publication_results.json,reports,.json,844
reports/content_packages/sig-test-001/runs/51f52790-284f-44f3-b74a-74642e2a6bc3/assignment.json,reports,.json,849
reports/content_packages/sig-test-001/runs/51f52790-284f-44f3-b74a-74642e2a6bc3/business_strategy.json,reports,.json,17194
reports/content_packages/sig-test-001/runs/51f52790-284f-44f3-b74a-74642e2a6bc3/editorial_acceptance.json,reports,.json,289
reports/content_packages/sig-test-001/runs/51f52790-284f-44f3-b74a-74642e2a6bc3/generated.json,reports,.json,1033
reports/content_packages/sig-test-001/runs/51f55e83-c255-42cc-8fe5-db5c46e33784/generated.json,reports,.json,798
reports/content_packages/sig-test-001/runs/51fcfdac-f5a8-4f3d-ac86-da86e8cdffed/business_strategy.json,reports,.json,17194
reports/content_packages/sig-test-001/runs/51fcfdac-f5a8-4f3d-ac86-da86e8cdffed/editorial_acceptance.json,reports,.json,236
reports/content_packages/sig-test-001/runs/51fcfdac-f5a8-4f3d-ac86-da86e8cdffed/generated.json,reports,.json,1033
reports/content_packages/sig-test-001/runs/5227f594-adfa-48ec-a903-dabe52fe0507/business_strategy.json,reports,.json,17194
reports/content_packages/sig-test-001/runs/5227f594-adfa-48ec-a903-dabe52fe0507/editorial_acceptance.json,reports,.json,236
reports/content_packages/sig-test-001/runs/5227f594-adfa-48ec-a903-dabe52fe0507/generated.json,reports,.json,1033
reports/content_packages/sig-test-001/runs/5255c609-afc0-4500-a7cd-6ba1edec7f65/business_strategy.json,reports,.json,17194
reports/content_packages/sig-test-001/runs/5255c609-afc0-4500-a7cd-6ba1edec7f65/generated.json,reports,.json,1033
reports/content_packages/sig-test-001/runs/52755807-aeca-4c9e-ab9d-3f4c32422383/business_strategy.json,reports,.json,17194
reports/content_packages/sig-test-001/runs/52755807-aeca-4c9e-ab9d-3f4c32422383/editorial_acceptance.json,reports,.json,236
reports/content_packages/sig-test-001/runs/52755807-aeca-4c9e-ab9d-3f4c32422383/generated.json,reports,.json,1033
reports/content_packages/sig-test-001/runs/52d15e7d-d971-4e6a-8a4c-a97dc422b744/business_strategy.json,reports,.json,17194
reports/content_packages/sig-test-001/runs/52d15e7d-d971-4e6a-8a4c-a97dc422b744/editorial_acceptance.json,reports,.json,236
reports/content_packages/sig-test-001/runs/52d15e7d-d971-4e6a-8a4c-a97dc422b744/generated.json,reports,.json,1033
reports/content_packages/sig-test-001/runs/53367323-3697-4194-829c-03c5fadc43d8/assignment.json,reports,.json,857
reports/content_packages/sig-test-001/runs/53367323-3697-4194-829c-03c5fadc43d8/business_strategy.json,reports,.json,17194
reports/content_packages/sig-test-001/runs/53367323-3697-4194-829c-03c5fadc43d8/editorial_acceptance.json,reports,.json,289
reports/content_packages/sig-test-001/runs/53367323-3697-4194-829c-03c5fadc43d8/generated.json,reports,.json,1033
reports/content_packages/sig-test-001/runs/53367323-3697-4194-829c-03c5fadc43d8/publication_results.json,reports,.json,1079
reports/content_packages/sig-test-001/runs/533b22e9-1c54-4f0f-b373-46d9e459a567/generated.json,reports,.json,798
reports/content_packages/sig-test-001/runs/53441600-b58a-4bbd-ad72-5c67d432b2bb/business_strategy.json,reports,.json,17194
reports/content_packages/sig-test-001/runs/53441600-b58a-4bbd-ad72-5c67d432b2bb/generated.json,reports,.json,1033
reports/content_packages/sig-test-001/runs/53441600-b58a-4bbd-ad72-5c67d432b2bb/publication_results.json,reports,.json,1079
reports/content_packages/sig-test-001/runs/5353d6f0-d37d-4099-9362-713b8c3cbfde/assignment.json,reports,.json,849
reports/content_packages/sig-test-001/runs/5353d6f0-d37d-4099-9362-713b8c3cbfde/business_strategy.json,reports,.json,17194
reports/content_packages/sig-test-001/runs/5353d6f0-d37d-4099-9362-713b8c3cbfde/editorial_acceptance.json,reports,.json,289
reports/content_packages/sig-test-001/runs/5353d6f0-d37d-4099-9362-713b8c3cbfde/generated.json,reports,.json,1033
reports/content_packages/sig-test-001/runs/53f64807-b8d0-4c30-8e75-a613890f1b2e/assignment.json,reports,.json,849
reports/content_packages/sig-test-001/runs/53f64807-b8d0-4c30-8e75-a613890f1b2e/business_strategy.json,reports,.json,17194
reports/content_packages/sig-test-001/runs/541484bd-c4dc-4fe2-a907-7a8ea455f10b/business_strategy.json,reports,.json,17194
reports/content_packages/sig-test-001/runs/541484bd-c4dc-4fe2-a907-7a8ea455f10b/generated.json,reports,.json,1033
reports/content_packages/sig-test-001/runs/541484bd-c4dc-4fe2-a907-7a8ea455f10b/publication_results.json,reports,.json,1079
reports/content_packages/sig-test-001/runs/542bea6f-d63a-4d47-bcd5-6f1cb7821d30/assignment.json,reports,.json,849
reports/content_packages/sig-test-001/runs/542bea6f-d63a-4d47-bcd5-6f1cb7821d30/business_strategy.json,reports,.json,17194
reports/content_packages/sig-test-001/runs/542bea6f-d63a-4d47-bcd5-6f1cb7821d30/editorial_acceptance.json,reports,.json,289
reports/content_packages/sig-test-001/runs/542bea6f-d63a-4d47-bcd5-6f1cb7821d30/generated.json,reports,.json,1033
reports/content_packages/sig-test-001/runs/54e46578-8b8a-4c45-bfcf-532acbf2335e/assignment.json,reports,.json,857
reports/content_packages/sig-test-001/runs/54e46578-8b8a-4c45-bfcf-532acbf2335e/business_strategy.json,reports,.json,17194
reports/content_packages/sig-test-001/runs/54eb8148-c69e-40de-9e6b-d61f1a1da01c/assignment.json,reports,.json,849
reports/content_packages/sig-test-001/runs/54eb8148-c69e-40de-9e6b-d61f1a1da01c/business_strategy.json,reports,.json,17194
reports/content_packages/sig-test-001/runs/54eb8148-c69e-40de-9e6b-d61f1a1da01c/editorial_acceptance.json,reports,.json,289
reports/content_packages/sig-test-001/runs/54eb8148-c69e-40de-9e6b-d61f1a1da01c/generated.json,reports,.json,1033
reports/content_packages/sig-test-001/runs/54f46309-e4c6-4725-9475-c9e8ea6c3171/generated.json,reports,.json,798
reports/content_packages/sig-test-001/runs/55024bf0-91f9-49c1-9810-b14a55415982/assignment.json,reports,.json,849
reports/content_packages/sig-test-001/runs/55024bf0-91f9-49c1-9810-b14a55415982/business_strategy.json,reports,.json,17194
reports/content_packages/sig-test-001/runs/55024bf0-91f9-49c1-9810-b14a55415982/editorial_acceptance.json,reports,.json,289
reports/content_packages/sig-test-001/runs/55024bf0-91f9-49c1-9810-b14a55415982/generated.json,reports,.json,1033
reports/content_packages/sig-test-001/runs/553197e3-20e7-4549-ac27-e0617c648bce/generated.json,reports,.json,798
reports/content_packages/sig-test-001/runs/553197e3-20e7-4549-ac27-e0617c648bce/publication_results.json,reports,.json,844
reports/content_packages/sig-test-001/runs/5536d2fe-10ea-4e28-8d78-4b35af3025c3/business_strategy.json,reports,.json,17194
reports/content_packages/sig-test-001/runs/5536d2fe-10ea-4e28-8d78-4b35af3025c3/generated.json,reports,.json,1033
reports/content_packages/sig-test-001/runs/5576621d-4198-4874-80ec-468320b77312/assignment.json,reports,.json,857
reports/content_packages/sig-test-001/runs/5576621d-4198-4874-80ec-468320b77312/business_strategy.json,reports,.json,17194
reports/content_packages/sig-test-001/runs/55a66735-2040-42ac-b4f6-16a44093d1eb/business_strategy.json,reports,.json,17194
reports/content_packages/sig-test-001/runs/55a66735-2040-42ac-b4f6-16a44093d1eb/editorial_acceptance.json,reports,.json,236
reports/content_packages/sig-test-001/runs/55a66735-2040-42ac-b4f6-16a44093d1eb/generated.json,reports,.json,1033
reports/content_packages/sig-test-001/runs/55a66735-2040-42ac-b4f6-16a44093d1eb/publication_results.json,reports,.json,1079
reports/content_packages/sig-test-001/runs/55f89379-aff0-47bd-833c-a59895108dbd/assignment.json,reports,.json,849
reports/content_packages/sig-test-001/runs/55f89379-aff0-47bd-833c-a59895108dbd/business_strategy.json,reports,.json,17194
reports/content_packages/sig-test-001/runs/55f89379-aff0-47bd-833c-a59895108dbd/editorial_acceptance.json,reports,.json,289
reports/content_packages/sig-test-001/runs/55f89379-aff0-47bd-833c-a59895108dbd/generated.json,reports,.json,1033
reports/content_packages/sig-test-001/runs/560bf1d4-5157-4c8b-a452-2a8e186fc8ab/assignment.json,reports,.json,857
reports/content_packages/sig-test-001/runs/560bf1d4-5157-4c8b-a452-2a8e186fc8ab/business_strategy.json,reports,.json,17194
reports/content_packages/sig-test-001/runs/560bf1d4-5157-4c8b-a452-2a8e186fc8ab/run_report.json,reports,.json,895
reports/content_packages/sig-test-001/runs/56240040-e0e6-40b5-b596-e97e82aff42a/business_strategy.json,reports,.json,17194
reports/content_packages/sig-test-001/runs/56240040-e0e6-40b5-b596-e97e82aff42a/generated.json,reports,.json,1033
reports/content_packages/sig-test-001/runs/56532309-76ac-45ae-9ea0-139c5c460c53/assignment.json,reports,.json,849
reports/content_packages/sig-test-001/runs/56532309-76ac-45ae-9ea0-139c5c460c53/business_strategy.json,reports,.json,17194
reports/content_packages/sig-test-001/runs/56532309-76ac-45ae-9ea0-139c5c460c53/editorial_acceptance.json,reports,.json,289
reports/content_packages/sig-test-001/runs/56532309-76ac-45ae-9ea0-139c5c460c53/generated.json,reports,.json,1033
reports/content_packages/sig-test-001/runs/566a24c6-a3a4-44bd-be71-2177334dc8f7/generated.json,reports,.json,798
reports/content_packages/sig-test-001/runs/5686bebd-89ac-4e76-93a9-9e37ca347fd4/business_strategy.json,reports,.json,17194
reports/content_packages/sig-test-001/runs/5686bebd-89ac-4e76-93a9-9e37ca347fd4/generated.json,reports,.json,1228
reports/content_packages/sig-test-001/runs/569acd81-92e9-4a6c-8eb3-a60bf10a5a61/assignment.json,reports,.json,849
reports/content_packages/sig-test-001/runs/569acd81-92e9-4a6c-8eb3-a60bf10a5a61/business_strategy.json,reports,.json,17194
reports/content_packages/sig-test-001/runs/56d96f89-bbc9-40e0-a0f5-66ffb4ed58c0/assignment.json,reports,.json,857
reports/content_packages/sig-test-001/runs/56d96f89-bbc9-40e0-a0f5-66ffb4ed58c0/business_strategy.json,reports,.json,17194
reports/content_packages/sig-test-001/runs/56d96f89-bbc9-40e0-a0f5-66ffb4ed58c0/editorial_acceptance.json,reports,.json,289
reports/content_packages/sig-test-001/runs/56d96f89-bbc9-40e0-a0f5-66ffb4ed58c0/generated.json,reports,.json,1033
reports/content_packages/sig-test-001/runs/56d96f89-bbc9-40e0-a0f5-66ffb4ed58c0/publication_results.json,reports,.json,1160
reports/content_packages/sig-test-001/runs/56e142e6-fa41-40e8-b946-1f29a4d0ea30/business_strategy.json,reports,.json,17194
reports/content_packages/sig-test-001/runs/56e142e6-fa41-40e8-b946-1f29a4d0ea30/generated.json,reports,.json,1033
reports/content_packages/sig-test-001/runs/573778d6-e289-46f5-9f10-d7c9b11230b7/assignment.json,reports,.json,857
reports/content_packages/sig-test-001/runs/573778d6-e289-46f5-9f10-d7c9b11230b7/business_strategy.json,reports,.json,17194
reports/content_packages/sig-test-001/runs/573778d6-e289-46f5-9f10-d7c9b11230b7/editorial_acceptance.json,reports,.json,289
reports/content_packages/sig-test-001/runs/573778d6-e289-46f5-9f10-d7c9b11230b7/generated.json,reports,.json,1033
reports/content_packages/sig-test-001/runs/573778d6-e289-46f5-9f10-d7c9b11230b7/publication_results.json,reports,.json,1079
reports/content_packages/sig-test-001/runs/576b7a11-3088-4fcc-804f-480fc3778df5/business_strategy.json,reports,.json,17194
reports/content_packages/sig-test-001/runs/576b7a11-3088-4fcc-804f-480fc3778df5/editorial_acceptance.json,reports,.json,236
reports/content_packages/sig-test-001/runs/576b7a11-3088-4fcc-804f-480fc3778df5/generated.json,reports,.json,1033
reports/content_packages/sig-test-001/runs/5773042f-f02b-42ef-a999-99a71786180d/business_strategy.json,reports,.json,17194
reports/content_packages/sig-test-001/runs/5773042f-f02b-42ef-a999-99a71786180d/generated.json,reports,.json,1033
reports/content_packages/sig-test-001/runs/5773042f-f02b-42ef-a999-99a71786180d/publication_results.json,reports,.json,1079
reports/content_packages/sig-test-001/runs/5776afd5-4fd5-48c1-98a5-a9b539764c44/business_strategy.json,reports,.json,17194
reports/content_packages/sig-test-001/runs/5776afd5-4fd5-48c1-98a5-a9b539764c44/generated.json,reports,.json,1033
reports/content_packages/sig-test-001/runs/577f8fd9-d8f4-42ce-a57f-9e8d4eec7ea5/business_strategy.json,reports,.json,17194
reports/content_packages/sig-test-001/runs/57884d2d-c123-4db8-bbf7-3c33919f0514/business_strategy.json,reports,.json,17194
reports/content_packages/sig-test-001/runs/57c77924-1456-492b-a8fe-9bc0b625947c/business_strategy.json,reports,.json,17194
reports/content_packages/sig-test-001/runs/57daff42-b4bf-466d-92f7-2f279509aa95/assignment.json,reports,.json,849
reports/content_packages/sig-test-001/runs/57daff42-b4bf-466d-92f7-2f279509aa95/business_strategy.json,reports,.json,17194
reports/content_packages/sig-test-001/runs/57daff42-b4bf-466d-92f7-2f279509aa95/editorial_acceptance.json,reports,.json,289
reports/content_packages/sig-test-001/runs/57daff42-b4bf-466d-92f7-2f279509aa95/generated.json,reports,.json,1033
reports/content_packages/sig-test-001/runs/57e7b728-220b-4e83-93b7-ceae42c682dd/assignment.json,reports,.json,857
reports/content_packages/sig-test-001/runs/57e7b728-220b-4e83-93b7-ceae42c682dd/business_strategy.json,reports,.json,17194
reports/content_packages/sig-test-001/runs/57e7b728-220b-4e83-93b7-ceae42c682dd/editorial_acceptance.json,reports,.json,289
reports/content_packages/sig-test-001/runs/57e7b728-220b-4e83-93b7-ceae42c682dd/generated.json,reports,.json,1033
reports/content_packages/sig-test-001/runs/57e7b728-220b-4e83-93b7-ceae42c682dd/publication_results.json,reports,.json,1160
reports/content_packages/sig-test-001/runs/57f3eb1d-440a-481b-b6ae-3576e136ccf4/assignment.json,reports,.json,849
reports/content_packages/sig-test-001/runs/57f3eb1d-440a-481b-b6ae-3576e136ccf4/business_strategy.json,reports,.json,17194
reports/content_packages/sig-test-001/runs/57f3eb1d-440a-481b-b6ae-3576e136ccf4/run_report.json,reports,.json,887
reports/content_packages/sig-test-001/runs/57f9abf5-61f5-4468-a1f4-573c87f80181/business_strategy.json,reports,.json,17194
reports/content_packages/sig-test-001/runs/57f9abf5-61f5-4468-a1f4-573c87f80181/generated.json,reports,.json,1033
reports/content_packages/sig-test-001/runs/57f9abf5-61f5-4468-a1f4-573c87f80181/publication_results.json,reports,.json,1079
reports/content_packages/sig-test-001/runs/57fefb3b-72ad-4411-a490-7e2e347ccc2a/assignment.json,reports,.json,849
reports/content_packages/sig-test-001/runs/57fefb3b-72ad-4411-a490-7e2e347ccc2a/business_strategy.json,reports,.json,17194
reports/content_packages/sig-test-001/runs/57fefb3b-72ad-4411-a490-7e2e347ccc2a/editorial_acceptance.json,reports,.json,289
reports/content_packages/sig-test-001/runs/57fefb3b-72ad-4411-a490-7e2e347ccc2a/generated.json,reports,.json,1033
reports/content_packages/sig-test-001/runs/57ff094e-0831-4822-82ba-96ccc400650f/assignment.json,reports,.json,849
reports/content_packages/sig-test-001/runs/57ff094e-0831-4822-82ba-96ccc400650f/business_strategy.json,reports,.json,17194
reports/content_packages/sig-test-001/runs/57ff094e-0831-4822-82ba-96ccc400650f/editorial_acceptance.json,reports,.json,289
reports/content_packages/sig-test-001/runs/57ff094e-0831-4822-82ba-96ccc400650f/generated.json,reports,.json,1033
reports/content_packages/sig-test-001/runs/583347a3-fd58-42bf-a4ce-d320d3475174/assignment.json,reports,.json,849
reports/content_packages/sig-test-001/runs/583347a3-fd58-42bf-a4ce-d320d3475174/business_strategy.json,reports,.json,17194
reports/content_packages/sig-test-001/runs/583347a3-fd58-42bf-a4ce-d320d3475174/editorial_acceptance.json,reports,.json,289
reports/content_packages/sig-test-001/runs/583347a3-fd58-42bf-a4ce-d320d3475174/generated.json,reports,.json,1033
reports/content_packages/sig-test-001/runs/587ea64c-9e0d-45e9-b173-23791bd5ae53/business_strategy.json,reports,.json,17194
reports/content_packages/sig-test-001/runs/587ea64c-9e0d-45e9-b173-23791bd5ae53/generated.json,reports,.json,1033
reports/content_packages/sig-test-001/runs/58ac3fbf-24c1-4c38-8138-49b3dc286394/assignment.json,reports,.json,849
reports/content_packages/sig-test-001/runs/58ac3fbf-24c1-4c38-8138-49b3dc286394/business_strategy.json,reports,.json,17194
reports/content_packages/sig-test-001/runs/58ac3fbf-24c1-4c38-8138-49b3dc286394/editorial_acceptance.json,reports,.json,289
reports/content_packages/sig-test-001/runs/58ac3fbf-24c1-4c38-8138-49b3dc286394/generated.json,reports,.json,1033
reports/content_packages/sig-test-001/runs/58dc844c-7d52-4c7d-b58b-92eaa952d938/generated.json,reports,.json,798
reports/content_packages/sig-test-001/runs/58f917a0-b145-4420-9772-c5af1b6e7542/assignment.json,reports,.json,849
reports/content_packages/sig-test-001/runs/58f917a0-b145-4420-9772-c5af1b6e7542/business_strategy.json,reports,.json,17194
reports/content_packages/sig-test-001/runs/58f917a0-b145-4420-9772-c5af1b6e7542/editorial_acceptance.json,reports,.json,289
reports/content_packages/sig-test-001/runs/58f917a0-b145-4420-9772-c5af1b6e7542/generated.json,reports,.json,1033
reports/content_packages/sig-test-001/runs/59203593-2151-4e3b-a96a-a1dcdb0d850e/business_strategy.json,reports,.json,17194
reports/content_packages/sig-test-001/runs/593016dd-9cfc-459c-a3d0-48529f1817d6/business_strategy.json,reports,.json,17194
reports/content_packages/sig-test-001/runs/593b203b-c5f0-4eb3-b9da-759e443b1169/business_strategy.json,reports,.json,17194
reports/content_packages/sig-test-001/runs/593b203b-c5f0-4eb3-b9da-759e443b1169/generated.json,reports,.json,1033
reports/content_packages/sig-test-001/runs/5944713e-3747-4d59-8a57-016755aa10ae/business_strategy.json,reports,.json,17194
reports/content_packages/sig-test-001/runs/5944713e-3747-4d59-8a57-016755aa10ae/editorial_acceptance.json,reports,.json,236
reports/content_packages/sig-test-001/runs/5944713e-3747-4d59-8a57-016755aa10ae/generated.json,reports,.json,1033
reports/content_packages/sig-test-001/runs/5944713e-3747-4d59-8a57-016755aa10ae/publication_results.json,reports,.json,1079
reports/content_packages/sig-test-001/runs/59573698-57b5-4d35-8294-827a66c2ff65/assignment.json,reports,.json,849
reports/content_packages/sig-test-001/runs/59573698-57b5-4d35-8294-827a66c2ff65/business_strategy.json,reports,.json,17194
reports/content_packages/sig-test-001/runs/59573698-57b5-4d35-8294-827a66c2ff65/editorial_acceptance.json,reports,.json,289
reports/content_packages/sig-test-001/runs/59573698-57b5-4d35-8294-827a66c2ff65/generated.json,reports,.json,1033
reports/content_packages/sig-test-001/runs/595fd8eb-70e1-4875-85d5-5076bf0d91c4/business_strategy.json,reports,.json,17194
reports/content_packages/sig-test-001/runs/595fd8eb-70e1-4875-85d5-5076bf0d91c4/editorial_acceptance.json,reports,.json,236
reports/content_packages/sig-test-001/runs/595fd8eb-70e1-4875-85d5-5076bf0d91c4/generated.json,reports,.json,1033
reports/content_packages/sig-test-001/runs/595fd8eb-70e1-4875-85d5-5076bf0d91c4/publication_results.json,reports,.json,1079
reports/content_packages/sig-test-001/runs/5998d1b3-e568-41c6-806a-9ac1877cb670/assignment.json,reports,.json,849
reports/content_packages/sig-test-001/runs/5998d1b3-e568-41c6-806a-9ac1877cb670/business_strategy.json,reports,.json,17194
reports/content_packages/sig-test-001/runs/59bfb079-5e6f-4059-9867-2d141b4cfd6c/generated.json,reports,.json,798
reports/content_packages/sig-test-001/runs/5a1f1eb5-65d3-4e93-abd7-0ca7a4af7cf9/business_strategy.json,reports,.json,17194
reports/content_packages/sig-test-001/runs/5a295c77-c1a9-4607-8ce5-6424b5a703a4/business_strategy.json,reports,.json,17194
reports/content_packages/sig-test-001/runs/5a295c77-c1a9-4607-8ce5-6424b5a703a4/editorial_acceptance.json,reports,.json,236
reports/content_packages/sig-test-001/runs/5a295c77-c1a9-4607-8ce5-6424b5a703a4/generated.json,reports,.json,1033
reports/content_packages/sig-test-001/runs/5a6f0a54-e315-405f-bf99-90e22afbf1b0/assignment.json,reports,.json,849
reports/content_packages/sig-test-001/runs/5a6f0a54-e315-405f-bf99-90e22afbf1b0/business_strategy.json,reports,.json,17194
reports/content_packages/sig-test-001/runs/5a6f0a54-e315-405f-bf99-90e22afbf1b0/editorial_acceptance.json,reports,.json,289
reports/content_packages/sig-test-001/runs/5a6f0a54-e315-405f-bf99-90e22afbf1b0/generated.json,reports,.json,1033
reports/content_packages/sig-test-001/runs/5a7276b2-8510-4968-b631-50014767bf60/business_strategy.json,reports,.json,17194
reports/content_packages/sig-test-001/runs/5a7276b2-8510-4968-b631-50014767bf60/editorial_acceptance.json,reports,.json,236
reports/content_packages/sig-test-001/runs/5a7276b2-8510-4968-b631-50014767bf60/generated.json,reports,.json,1033
reports/content_packages/sig-test-001/runs/5b07c86a-61c8-455e-82de-9bbad4d582c7/assignment.json,reports,.json,849
reports/content_packages/sig-test-001/runs/5b07c86a-61c8-455e-82de-9bbad4d582c7/business_strategy.json,reports,.json,17194
reports/content_packages/sig-test-001/runs/5b07c86a-61c8-455e-82de-9bbad4d582c7/editorial_acceptance.json,reports,.json,289
reports/content_packages/sig-test-001/runs/5b07c86a-61c8-455e-82de-9bbad4d582c7/generated.json,reports,.json,1033
reports/content_packages/sig-test-001/runs/5b6b2a59-d967-40a0-899c-491cc71e1f2f/assignment.json,reports,.json,857
reports/content_packages/sig-test-001/runs/5b6b2a59-d967-40a0-899c-491cc71e1f2f/business_strategy.json,reports,.json,17194
reports/content_packages/sig-test-001/runs/5b6b2a59-d967-40a0-899c-491cc71e1f2f/editorial_acceptance.json,reports,.json,289
reports/content_packages/sig-test-001/runs/5b6b2a59-d967-40a0-899c-491cc71e1f2f/generated.json,reports,.json,1033
reports/content_packages/sig-test-001/runs/5b6b2a59-d967-40a0-899c-491cc71e1f2f/publication_results.json,reports,.json,1079
reports/content_packages/sig-test-001/runs/5b897a51-c3f8-469b-9b34-9c1a35c5f583/assignment.json,reports,.json,849
reports/content_packages/sig-test-001/runs/5b897a51-c3f8-469b-9b34-9c1a35c5f583/business_strategy.json,reports,.json,17194
reports/content_packages/sig-test-001/runs/5b897a51-c3f8-469b-9b34-9c1a35c5f583/editorial_acceptance.json,reports,.json,289
reports/content_packages/sig-test-001/runs/5b897a51-c3f8-469b-9b34-9c1a35c5f583/generated.json,reports,.json,1033
reports/content_packages/sig-test-001/runs/5bd6ea3f-ced0-495a-b6f0-17a9b5ccb82a/assignment.json,reports,.json,857
reports/content_packages/sig-test-001/runs/5bd6ea3f-ced0-495a-b6f0-17a9b5ccb82a/business_strategy.json,reports,.json,17194
reports/content_packages/sig-test-001/runs/5bd6ea3f-ced0-495a-b6f0-17a9b5ccb82a/editorial_acceptance.json,reports,.json,289
reports/content_packages/sig-test-001/runs/5bd6ea3f-ced0-495a-b6f0-17a9b5ccb82a/generated.json,reports,.json,1033
reports/content_packages/sig-test-001/runs/5bd6ea3f-ced0-495a-b6f0-17a9b5ccb82a/publication_results.json,reports,.json,1079
reports/content_packages/sig-test-001/runs/5bde4152-f70f-4194-8bce-4b89dfa278ea/business_strategy.json,reports,.json,17194
reports/content_packages/sig-test-001/runs/5bde4152-f70f-4194-8bce-4b89dfa278ea/generated.json,reports,.json,1033
reports/content_packages/sig-test-001/runs/5c021f16-0141-448e-98b1-a7c453b0ecaf/business_strategy.json,reports,.json,17194
reports/content_packages/sig-test-001/runs/5c021f16-0141-448e-98b1-a7c453b0ecaf/generated.json,reports,.json,1033
reports/content_packages/sig-test-001/runs/5c021f16-0141-448e-98b1-a7c453b0ecaf/publication_results.json,reports,.json,1079
reports/content_packages/sig-test-001/runs/5c1ebfa1-1753-41ce-b89b-8a3f754e23b4/business_strategy.json,reports,.json,17194
reports/content_packages/sig-test-001/runs/5c1ebfa1-1753-41ce-b89b-8a3f754e23b4/generated.json,reports,.json,1033
reports/content_packages/sig-test-001/runs/5cc448f9-f6d6-4525-bced-0d95dacce69c/assignment.json,reports,.json,857
reports/content_packages/sig-test-001/runs/5cc448f9-f6d6-4525-bced-0d95dacce69c/business_strategy.json,reports,.json,17194
reports/content_packages/sig-test-001/runs/5cc448f9-f6d6-4525-bced-0d95dacce69c/editorial_acceptance.json,reports,.json,289
reports/content_packages/sig-test-001/runs/5cc448f9-f6d6-4525-bced-0d95dacce69c/generated.json,reports,.json,1033
reports/content_packages/sig-test-001/runs/5cc448f9-f6d6-4525-bced-0d95dacce69c/publication_results.json,reports,.json,1079
reports/content_packages/sig-test-001/runs/5cefca88-9fc6-4b06-8f1f-aee60cd0c543/assignment.json,reports,.json,857
reports/content_packages/sig-test-001/runs/5cefca88-9fc6-4b06-8f1f-aee60cd0c543/business_strategy.json,reports,.json,17194
reports/content_packages/sig-test-001/runs/5cefca88-9fc6-4b06-8f1f-aee60cd0c543/editorial_acceptance.json,reports,.json,289
reports/content_packages/sig-test-001/runs/5cefca88-9fc6-4b06-8f1f-aee60cd0c543/generated.json,reports,.json,1033
reports/content_packages/sig-test-001/runs/5cefca88-9fc6-4b06-8f1f-aee60cd0c543/publication_results.json,reports,.json,1079
reports/content_packages/sig-test-001/runs/5cf6407b-32d5-4928-b61e-d57e13f0828f/assignment.json,reports,.json,849
reports/content_packages/sig-test-001/runs/5cf6407b-32d5-4928-b61e-d57e13f0828f/business_strategy.json,reports,.json,17194
reports/content_packages/sig-test-001/runs/5cf6407b-32d5-4928-b61e-d57e13f0828f/editorial_acceptance.json,reports,.json,289
reports/content_packages/sig-test-001/runs/5cf6407b-32d5-4928-b61e-d57e13f0828f/generated.json,reports,.json,1033
reports/content_packages/sig-test-001/runs/5d1379f3-85ec-4007-9558-4adbb9412a54/business_strategy.json,reports,.json,17194
reports/content_packages/sig-test-001/runs/5d1379f3-85ec-4007-9558-4adbb9412a54/editorial_acceptance.json,reports,.json,236
reports/content_packages/sig-test-001/runs/5d1379f3-85ec-4007-9558-4adbb9412a54/generated.json,reports,.json,1033
reports/content_packages/sig-test-001/runs/5d1379f3-85ec-4007-9558-4adbb9412a54/publication_results.json,reports,.json,1079
reports/content_packages/sig-test-001/runs/5d27d657-81ff-4bd6-a95c-4fc440ec8ee4/business_strategy.json,reports,.json,17194
reports/content_packages/sig-test-001/runs/5da03dd2-228c-4b9f-97f0-ec9261ba5e5c/business_strategy.json,reports,.json,17194
reports/content_packages/sig-test-001/runs/5da03dd2-228c-4b9f-97f0-ec9261ba5e5c/generated.json,reports,.json,1033
reports/content_packages/sig-test-001/runs/5da03dd2-228c-4b9f-97f0-ec9261ba5e5c/publication_results.json,reports,.json,1079
reports/content_packages/sig-test-001/runs/5db244fe-eab9-4deb-bf2e-5252d8bba883/assignment.json,reports,.json,849
reports/content_packages/sig-test-001/runs/5db244fe-eab9-4deb-bf2e-5252d8bba883/business_strategy.json,reports,.json,17194
reports/content_packages/sig-test-001/runs/5db244fe-eab9-4deb-bf2e-5252d8bba883/editorial_acceptance.json,reports,.json,289
reports/content_packages/sig-test-001/runs/5db244fe-eab9-4deb-bf2e-5252d8bba883/generated.json,reports,.json,1033
reports/content_packages/sig-test-001/runs/5e11359f-8c44-40f6-bfa0-d50f01edcef7/assignment.json,reports,.json,849
reports/content_packages/sig-test-001/runs/5e11359f-8c44-40f6-bfa0-d50f01edcef7/business_strategy.json,reports,.json,17194
reports/content_packages/sig-test-001/runs/5e11359f-8c44-40f6-bfa0-d50f01edcef7/editorial_acceptance.json,reports,.json,289
reports/content_packages/sig-test-001/runs/5e11359f-8c44-40f6-bfa0-d50f01edcef7/generated.json,reports,.json,1033
reports/content_packages/sig-test-001/runs/5e59ce12-e2e6-40db-988c-884e07a683ca/business_strategy.json,reports,.json,17194
reports/content_packages/sig-test-001/runs/5e59ce12-e2e6-40db-988c-884e07a683ca/editorial_acceptance.json,reports,.json,236
reports/content_packages/sig-test-001/runs/5e59ce12-e2e6-40db-988c-884e07a683ca/generated.json,reports,.json,1033
reports/content_packages/sig-test-001/runs/5e67edec-e37b-4d88-82c9-441d049c3175/business_strategy.json,reports,.json,17194
reports/content_packages/sig-test-001/runs/5e9c53e5-063d-4fbc-9d4e-2499ad5a079d/assignment.json,reports,.json,857
reports/content_packages/sig-test-001/runs/5e9c53e5-063d-4fbc-9d4e-2499ad5a079d/business_strategy.json,reports,.json,17194
reports/content_packages/sig-test-001/runs/5f18ce49-8f3d-4c14-bb52-729835b87a7f/assignment.json,reports,.json,857
reports/content_packages/sig-test-001/runs/5f18ce49-8f3d-4c14-bb52-729835b87a7f/business_strategy.json,reports,.json,17194
reports/content_packages/sig-test-001/runs/5f18ce49-8f3d-4c14-bb52-729835b87a7f/editorial_acceptance.json,reports,.json,289
reports/content_packages/sig-test-001/runs/5f18ce49-8f3d-4c14-bb52-729835b87a7f/generated.json,reports,.json,1033
reports/content_packages/sig-test-001/runs/5f18ce49-8f3d-4c14-bb52-729835b87a7f/publication_results.json,reports,.json,1160
reports/content_packages/sig-test-001/runs/5f3bb7bc-f3e9-491b-b895-a9d45bfb47e3/business_strategy.json,reports,.json,17194
reports/content_packages/sig-test-001/runs/5f3bb7bc-f3e9-491b-b895-a9d45bfb47e3/generated.json,reports,.json,1228
reports/content_packages/sig-test-001/runs/5f3bb7bc-f3e9-491b-b895-a9d45bfb47e3/publication_results.json,reports,.json,1079
reports/content_packages/sig-test-001/runs/5f9e8891-1fd7-4aab-8ef8-cb9b65ba849d/business_strategy.json,reports,.json,17194
reports/content_packages/sig-test-001/runs/5faed7f8-6164-413b-9602-d6d52800a625/generated.json,reports,.json,798
reports/content_packages/sig-test-001/runs/5ff59b4d-465f-405a-bffc-268aafc7f20f/business_strategy.json,reports,.json,17194
reports/content_packages/sig-test-001/runs/5ff59b4d-465f-405a-bffc-268aafc7f20f/editorial_acceptance.json,reports,.json,236
reports/content_packages/sig-test-001/runs/5ff59b4d-465f-405a-bffc-268aafc7f20f/generated.json,reports,.json,1033
reports/content_packages/sig-test-001/runs/5ff59b4d-465f-405a-bffc-268aafc7f20f/publication_results.json,reports,.json,1079
reports/content_packages/sig-test-001/runs/60439075-2491-40a5-9313-d43de5acd26d/assignment.json,reports,.json,849
reports/content_packages/sig-test-001/runs/60439075-2491-40a5-9313-d43de5acd26d/business_strategy.json,reports,.json,17194
reports/content_packages/sig-test-001/runs/6094f774-9634-46e0-b708-5f72f606947a/generated.json,reports,.json,798
reports/content_packages/sig-test-001/runs/6094f774-9634-46e0-b708-5f72f606947a/publication_results.json,reports,.json,844
reports/content_packages/sig-test-001/runs/609bd40d-8a21-4747-b681-2efbbead08b4/assignment.json,reports,.json,849
reports/content_packages/sig-test-001/runs/609bd40d-8a21-4747-b681-2efbbead08b4/business_strategy.json,reports,.json,17194
reports/content_packages/sig-test-001/runs/609bd40d-8a21-4747-b681-2efbbead08b4/run_report.json,reports,.json,887
reports/content_packages/sig-test-001/runs/60b98674-eb36-4b52-90f0-134335e9f95d/assignment.json,reports,.json,849
reports/content_packages/sig-test-001/runs/60b98674-eb36-4b52-90f0-134335e9f95d/business_strategy.json,reports,.json,17194
reports/content_packages/sig-test-001/runs/60b98674-eb36-4b52-90f0-134335e9f95d/editorial_acceptance.json,reports,.json,289
reports/content_packages/sig-test-001/runs/60b98674-eb36-4b52-90f0-134335e9f95d/generated.json,reports,.json,1033
reports/content_packages/sig-test-001/runs/60c9e831-cb26-4df7-91e7-9dbae8c78815/business_strategy.json,reports,.json,17194
reports/content_packages/sig-test-001/runs/60c9e831-cb26-4df7-91e7-9dbae8c78815/generated.json,reports,.json,1033
reports/content_packages/sig-test-001/runs/60c9e831-cb26-4df7-91e7-9dbae8c78815/publication_results.json,reports,.json,1079
reports/content_packages/sig-test-001/runs/613980e0-ccaf-44a3-9bba-2e1fd64fbef9/assignment.json,reports,.json,849
reports/content_packages/sig-test-001/runs/613980e0-ccaf-44a3-9bba-2e1fd64fbef9/business_strategy.json,reports,.json,17194
reports/content_packages/sig-test-001/runs/613980e0-ccaf-44a3-9bba-2e1fd64fbef9/editorial_acceptance.json,reports,.json,289
reports/content_packages/sig-test-001/runs/613980e0-ccaf-44a3-9bba-2e1fd64fbef9/generated.json,reports,.json,1033
reports/content_packages/sig-test-001/runs/613c98b2-85a7-41b3-a30c-4277d4732ad0/assignment.json,reports,.json,857
reports/content_packages/sig-test-001/runs/613c98b2-85a7-41b3-a30c-4277d4732ad0/business_strategy.json,reports,.json,17194
reports/content_packages/sig-test-001/runs/613c98b2-85a7-41b3-a30c-4277d4732ad0/editorial_acceptance.json,reports,.json,289
reports/content_packages/sig-test-001/runs/613c98b2-85a7-41b3-a30c-4277d4732ad0/generated.json,reports,.json,1033
reports/content_packages/sig-test-001/runs/613c98b2-85a7-41b3-a30c-4277d4732ad0/publication_results.json,reports,.json,1160
reports/content_packages/sig-test-001/runs/6156b0ee-6e0d-4700-bfea-066d89592411/generated.json,reports,.json,798
reports/content_packages/sig-test-001/runs/617d0eb1-e6c5-4d13-a724-6eea4229ed28/assignment.json,reports,.json,849
reports/content_packages/sig-test-001/runs/617d0eb1-e6c5-4d13-a724-6eea4229ed28/business_strategy.json,reports,.json,17194
reports/content_packages/sig-test-001/runs/617d0eb1-e6c5-4d13-a724-6eea4229ed28/editorial_acceptance.json,reports,.json,289
reports/content_packages/sig-test-001/runs/617d0eb1-e6c5-4d13-a724-6eea4229ed28/generated.json,reports,.json,1033
reports/content_packages/sig-test-001/runs/61d3197e-f287-4e74-bee9-cb12aed80750/assignment.json,reports,.json,849
reports/content_packages/sig-test-001/runs/61d3197e-f287-4e74-bee9-cb12aed80750/business_strategy.json,reports,.json,17194
reports/content_packages/sig-test-001/runs/622563bc-cf15-412e-9006-a7e4349669d6/business_strategy.json,reports,.json,17194
reports/content_packages/sig-test-001/runs/622563bc-cf15-412e-9006-a7e4349669d6/generated.json,reports,.json,1228
reports/content_packages/sig-test-001/runs/622563bc-cf15-412e-9006-a7e4349669d6/publication_results.json,reports,.json,1079
reports/content_packages/sig-test-001/runs/62503436-baa0-43ae-90cb-b6832d5cbad0/business_strategy.json,reports,.json,17194
reports/content_packages/sig-test-001/runs/62503436-baa0-43ae-90cb-b6832d5cbad0/generated.json,reports,.json,1033
reports/content_packages/sig-test-001/runs/62503436-baa0-43ae-90cb-b6832d5cbad0/publication_results.json,reports,.json,1079
reports/content_packages/sig-test-001/runs/626411f5-b340-4cbe-a075-f6539c77ae2a/generated.json,reports,.json,798
reports/content_packages/sig-test-001/runs/627e5044-0c86-47b8-96e4-46ced8bfc5b5/business_strategy.json,reports,.json,17194
reports/content_packages/sig-test-001/runs/62bd1213-944c-44fa-b77b-747689a931bf/assignment.json,reports,.json,849
reports/content_packages/sig-test-001/runs/62bd1213-944c-44fa-b77b-747689a931bf/business_strategy.json,reports,.json,17194
reports/content_packages/sig-test-001/runs/62bd1213-944c-44fa-b77b-747689a931bf/run_report.json,reports,.json,887
reports/content_packages/sig-test-001/runs/62c12cc3-bbc0-4777-a52d-5981211c50be/assignment.json,reports,.json,849
reports/content_packages/sig-test-001/runs/62c12cc3-bbc0-4777-a52d-5981211c50be/business_strategy.json,reports,.json,17194
reports/content_packages/sig-test-001/runs/62c12cc3-bbc0-4777-a52d-5981211c50be/editorial_acceptance.json,reports,.json,289
reports/content_packages/sig-test-001/runs/62c12cc3-bbc0-4777-a52d-5981211c50be/generated.json,reports,.json,1033
reports/content_packages/sig-test-001/runs/62fe17a9-9334-4954-ac73-c40ee327219d/business_strategy.json,reports,.json,17194
reports/content_packages/sig-test-001/runs/62fe17a9-9334-4954-ac73-c40ee327219d/generated.json,reports,.json,1033
reports/content_packages/sig-test-001/runs/63008085-afcf-42be-9faf-1b6cfaa7ce2a/assignment.json,reports,.json,849
reports/content_packages/sig-test-001/runs/63008085-afcf-42be-9faf-1b6cfaa7ce2a/business_strategy.json,reports,.json,17194
reports/content_packages/sig-test-001/runs/63008085-afcf-42be-9faf-1b6cfaa7ce2a/editorial_acceptance.json,reports,.json,289
reports/content_packages/sig-test-001/runs/63008085-afcf-42be-9faf-1b6cfaa7ce2a/generated.json,reports,.json,1033
reports/content_packages/sig-test-001/runs/630c5c9e-6796-4e75-9f3e-620b6476a06e/business_strategy.json,reports,.json,17194
reports/content_packages/sig-test-001/runs/630c5c9e-6796-4e75-9f3e-620b6476a06e/generated.json,reports,.json,1033
reports/content_packages/sig-test-001/runs/630c5c9e-6796-4e75-9f3e-620b6476a06e/publication_results.json,reports,.json,1079
reports/content_packages/sig-test-001/runs/631afd79-3191-4e10-a13a-739bbd17bd3f/assignment.json,reports,.json,849
reports/content_packages/sig-test-001/runs/631afd79-3191-4e10-a13a-739bbd17bd3f/business_strategy.json,reports,.json,17194
reports/content_packages/sig-test-001/runs/631afd79-3191-4e10-a13a-739bbd17bd3f/editorial_acceptance.json,reports,.json,289
reports/content_packages/sig-test-001/runs/631afd79-3191-4e10-a13a-739bbd17bd3f/generated.json,reports,.json,1033
reports/content_packages/sig-test-001/runs/634546e0-2dc1-4e6e-9826-e7fada25148f/business_strategy.json,reports,.json,17194
reports/content_packages/sig-test-001/runs/634546e0-2dc1-4e6e-9826-e7fada25148f/generated.json,reports,.json,1033
reports/content_packages/sig-test-001/runs/6367d400-a3ac-4fac-8e6a-7a430e67ed95/assignment.json,reports,.json,849
reports/content_packages/sig-test-001/runs/6367d400-a3ac-4fac-8e6a-7a430e67ed95/business_strategy.json,reports,.json,17194
reports/content_packages/sig-test-001/runs/63af6e13-9c07-404f-8e95-999346909f33/business_strategy.json,reports,.json,17194
reports/content_packages/sig-test-001/runs/63af6e13-9c07-404f-8e95-999346909f33/generated.json,reports,.json,1033
reports/content_packages/sig-test-001/runs/63b5b041-319a-41a3-9b21-1d7f5a834037/business_strategy.json,reports,.json,17194
reports/content_packages/sig-test-001/runs/63b5b041-319a-41a3-9b21-1d7f5a834037/generated.json,reports,.json,1033
reports/content_packages/sig-test-001/runs/63bc5086-ebe5-4641-afd1-6a3ec4b99a21/business_strategy.json,reports,.json,17194
reports/content_packages/sig-test-001/runs/63bc5086-ebe5-4641-afd1-6a3ec4b99a21/generated.json,reports,.json,1033
reports/content_packages/sig-test-001/runs/64038ce5-b769-4bcf-9cf9-ed9c5c95cd70/assignment.json,reports,.json,849
reports/content_packages/sig-test-001/runs/64038ce5-b769-4bcf-9cf9-ed9c5c95cd70/business_strategy.json,reports,.json,17194
reports/content_packages/sig-test-001/runs/64038ce5-b769-4bcf-9cf9-ed9c5c95cd70/editorial_acceptance.json,reports,.json,289
reports/content_packages/sig-test-001/runs/64038ce5-b769-4bcf-9cf9-ed9c5c95cd70/generated.json,reports,.json,1033
reports/content_packages/sig-test-001/runs/6430bd4b-b87b-46bb-9a59-c9857adc7e18/business_strategy.json,reports,.json,17194
reports/content_packages/sig-test-001/runs/6430bd4b-b87b-46bb-9a59-c9857adc7e18/generated.json,reports,.json,1033
reports/content_packages/sig-test-001/runs/6430bd4b-b87b-46bb-9a59-c9857adc7e18/publication_results.json,reports,.json,1079
reports/content_packages/sig-test-001/runs/644d6136-7263-4557-b110-5a2bea37a832/assignment.json,reports,.json,849
reports/content_packages/sig-test-001/runs/644d6136-7263-4557-b110-5a2bea37a832/business_strategy.json,reports,.json,17194
reports/content_packages/sig-test-001/runs/64706b78-d51c-4cdc-a592-823685b8503d/assignment.json,reports,.json,849
reports/content_packages/sig-test-001/runs/64706b78-d51c-4cdc-a592-823685b8503d/business_strategy.json,reports,.json,17194
reports/content_packages/sig-test-001/runs/64845be2-8564-4212-b4c0-a56a747e30fe/business_strategy.json,reports,.json,17194
reports/content_packages/sig-test-001/runs/64845be2-8564-4212-b4c0-a56a747e30fe/generated.json,reports,.json,1033
reports/content_packages/sig-test-001/runs/64845be2-8564-4212-b4c0-a56a747e30fe/publication_results.json,reports,.json,1079
reports/content_packages/sig-test-001/runs/64897c1e-c9ca-45c1-8c4b-93c41b5ef49d/business_strategy.json,reports,.json,17194
reports/content_packages/sig-test-001/runs/64897c1e-c9ca-45c1-8c4b-93c41b5ef49d/editorial_acceptance.json,reports,.json,236
reports/content_packages/sig-test-001/runs/64897c1e-c9ca-45c1-8c4b-93c41b5ef49d/generated.json,reports,.json,1033
reports/content_packages/sig-test-001/runs/64897c1e-c9ca-45c1-8c4b-93c41b5ef49d/publication_results.json,reports,.json,1079
reports/content_packages/sig-test-001/runs/649832f2-e1a7-47c8-85ef-4f78a08c944f/business_strategy.json,reports,.json,17194
reports/content_packages/sig-test-001/runs/64a4a902-e183-4c1d-ad77-865022417087/assignment.json,reports,.json,849
reports/content_packages/sig-test-001/runs/64a4a902-e183-4c1d-ad77-865022417087/business_strategy.json,reports,.json,17194
reports/content_packages/sig-test-001/runs/64a4a902-e183-4c1d-ad77-865022417087/run_report.json,reports,.json,887
reports/content_packages/sig-test-001/runs/6503630c-00b1-46ea-bb2c-2cfba43c309e/business_strategy.json,reports,.json,17194
reports/content_packages/sig-test-001/runs/6503630c-00b1-46ea-bb2c-2cfba43c309e/generated.json,reports,.json,1033
reports/content_packages/sig-test-001/runs/6510ea4c-4739-45e9-bc12-40cc46f8f990/assignment.json,reports,.json,857
reports/content_packages/sig-test-001/runs/6510ea4c-4739-45e9-bc12-40cc46f8f990/business_strategy.json,reports,.json,17194
reports/content_packages/sig-test-001/runs/6510ea4c-4739-45e9-bc12-40cc46f8f990/editorial_acceptance.json,reports,.json,289
reports/content_packages/sig-test-001/runs/6510ea4c-4739-45e9-bc12-40cc46f8f990/generated.json,reports,.json,1033
reports/content_packages/sig-test-001/runs/6510ea4c-4739-45e9-bc12-40cc46f8f990/publication_results.json,reports,.json,1079
reports/content_packages/sig-test-001/runs/652cc5b6-ae78-4600-b4ab-33350cf1f976/assignment.json,reports,.json,857
reports/content_packages/sig-test-001/runs/652cc5b6-ae78-4600-b4ab-33350cf1f976/business_strategy.json,reports,.json,17194
reports/content_packages/sig-test-001/runs/656369fd-00b8-42d3-9c89-d7f80185354d/assignment.json,reports,.json,849
reports/content_packages/sig-test-001/runs/656369fd-00b8-42d3-9c89-d7f80185354d/business_strategy.json,reports,.json,17194
reports/content_packages/sig-test-001/runs/656369fd-00b8-42d3-9c89-d7f80185354d/editorial_acceptance.json,reports,.json,289
reports/content_packages/sig-test-001/runs/656369fd-00b8-42d3-9c89-d7f80185354d/generated.json,reports,.json,1033
reports/content_packages/sig-test-001/runs/65720b79-05df-44b0-870f-15a6a5265882/business_strategy.json,reports,.json,17194
reports/content_packages/sig-test-001/runs/65720b79-05df-44b0-870f-15a6a5265882/generated.json,reports,.json,1033
reports/content_packages/sig-test-001/runs/657f246d-f78f-47e3-b9b0-30108676333c/assignment.json,reports,.json,857
reports/content_packages/sig-test-001/runs/657f246d-f78f-47e3-b9b0-30108676333c/business_strategy.json,reports,.json,17194
reports/content_packages/sig-test-001/runs/657f246d-f78f-47e3-b9b0-30108676333c/editorial_acceptance.json,reports,.json,289
reports/content_packages/sig-test-001/runs/657f246d-f78f-47e3-b9b0-30108676333c/generated.json,reports,.json,1033
reports/content_packages/sig-test-001/runs/657f246d-f78f-47e3-b9b0-30108676333c/publication_results.json,reports,.json,1160
reports/content_packages/sig-test-001/runs/6583068f-38bc-43c5-9bb6-e147e8f03fa2/assignment.json,reports,.json,857
reports/content_packages/sig-test-001/runs/6583068f-38bc-43c5-9bb6-e147e8f03fa2/business_strategy.json,reports,.json,17194
reports/content_packages/sig-test-001/runs/659921a4-3e6d-48a6-aec3-f337c2be1ae7/assignment.json,reports,.json,857
reports/content_packages/sig-test-001/runs/659921a4-3e6d-48a6-aec3-f337c2be1ae7/business_strategy.json,reports,.json,17194
reports/content_packages/sig-test-001/runs/659921a4-3e6d-48a6-aec3-f337c2be1ae7/editorial_acceptance.json,reports,.json,289
reports/content_packages/sig-test-001/runs/659921a4-3e6d-48a6-aec3-f337c2be1ae7/generated.json,reports,.json,1033
reports/content_packages/sig-test-001/runs/659921a4-3e6d-48a6-aec3-f337c2be1ae7/publication_results.json,reports,.json,1079
reports/content_packages/sig-test-001/runs/65bd0678-881a-4370-87a7-2e9ecbfd3a56/business_strategy.json,reports,.json,17194
reports/content_packages/sig-test-001/runs/65d4e79c-3811-4c91-b6da-16e3066aada9/business_strategy.json,reports,.json,17194
reports/content_packages/sig-test-001/runs/65d4e79c-3811-4c91-b6da-16e3066aada9/editorial_acceptance.json,reports,.json,236
reports/content_packages/sig-test-001/runs/65d4e79c-3811-4c91-b6da-16e3066aada9/generated.json,reports,.json,1033
reports/content_packages/sig-test-001/runs/65dffdd9-832b-4662-8647-500855c59dfd/assignment.json,reports,.json,857
reports/content_packages/sig-test-001/runs/65dffdd9-832b-4662-8647-500855c59dfd/business_strategy.json,reports,.json,17194
reports/content_packages/sig-test-001/runs/65dffdd9-832b-4662-8647-500855c59dfd/editorial_acceptance.json,reports,.json,289
reports/content_packages/sig-test-001/runs/65dffdd9-832b-4662-8647-500855c59dfd/generated.json,reports,.json,1033
reports/content_packages/sig-test-001/runs/65dffdd9-832b-4662-8647-500855c59dfd/publication_results.json,reports,.json,1079
reports/content_packages/sig-test-001/runs/663ce89a-e6ce-43c1-b65b-a64fef9a5760/business_strategy.json,reports,.json,17194
reports/content_packages/sig-test-001/runs/6651a0a3-44ae-47c1-84fd-e33c30552e88/generated.json,reports,.json,798
reports/content_packages/sig-test-001/runs/66ad0d1c-9e86-47f2-8b30-7bec3f2d5a86/assignment.json,reports,.json,849
reports/content_packages/sig-test-001/runs/66ad0d1c-9e86-47f2-8b30-7bec3f2d5a86/business_strategy.json,reports,.json,17194
reports/content_packages/sig-test-001/runs/66ad0d1c-9e86-47f2-8b30-7bec3f2d5a86/editorial_acceptance.json,reports,.json,289
reports/content_packages/sig-test-001/runs/66ad0d1c-9e86-47f2-8b30-7bec3f2d5a86/generated.json,reports,.json,1033
reports/content_packages/sig-test-001/runs/66cb051b-d67b-42b7-971c-95040139580a/assignment.json,reports,.json,849
reports/content_packages/sig-test-001/runs/66cb051b-d67b-42b7-971c-95040139580a/business_strategy.json,reports,.json,17194
reports/content_packages/sig-test-001/runs/66cb051b-d67b-42b7-971c-95040139580a/editorial_acceptance.json,reports,.json,289
reports/content_packages/sig-test-001/runs/66cb051b-d67b-42b7-971c-95040139580a/generated.json,reports,.json,1033
reports/content_packages/sig-test-001/runs/66f5ef77-e1ad-4ea2-a81e-0f21c5bb0e33/assignment.json,reports,.json,857
reports/content_packages/sig-test-001/runs/66f5ef77-e1ad-4ea2-a81e-0f21c5bb0e33/business_strategy.json,reports,.json,17194
reports/content_packages/sig-test-001/runs/66f5ef77-e1ad-4ea2-a81e-0f21c5bb0e33/editorial_acceptance.json,reports,.json,289
reports/content_packages/sig-test-001/runs/66f5ef77-e1ad-4ea2-a81e-0f21c5bb0e33/generated.json,reports,.json,1033
reports/content_packages/sig-test-001/runs/66fee193-0d8b-45e0-bd97-81693f917e3e/business_strategy.json,reports,.json,17194
reports/content_packages/sig-test-001/runs/673638ee-cf3e-438e-9732-6b7eb58e4ef9/generated.json,reports,.json,798
reports/content_packages/sig-test-001/runs/67423722-bc91-47a8-aae0-d9fc35c7b674/business_strategy.json,reports,.json,17194
reports/content_packages/sig-test-001/runs/6743cd06-bfff-4ce4-9dad-098e661a7f55/assignment.json,reports,.json,857
reports/content_packages/sig-test-001/runs/6743cd06-bfff-4ce4-9dad-098e661a7f55/business_strategy.json,reports,.json,17194
reports/content_packages/sig-test-001/runs/6743cd06-bfff-4ce4-9dad-098e661a7f55/editorial_acceptance.json,reports,.json,289
reports/content_packages/sig-test-001/runs/6743cd06-bfff-4ce4-9dad-098e661a7f55/generated.json,reports,.json,1033
reports/content_packages/sig-test-001/runs/6743cd06-bfff-4ce4-9dad-098e661a7f55/publication_results.json,reports,.json,1079
reports/content_packages/sig-test-001/runs/677e87c8-7e58-4726-8372-93d6c72c0393/assignment.json,reports,.json,857
reports/content_packages/sig-test-001/runs/677e87c8-7e58-4726-8372-93d6c72c0393/business_strategy.json,reports,.json,17194
reports/content_packages/sig-test-001/runs/68105bd3-ecc9-4980-914d-db73539c8e7c/assignment.json,reports,.json,857
reports/content_packages/sig-test-001/runs/68105bd3-ecc9-4980-914d-db73539c8e7c/business_strategy.json,reports,.json,17194
reports/content_packages/sig-test-001/runs/68105bd3-ecc9-4980-914d-db73539c8e7c/editorial_acceptance.json,reports,.json,289
reports/content_packages/sig-test-001/runs/68105bd3-ecc9-4980-914d-db73539c8e7c/generated.json,reports,.json,1033
reports/content_packages/sig-test-001/runs/68105bd3-ecc9-4980-914d-db73539c8e7c/publication_results.json,reports,.json,1079
reports/content_packages/sig-test-001/runs/683a9c18-59df-4e4a-a39a-c9adbd212ca7/business_strategy.json,reports,.json,17194
reports/content_packages/sig-test-001/runs/683a9c18-59df-4e4a-a39a-c9adbd212ca7/generated.json,reports,.json,1033
reports/content_packages/sig-test-001/runs/6878538b-3303-4d3f-913a-605a8aa10250/generated.json,reports,.json,798
reports/content_packages/sig-test-001/runs/6878538b-3303-4d3f-913a-605a8aa10250/publication_results.json,reports,.json,844
reports/content_packages/sig-test-001/runs/687bb422-c89b-415a-823c-846580f3bec1/business_strategy.json,reports,.json,17194
reports/content_packages/sig-test-001/runs/687bb422-c89b-415a-823c-846580f3bec1/generated.json,reports,.json,1033
reports/content_packages/sig-test-001/runs/689040fe-34b7-472a-a3e4-492be17f704e/business_strategy.json,reports,.json,17194
reports/content_packages/sig-test-001/runs/689040fe-34b7-472a-a3e4-492be17f704e/generated.json,reports,.json,1228
reports/content_packages/sig-test-001/runs/689040fe-34b7-472a-a3e4-492be17f704e/publication_results.json,reports,.json,1079
reports/content_packages/sig-test-001/runs/68a01c4b-472e-4c21-9359-72f3c976a306/business_strategy.json,reports,.json,17194
reports/content_packages/sig-test-001/runs/68cbafe3-a734-488f-a547-6c69e0059287/business_strategy.json,reports,.json,17194
reports/content_packages/sig-test-001/runs/68cbafe3-a734-488f-a547-6c69e0059287/editorial_acceptance.json,reports,.json,236
reports/content_packages/sig-test-001/runs/68cbafe3-a734-488f-a547-6c69e0059287/generated.json,reports,.json,1033
reports/content_packages/sig-test-001/runs/68eeb680-901e-4523-858f-e6b2948813a6/assignment.json,reports,.json,857
reports/content_packages/sig-test-001/runs/68eeb680-901e-4523-858f-e6b2948813a6/business_strategy.json,reports,.json,17194
reports/content_packages/sig-test-001/runs/68eeb680-901e-4523-858f-e6b2948813a6/editorial_acceptance.json,reports,.json,289
reports/content_packages/sig-test-001/runs/68eeb680-901e-4523-858f-e6b2948813a6/generated.json,reports,.json,1033
reports/content_packages/sig-test-001/runs/68eeb680-901e-4523-858f-e6b2948813a6/publication_results.json,reports,.json,1239
reports/content_packages/sig-test-001/runs/68f64242-3aef-4a10-a74a-1e460d6b0e9b/assignment.json,reports,.json,849
reports/content_packages/sig-test-001/runs/68f64242-3aef-4a10-a74a-1e460d6b0e9b/business_strategy.json,reports,.json,17194
reports/content_packages/sig-test-001/runs/6904ae01-9750-4e91-80af-09e7097b8b25/business_strategy.json,reports,.json,17194
reports/content_packages/sig-test-001/runs/6904ae01-9750-4e91-80af-09e7097b8b25/editorial_acceptance.json,reports,.json,236
reports/content_packages/sig-test-001/runs/6904ae01-9750-4e91-80af-09e7097b8b25/generated.json,reports,.json,1033
reports/content_packages/sig-test-001/runs/690e9849-d704-4feb-9233-4c8c9c0ac053/business_strategy.json,reports,.json,17194
reports/content_packages/sig-test-001/runs/690e9849-d704-4feb-9233-4c8c9c0ac053/editorial_acceptance.json,reports,.json,236
reports/content_packages/sig-test-001/runs/690e9849-d704-4feb-9233-4c8c9c0ac053/generated.json,reports,.json,1033
reports/content_packages/sig-test-001/runs/690e9849-d704-4feb-9233-4c8c9c0ac053/publication_results.json,reports,.json,1079
reports/content_packages/sig-test-001/runs/697e469d-e5a2-464a-b4b2-f86713cdf088/assignment.json,reports,.json,849
reports/content_packages/sig-test-001/runs/697e469d-e5a2-464a-b4b2-f86713cdf088/business_strategy.json,reports,.json,17194
reports/content_packages/sig-test-001/runs/697e469d-e5a2-464a-b4b2-f86713cdf088/editorial_acceptance.json,reports,.json,289
reports/content_packages/sig-test-001/runs/697e469d-e5a2-464a-b4b2-f86713cdf088/generated.json,reports,.json,1033
reports/content_packages/sig-test-001/runs/69d1f689-9aa1-4d48-aeb7-bbe7920ba13b/assignment.json,reports,.json,849
reports/content_packages/sig-test-001/runs/69d1f689-9aa1-4d48-aeb7-bbe7920ba13b/business_strategy.json,reports,.json,17194
reports/content_packages/sig-test-001/runs/69d1f689-9aa1-4d48-aeb7-bbe7920ba13b/editorial_acceptance.json,reports,.json,289
reports/content_packages/sig-test-001/runs/69d1f689-9aa1-4d48-aeb7-bbe7920ba13b/generated.json,reports,.json,1033
reports/content_packages/sig-test-001/runs/69d7139f-0d99-412c-8212-ded12f88255d/business_strategy.json,reports,.json,17194
reports/content_packages/sig-test-001/runs/69d7139f-0d99-412c-8212-ded12f88255d/editorial_acceptance.json,reports,.json,236
reports/content_packages/sig-test-001/runs/69d7139f-0d99-412c-8212-ded12f88255d/generated.json,reports,.json,1033
reports/content_packages/sig-test-001/runs/69d7139f-0d99-412c-8212-ded12f88255d/publication_results.json,reports,.json,1079
reports/content_packages/sig-test-001/runs/6a0a1cca-f266-47cc-b98c-59d425789cdd/generated.json,reports,.json,798
reports/content_packages/sig-test-001/runs/6a0a1cca-f266-47cc-b98c-59d425789cdd/publication_results.json,reports,.json,844
reports/content_packages/sig-test-001/runs/6a3495af-8bd4-4a8e-89ed-60c18c6f1509/assignment.json,reports,.json,849
reports/content_packages/sig-test-001/runs/6a3495af-8bd4-4a8e-89ed-60c18c6f1509/business_strategy.json,reports,.json,17194
reports/content_packages/sig-test-001/runs/6a3495af-8bd4-4a8e-89ed-60c18c6f1509/editorial_acceptance.json,reports,.json,289
reports/content_packages/sig-test-001/runs/6a3495af-8bd4-4a8e-89ed-60c18c6f1509/generated.json,reports,.json,1033
reports/content_packages/sig-test-001/runs/6a4bd464-0b2a-4895-8204-11c53c5717bc/assignment.json,reports,.json,849
reports/content_packages/sig-test-001/runs/6a4bd464-0b2a-4895-8204-11c53c5717bc/business_strategy.json,reports,.json,17194
reports/content_packages/sig-test-001/runs/6a4bd464-0b2a-4895-8204-11c53c5717bc/editorial_acceptance.json,reports,.json,289
reports/content_packages/sig-test-001/runs/6a4bd464-0b2a-4895-8204-11c53c5717bc/generated.json,reports,.json,1033
reports/content_packages/sig-test-001/runs/6a588ffb-1861-4b0b-88cf-a566d86ca773/business_strategy.json,reports,.json,17194
reports/content_packages/sig-test-001/runs/6a588ffb-1861-4b0b-88cf-a566d86ca773/generated.json,reports,.json,1033
reports/content_packages/sig-test-001/runs/6ab9e694-d800-4fd2-84c5-41d1eef4791a/business_strategy.json,reports,.json,17194
reports/content_packages/sig-test-001/runs/6ab9e694-d800-4fd2-84c5-41d1eef4791a/editorial_acceptance.json,reports,.json,236
reports/content_packages/sig-test-001/runs/6ab9e694-d800-4fd2-84c5-41d1eef4791a/generated.json,reports,.json,1033
reports/content_packages/sig-test-001/runs/6ab9e694-d800-4fd2-84c5-41d1eef4791a/publication_results.json,reports,.json,1079
reports/content_packages/sig-test-001/runs/6afdbbe8-d79e-458f-a1a3-706b14b4897b/business_strategy.json,reports,.json,17194
reports/content_packages/sig-test-001/runs/6afdbbe8-d79e-458f-a1a3-706b14b4897b/generated.json,reports,.json,1228
reports/content_packages/sig-test-001/runs/6b3fa608-b098-42e7-81e9-0a42e149e500/business_strategy.json,reports,.json,17194
reports/content_packages/sig-test-001/runs/6b3fa608-b098-42e7-81e9-0a42e149e500/generated.json,reports,.json,1033
reports/content_packages/sig-test-001/runs/6b50a997-143a-4a0e-aef3-c620b565e551/generated.json,reports,.json,798
reports/content_packages/sig-test-001/runs/6b60caa9-0598-4302-b428-b8747e0359e0/assignment.json,reports,.json,857
reports/content_packages/sig-test-001/runs/6b60caa9-0598-4302-b428-b8747e0359e0/business_strategy.json,reports,.json,17194
reports/content_packages/sig-test-001/runs/6b60caa9-0598-4302-b428-b8747e0359e0/editorial_acceptance.json,reports,.json,289
reports/content_packages/sig-test-001/runs/6b60caa9-0598-4302-b428-b8747e0359e0/generated.json,reports,.json,1033
reports/content_packages/sig-test-001/runs/6b60caa9-0598-4302-b428-b8747e0359e0/publication_results.json,reports,.json,1160
reports/content_packages/sig-test-001/runs/6bab7e88-8c13-4fb2-839e-3ea823f0d20c/business_strategy.json,reports,.json,17194
reports/content_packages/sig-test-001/runs/6bab7e88-8c13-4fb2-839e-3ea823f0d20c/editorial_acceptance.json,reports,.json,236
reports/content_packages/sig-test-001/runs/6bab7e88-8c13-4fb2-839e-3ea823f0d20c/generated.json,reports,.json,1033
reports/content_packages/sig-test-001/runs/6bd6b6ab-60bd-44a7-a910-449dd5afadce/business_strategy.json,reports,.json,17194
reports/content_packages/sig-test-001/runs/6bd8bc2a-4cac-49c4-994b-f6dd9db5bbcf/business_strategy.json,reports,.json,17194
reports/content_packages/sig-test-001/runs/6c0d7aac-11e0-49a9-b458-fcf33cc70d3b/business_strategy.json,reports,.json,17194
reports/content_packages/sig-test-001/runs/6d7a4e34-87b5-425e-8ec9-23deb6e3c0fd/business_strategy.json,reports,.json,17194
reports/content_packages/sig-test-001/runs/6d7a4e34-87b5-425e-8ec9-23deb6e3c0fd/editorial_acceptance.json,reports,.json,236
reports/content_packages/sig-test-001/runs/6d7a4e34-87b5-425e-8ec9-23deb6e3c0fd/generated.json,reports,.json,1033
reports/content_packages/sig-test-001/runs/6d7a4e34-87b5-425e-8ec9-23deb6e3c0fd/publication_results.json,reports,.json,1079
reports/content_packages/sig-test-001/runs/6da25a3f-5f86-4226-9f9a-ea681b1129cc/assignment.json,reports,.json,849
reports/content_packages/sig-test-001/runs/6da25a3f-5f86-4226-9f9a-ea681b1129cc/business_strategy.json,reports,.json,17194
reports/content_packages/sig-test-001/runs/6da25a3f-5f86-4226-9f9a-ea681b1129cc/editorial_acceptance.json,reports,.json,289
reports/content_packages/sig-test-001/runs/6da25a3f-5f86-4226-9f9a-ea681b1129cc/generated.json,reports,.json,1033
reports/content_packages/sig-test-001/runs/6dc1dc4c-2683-4ae9-b6fa-030ae7cf4e5e/assignment.json,reports,.json,857
reports/content_packages/sig-test-001/runs/6dc1dc4c-2683-4ae9-b6fa-030ae7cf4e5e/business_strategy.json,reports,.json,17194
reports/content_packages/sig-test-001/runs/6dc1dc4c-2683-4ae9-b6fa-030ae7cf4e5e/editorial_acceptance.json,reports,.json,289
reports/content_packages/sig-test-001/runs/6dc1dc4c-2683-4ae9-b6fa-030ae7cf4e5e/generated.json,reports,.json,1033
reports/content_packages/sig-test-001/runs/6dc1dc4c-2683-4ae9-b6fa-030ae7cf4e5e/publication_results.json,reports,.json,1079
reports/content_packages/sig-test-001/runs/6dc2f858-9c6f-40ac-9949-0c003b521363/assignment.json,reports,.json,857
reports/content_packages/sig-test-001/runs/6dc2f858-9c6f-40ac-9949-0c003b521363/business_strategy.json,reports,.json,17194
reports/content_packages/sig-test-001/runs/6dc2f858-9c6f-40ac-9949-0c003b521363/editorial_acceptance.json,reports,.json,289
reports/content_packages/sig-test-001/runs/6dc2f858-9c6f-40ac-9949-0c003b521363/generated.json,reports,.json,1033
reports/content_packages/sig-test-001/runs/6dc2f858-9c6f-40ac-9949-0c003b521363/publication_results.json,reports,.json,1160
reports/content_packages/sig-test-001/runs/6dcf80a9-aa99-4060-b976-b90d387f55c8/assignment.json,reports,.json,849
reports/content_packages/sig-test-001/runs/6dcf80a9-aa99-4060-b976-b90d387f55c8/business_strategy.json,reports,.json,17194
reports/content_packages/sig-test-001/runs/6dcf80a9-aa99-4060-b976-b90d387f55c8/editorial_acceptance.json,reports,.json,289
reports/content_packages/sig-test-001/runs/6dcf80a9-aa99-4060-b976-b90d387f55c8/generated.json,reports,.json,1033
reports/content_packages/sig-test-001/runs/6ddc071a-5346-4dfa-a3a5-a298fe03bac5/assignment.json,reports,.json,849
reports/content_packages/sig-test-001/runs/6ddc071a-5346-4dfa-a3a5-a298fe03bac5/business_strategy.json,reports,.json,17194
reports/content_packages/sig-test-001/runs/6e09d2e4-ff79-444b-9446-6964494a6bd8/business_strategy.json,reports,.json,17194
reports/content_packages/sig-test-001/runs/6e09d2e4-ff79-444b-9446-6964494a6bd8/editorial_acceptance.json,reports,.json,236
reports/content_packages/sig-test-001/runs/6e09d2e4-ff79-444b-9446-6964494a6bd8/generated.json,reports,.json,1033
reports/content_packages/sig-test-001/runs/6e1297b5-f20c-4ed6-b381-e2ec3e743d11/business_strategy.json,reports,.json,17194
reports/content_packages/sig-test-001/runs/6e20ae64-4154-411a-942f-76a28762fbcd/business_strategy.json,reports,.json,17194
reports/content_packages/sig-test-001/runs/6e20ae64-4154-411a-942f-76a28762fbcd/generated.json,reports,.json,1033
reports/content_packages/sig-test-001/runs/6e39f858-cd06-4b60-8873-96e0535bb6ff/assignment.json,reports,.json,857
reports/content_packages/sig-test-001/runs/6e39f858-cd06-4b60-8873-96e0535bb6ff/business_strategy.json,reports,.json,17194
reports/content_packages/sig-test-001/runs/6e39f858-cd06-4b60-8873-96e0535bb6ff/run_report.json,reports,.json,895
reports/content_packages/sig-test-001/runs/6e55b3f7-c713-4e55-9a4f-512806a31222/business_strategy.json,reports,.json,17194
reports/content_packages/sig-test-001/runs/6e818145-1ab9-4791-b323-df930cce3cee/business_strategy.json,reports,.json,17194
reports/content_packages/sig-test-001/runs/6e818145-1ab9-4791-b323-df930cce3cee/generated.json,reports,.json,1033
reports/content_packages/sig-test-001/runs/6ee3f8ff-349d-457e-a255-7071623b4623/business_strategy.json,reports,.json,17194
reports/content_packages/sig-test-001/runs/6ee3f8ff-349d-457e-a255-7071623b4623/generated.json,reports,.json,1033
reports/content_packages/sig-test-001/runs/6f0df7fb-793a-45db-a695-a9e9273161dc/assignment.json,reports,.json,857
reports/content_packages/sig-test-001/runs/6f0df7fb-793a-45db-a695-a9e9273161dc/business_strategy.json,reports,.json,17194
reports/content_packages/sig-test-001/runs/6f0df7fb-793a-45db-a695-a9e9273161dc/editorial_acceptance.json,reports,.json,289
reports/content_packages/sig-test-001/runs/6f0df7fb-793a-45db-a695-a9e9273161dc/generated.json,reports,.json,1033
reports/content_packages/sig-test-001/runs/6f0df7fb-793a-45db-a695-a9e9273161dc/publication_results.json,reports,.json,1079
reports/content_packages/sig-test-001/runs/6f240529-5722-40aa-b1e2-065b78604a46/assignment.json,reports,.json,849
reports/content_packages/sig-test-001/runs/6f240529-5722-40aa-b1e2-065b78604a46/business_strategy.json,reports,.json,17194
reports/content_packages/sig-test-001/runs/6f809200-e4bb-4ee1-ae74-0015632f5836/business_strategy.json,reports,.json,17194
reports/content_packages/sig-test-001/runs/6f809200-e4bb-4ee1-ae74-0015632f5836/generated.json,reports,.json,1228
reports/content_packages/sig-test-001/runs/6f834184-a4d2-4535-bb25-811b29a9c0b1/assignment.json,reports,.json,849
reports/content_packages/sig-test-001/runs/6f834184-a4d2-4535-bb25-811b29a9c0b1/business_strategy.json,reports,.json,17194
reports/content_packages/sig-test-001/runs/6f834184-a4d2-4535-bb25-811b29a9c0b1/editorial_acceptance.json,reports,.json,289
reports/content_packages/sig-test-001/runs/6f834184-a4d2-4535-bb25-811b29a9c0b1/generated.json,reports,.json,1033
reports/content_packages/sig-test-001/runs/6fa5c6fa-5f12-4a71-98e3-4d0cf4dbf665/assignment.json,reports,.json,857
reports/content_packages/sig-test-001/runs/6fa5c6fa-5f12-4a71-98e3-4d0cf4dbf665/business_strategy.json,reports,.json,17194
reports/content_packages/sig-test-001/runs/6fa5c6fa-5f12-4a71-98e3-4d0cf4dbf665/editorial_acceptance.json,reports,.json,289
reports/content_packages/sig-test-001/runs/6fa5c6fa-5f12-4a71-98e3-4d0cf4dbf665/generated.json,reports,.json,1033
reports/content_packages/sig-test-001/runs/6fa5c6fa-5f12-4a71-98e3-4d0cf4dbf665/publication_results.json,reports,.json,1079
reports/content_packages/sig-test-001/runs/6fb04b36-04c0-423e-9822-9eb384a8f104/assignment.json,reports,.json,849
reports/content_packages/sig-test-001/runs/6fb04b36-04c0-423e-9822-9eb384a8f104/business_strategy.json,reports,.json,17194
reports/content_packages/sig-test-001/runs/6fb89352-a134-46df-a2f3-c6f46ce847cc/business_strategy.json,reports,.json,17194
reports/content_packages/sig-test-001/runs/6fe441c3-3b47-4eea-a8bc-4f5ae54d6136/business_strategy.json,reports,.json,17194
reports/content_packages/sig-test-001/runs/6fe441c3-3b47-4eea-a8bc-4f5ae54d6136/editorial_acceptance.json,reports,.json,236
reports/content_packages/sig-test-001/runs/6fe441c3-3b47-4eea-a8bc-4f5ae54d6136/generated.json,reports,.json,1033
reports/content_packages/sig-test-001/runs/6fe441c3-3b47-4eea-a8bc-4f5ae54d6136/publication_results.json,reports,.json,1079
reports/content_packages/sig-test-001/runs/70244240-463d-4bb8-9650-f7b5b7429a97/assignment.json,reports,.json,849
reports/content_packages/sig-test-001/runs/70244240-463d-4bb8-9650-f7b5b7429a97/business_strategy.json,reports,.json,17194
reports/content_packages/sig-test-001/runs/70244240-463d-4bb8-9650-f7b5b7429a97/editorial_acceptance.json,reports,.json,289
reports/content_packages/sig-test-001/runs/70244240-463d-4bb8-9650-f7b5b7429a97/generated.json,reports,.json,1033
reports/content_packages/sig-test-001/runs/706ad451-a162-4363-8e0b-9cb4662296cf/business_strategy.json,reports,.json,17194
reports/content_packages/sig-test-001/runs/70a98453-d865-4d9b-bc51-260ebcca46f9/assignment.json,reports,.json,849
reports/content_packages/sig-test-001/runs/70a98453-d865-4d9b-bc51-260ebcca46f9/business_strategy.json,reports,.json,17194
reports/content_packages/sig-test-001/runs/70a98453-d865-4d9b-bc51-260ebcca46f9/run_report.json,reports,.json,887
reports/content_packages/sig-test-001/runs/70b35da5-e0e8-42c1-bf0b-463a94e07c64/assignment.json,reports,.json,857
reports/content_packages/sig-test-001/runs/70b35da5-e0e8-42c1-bf0b-463a94e07c64/business_strategy.json,reports,.json,17194
reports/content_packages/sig-test-001/runs/70b35da5-e0e8-42c1-bf0b-463a94e07c64/editorial_acceptance.json,reports,.json,289
reports/content_packages/sig-test-001/runs/70b35da5-e0e8-42c1-bf0b-463a94e07c64/generated.json,reports,.json,1033
reports/content_packages/sig-test-001/runs/70b35da5-e0e8-42c1-bf0b-463a94e07c64/publication_results.json,reports,.json,1160
reports/content_packages/sig-test-001/runs/70f26cfc-94c1-4f9d-a45e-f1e01605c3c7/assignment.json,reports,.json,849
reports/content_packages/sig-test-001/runs/70f26cfc-94c1-4f9d-a45e-f1e01605c3c7/business_strategy.json,reports,.json,17194
reports/content_packages/sig-test-001/runs/70f26cfc-94c1-4f9d-a45e-f1e01605c3c7/editorial_acceptance.json,reports,.json,289
reports/content_packages/sig-test-001/runs/70f26cfc-94c1-4f9d-a45e-f1e01605c3c7/generated.json,reports,.json,1033
reports/content_packages/sig-test-001/runs/711e4b3d-1733-4f4d-9e34-38975bb91dc2/assignment.json,reports,.json,849
reports/content_packages/sig-test-001/runs/711e4b3d-1733-4f4d-9e34-38975bb91dc2/business_strategy.json,reports,.json,17194
reports/content_packages/sig-test-001/runs/713438eb-7c06-4b05-9c67-b483548ddf27/business_strategy.json,reports,.json,17194
reports/content_packages/sig-test-001/runs/713438eb-7c06-4b05-9c67-b483548ddf27/generated.json,reports,.json,1033
reports/content_packages/sig-test-001/runs/715014bf-c4a3-45d8-9d85-99595ea5231d/assignment.json,reports,.json,849
reports/content_packages/sig-test-001/runs/715014bf-c4a3-45d8-9d85-99595ea5231d/business_strategy.json,reports,.json,17194
reports/content_packages/sig-test-001/runs/715014bf-c4a3-45d8-9d85-99595ea5231d/editorial_acceptance.json,reports,.json,289
reports/content_packages/sig-test-001/runs/715014bf-c4a3-45d8-9d85-99595ea5231d/generated.json,reports,.json,1033
reports/content_packages/sig-test-001/runs/71fb87cc-c38f-4872-a39d-bf5aa114f8e3/assignment.json,reports,.json,857
reports/content_packages/sig-test-001/runs/71fb87cc-c38f-4872-a39d-bf5aa114f8e3/business_strategy.json,reports,.json,17194
reports/content_packages/sig-test-001/runs/71fb87cc-c38f-4872-a39d-bf5aa114f8e3/editorial_acceptance.json,reports,.json,289
reports/content_packages/sig-test-001/runs/71fb87cc-c38f-4872-a39d-bf5aa114f8e3/generated.json,reports,.json,1033
reports/content_packages/sig-test-001/runs/71fb87cc-c38f-4872-a39d-bf5aa114f8e3/publication_results.json,reports,.json,1079
reports/content_packages/sig-test-001/runs/723605a0-239f-4c05-ba4b-dd759ff65624/assignment.json,reports,.json,849
reports/content_packages/sig-test-001/runs/723605a0-239f-4c05-ba4b-dd759ff65624/business_strategy.json,reports,.json,17194
reports/content_packages/sig-test-001/runs/723605a0-239f-4c05-ba4b-dd759ff65624/editorial_acceptance.json,reports,.json,289
reports/content_packages/sig-test-001/runs/723605a0-239f-4c05-ba4b-dd759ff65624/generated.json,reports,.json,1033
reports/content_packages/sig-test-001/runs/724d0152-ef5c-498a-aec6-98196759137b/business_strategy.json,reports,.json,17194
reports/content_packages/sig-test-001/runs/72784d4e-a6e0-418d-87a6-58ee876f0690/business_strategy.json,reports,.json,17194
reports/content_packages/sig-test-001/runs/72784d4e-a6e0-418d-87a6-58ee876f0690/generated.json,reports,.json,1033
reports/content_packages/sig-test-001/runs/72806b6c-fd09-4583-8e7e-919defd15e57/assignment.json,reports,.json,849
reports/content_packages/sig-test-001/runs/72806b6c-fd09-4583-8e7e-919defd15e57/business_strategy.json,reports,.json,17194
reports/content_packages/sig-test-001/runs/7292dee0-aa70-4482-91c1-f501d7210dda/assignment.json,reports,.json,849
reports/content_packages/sig-test-001/runs/7292dee0-aa70-4482-91c1-f501d7210dda/business_strategy.json,reports,.json,17194
reports/content_packages/sig-test-001/runs/7292dee0-aa70-4482-91c1-f501d7210dda/editorial_acceptance.json,reports,.json,289
reports/content_packages/sig-test-001/runs/7292dee0-aa70-4482-91c1-f501d7210dda/generated.json,reports,.json,1033
reports/content_packages/sig-test-001/runs/729ab804-e14b-4a9c-b6e6-7b71ec32d7dc/assignment.json,reports,.json,849
reports/content_packages/sig-test-001/runs/729ab804-e14b-4a9c-b6e6-7b71ec32d7dc/business_strategy.json,reports,.json,17194
reports/content_packages/sig-test-001/runs/729ab804-e14b-4a9c-b6e6-7b71ec32d7dc/editorial_acceptance.json,reports,.json,289
reports/content_packages/sig-test-001/runs/729ab804-e14b-4a9c-b6e6-7b71ec32d7dc/generated.json,reports,.json,1033
reports/content_packages/sig-test-001/runs/72bc07aa-bfe1-4c88-843c-d5822a0c9b7e/business_strategy.json,reports,.json,17194
reports/content_packages/sig-test-001/runs/72bc07aa-bfe1-4c88-843c-d5822a0c9b7e/generated.json,reports,.json,1033
reports/content_packages/sig-test-001/runs/72bc07aa-bfe1-4c88-843c-d5822a0c9b7e/publication_results.json,reports,.json,1079
reports/content_packages/sig-test-001/runs/72cd58cf-5985-4dd8-a784-cbbb9e007930/assignment.json,reports,.json,849
reports/content_packages/sig-test-001/runs/72cd58cf-5985-4dd8-a784-cbbb9e007930/business_strategy.json,reports,.json,17194
reports/content_packages/sig-test-001/runs/72cd58cf-5985-4dd8-a784-cbbb9e007930/editorial_acceptance.json,reports,.json,289
reports/content_packages/sig-test-001/runs/72cd58cf-5985-4dd8-a784-cbbb9e007930/generated.json,reports,.json,1033
reports/content_packages/sig-test-001/runs/72eb514a-3aa0-4a91-bd49-5b128cea6a7e/business_strategy.json,reports,.json,17194
reports/content_packages/sig-test-001/runs/72eb514a-3aa0-4a91-bd49-5b128cea6a7e/generated.json,reports,.json,1033
reports/content_packages/sig-test-001/runs/72fc2f3e-ae33-4964-853e-47b0742d6bd2/generated.json,reports,.json,798
reports/content_packages/sig-test-001/runs/73109edc-1422-4dcb-a218-bf07e08d3a78/generated.json,reports,.json,798
reports/content_packages/sig-test-001/runs/733a826e-d2cc-4043-ba3d-f040ca94990a/generated.json,reports,.json,932
reports/content_packages/sig-test-001/runs/737ae725-41c3-4cc1-b874-30bdc9a196e9/business_strategy.json,reports,.json,17194
reports/content_packages/sig-test-001/runs/737ae725-41c3-4cc1-b874-30bdc9a196e9/generated.json,reports,.json,1033
reports/content_packages/sig-test-001/runs/737ae725-41c3-4cc1-b874-30bdc9a196e9/publication_results.json,reports,.json,1079
reports/content_packages/sig-test-001/runs/73b68c20-c9d2-4379-8b79-cd7d88266467/business_strategy.json,reports,.json,17194
reports/content_packages/sig-test-001/runs/73b68c20-c9d2-4379-8b79-cd7d88266467/generated.json,reports,.json,1033
reports/content_packages/sig-test-001/runs/73d80b24-f277-4680-8fc8-77428b6318dc/assignment.json,reports,.json,857
reports/content_packages/sig-test-001/runs/73d80b24-f277-4680-8fc8-77428b6318dc/business_strategy.json,reports,.json,17194
reports/content_packages/sig-test-001/runs/73d80b24-f277-4680-8fc8-77428b6318dc/editorial_acceptance.json,reports,.json,289
reports/content_packages/sig-test-001/runs/73d80b24-f277-4680-8fc8-77428b6318dc/generated.json,reports,.json,1033
reports/content_packages/sig-test-001/runs/73d80b24-f277-4680-8fc8-77428b6318dc/publication_results.json,reports,.json,1160
reports/content_packages/sig-test-001/runs/73e3b2bc-0371-4a1e-8ef3-1efe56316035/business_strategy.json,reports,.json,17194
reports/content_packages/sig-test-001/runs/73e3b2bc-0371-4a1e-8ef3-1efe56316035/generated.json,reports,.json,1033
reports/content_packages/sig-test-001/runs/73e3b2bc-0371-4a1e-8ef3-1efe56316035/publication_results.json,reports,.json,1079
reports/content_packages/sig-test-001/runs/7408f746-2319-498b-b31b-7960fa07e9f2/business_strategy.json,reports,.json,17194
reports/content_packages/sig-test-001/runs/7408f746-2319-498b-b31b-7960fa07e9f2/generated.json,reports,.json,1033
reports/content_packages/sig-test-001/runs/7447100c-ba2d-475f-b78e-41216e2da932/business_strategy.json,reports,.json,17194
reports/content_packages/sig-test-001/runs/74a3d78a-3d8d-4c74-a9ac-177c8e4001cd/business_strategy.json,reports,.json,17194
reports/content_packages/sig-test-001/runs/74e6b392-b87d-4faa-aa7e-ea553c74f93c/generated.json,reports,.json,798
reports/content_packages/sig-test-001/runs/74f733bd-c9f7-41be-b6d3-c0df3557ff87/generated.json,reports,.json,798
reports/content_packages/sig-test-001/runs/74f733bd-c9f7-41be-b6d3-c0df3557ff87/publication_results.json,reports,.json,844
reports/content_packages/sig-test-001/runs/7505073c-0c70-409c-9a6a-28dd2f424421/generated.json,reports,.json,932
reports/content_packages/sig-test-001/runs/751db86b-a69a-43af-8649-40fa01ac75f3/assignment.json,reports,.json,857
reports/content_packages/sig-test-001/runs/751db86b-a69a-43af-8649-40fa01ac75f3/business_strategy.json,reports,.json,17194
reports/content_packages/sig-test-001/runs/751db86b-a69a-43af-8649-40fa01ac75f3/editorial_acceptance.json,reports,.json,289
reports/content_packages/sig-test-001/runs/751db86b-a69a-43af-8649-40fa01ac75f3/generated.json,reports,.json,1033
reports/content_packages/sig-test-001/runs/751db86b-a69a-43af-8649-40fa01ac75f3/publication_results.json,reports,.json,1160
reports/content_packages/sig-test-001/runs/7582d210-ab3f-49f9-82a9-b95ddcbc04cc/business_strategy.json,reports,.json,17194
reports/content_packages/sig-test-001/runs/7582d210-ab3f-49f9-82a9-b95ddcbc04cc/generated.json,reports,.json,1228
reports/content_packages/sig-test-001/runs/758df913-bfc9-42c1-ba47-ca3bcd3caddf/business_strategy.json,reports,.json,17194
reports/content_packages/sig-test-001/runs/758df913-bfc9-42c1-ba47-ca3bcd3caddf/editorial_acceptance.json,reports,.json,236
reports/content_packages/sig-test-001/runs/758df913-bfc9-42c1-ba47-ca3bcd3caddf/generated.json,reports,.json,1033
reports/content_packages/sig-test-001/runs/75f735e2-eddf-47b2-b2d4-e7dac49b5345/assignment.json,reports,.json,857
reports/content_packages/sig-test-001/runs/75f735e2-eddf-47b2-b2d4-e7dac49b5345/business_strategy.json,reports,.json,17194
reports/content_packages/sig-test-001/runs/75f735e2-eddf-47b2-b2d4-e7dac49b5345/editorial_acceptance.json,reports,.json,289
reports/content_packages/sig-test-001/runs/75f735e2-eddf-47b2-b2d4-e7dac49b5345/generated.json,reports,.json,1033
reports/content_packages/sig-test-001/runs/75f735e2-eddf-47b2-b2d4-e7dac49b5345/publication_results.json,reports,.json,1160
reports/content_packages/sig-test-001/runs/763d3cc7-8535-4986-bca3-177b90cbf74c/assignment.json,reports,.json,849
reports/content_packages/sig-test-001/runs/763d3cc7-8535-4986-bca3-177b90cbf74c/business_strategy.json,reports,.json,17194
reports/content_packages/sig-test-001/runs/763d3cc7-8535-4986-bca3-177b90cbf74c/editorial_acceptance.json,reports,.json,289
reports/content_packages/sig-test-001/runs/763d3cc7-8535-4986-bca3-177b90cbf74c/generated.json,reports,.json,1033
reports/content_packages/sig-test-001/runs/763fb2c6-4b57-44bf-92bd-a6fbb7b00476/business_strategy.json,reports,.json,17194
reports/content_packages/sig-test-001/runs/763fb2c6-4b57-44bf-92bd-a6fbb7b00476/editorial_acceptance.json,reports,.json,236
reports/content_packages/sig-test-001/runs/763fb2c6-4b57-44bf-92bd-a6fbb7b00476/generated.json,reports,.json,1033
reports/content_packages/sig-test-001/runs/763fb2c6-4b57-44bf-92bd-a6fbb7b00476/publication_results.json,reports,.json,1079
reports/content_packages/sig-test-001/runs/7645790b-044f-4467-9a9c-c2ea9f2d0e93/generated.json,reports,.json,932
reports/content_packages/sig-test-001/runs/766d27d6-e097-4545-be0d-1c5c3c4b5b3c/generated.json,reports,.json,932
reports/content_packages/sig-test-001/runs/7686d855-4cba-4e39-881d-732526ecf795/business_strategy.json,reports,.json,17194
reports/content_packages/sig-test-001/runs/7686d855-4cba-4e39-881d-732526ecf795/generated.json,reports,.json,1033
reports/content_packages/sig-test-001/runs/7686d855-4cba-4e39-881d-732526ecf795/publication_results.json,reports,.json,1079
reports/content_packages/sig-test-001/runs/76a7773c-fd0b-4990-9b5d-029ad0b622e7/assignment.json,reports,.json,857
reports/content_packages/sig-test-001/runs/76a7773c-fd0b-4990-9b5d-029ad0b622e7/business_strategy.json,reports,.json,17194
reports/content_packages/sig-test-001/runs/76a7773c-fd0b-4990-9b5d-029ad0b622e7/editorial_acceptance.json,reports,.json,289
reports/content_packages/sig-test-001/runs/76a7773c-fd0b-4990-9b5d-029ad0b622e7/generated.json,reports,.json,1033
reports/content_packages/sig-test-001/runs/76a7773c-fd0b-4990-9b5d-029ad0b622e7/publication_results.json,reports,.json,1160
reports/content_packages/sig-test-001/runs/76b1b0b4-a789-4a0e-879e-8b72c4617614/business_strategy.json,reports,.json,17194
reports/content_packages/sig-test-001/runs/76b1b0b4-a789-4a0e-879e-8b72c4617614/generated.json,reports,.json,1033
reports/content_packages/sig-test-001/runs/776ab2df-5ba4-4e00-8293-f8b542bc967f/business_strategy.json,reports,.json,17194
reports/content_packages/sig-test-001/runs/776ab2df-5ba4-4e00-8293-f8b542bc967f/generated.json,reports,.json,1033
reports/content_packages/sig-test-001/runs/778e4151-140c-4ab4-a6a4-0a744e4f63e7/assignment.json,reports,.json,857
reports/content_packages/sig-test-001/runs/778e4151-140c-4ab4-a6a4-0a744e4f63e7/business_strategy.json,reports,.json,17194
reports/content_packages/sig-test-001/runs/778e4151-140c-4ab4-a6a4-0a744e4f63e7/run_report.json,reports,.json,895
reports/content_packages/sig-test-001/runs/77b83065-85e3-41ea-ab95-450ad34b43bc/assignment.json,reports,.json,857
reports/content_packages/sig-test-001/runs/77b83065-85e3-41ea-ab95-450ad34b43bc/business_strategy.json,reports,.json,17194
reports/content_packages/sig-test-001/runs/77b83065-85e3-41ea-ab95-450ad34b43bc/editorial_acceptance.json,reports,.json,289
reports/content_packages/sig-test-001/runs/77b83065-85e3-41ea-ab95-450ad34b43bc/generated.json,reports,.json,1033
reports/content_packages/sig-test-001/runs/77b83065-85e3-41ea-ab95-450ad34b43bc/publication_results.json,reports,.json,1079
reports/content_packages/sig-test-001/runs/77da0b0d-7f04-4884-8788-276199db8975/generated.json,reports,.json,798
reports/content_packages/sig-test-001/runs/77dbdd3e-3e06-4102-81b0-f2477497d4d1/business_strategy.json,reports,.json,17194
reports/content_packages/sig-test-001/runs/77dbdd3e-3e06-4102-81b0-f2477497d4d1/generated.json,reports,.json,1033
reports/content_packages/sig-test-001/runs/77fcf6f2-ae0d-4337-944d-a38f9c75e510/business_strategy.json,reports,.json,17194
reports/content_packages/sig-test-001/runs/77fcf6f2-ae0d-4337-944d-a38f9c75e510/editorial_acceptance.json,reports,.json,236
reports/content_packages/sig-test-001/runs/77fcf6f2-ae0d-4337-944d-a38f9c75e510/generated.json,reports,.json,1033
reports/content_packages/sig-test-001/runs/77fcf6f2-ae0d-4337-944d-a38f9c75e510/publication_results.json,reports,.json,1079
reports/content_packages/sig-test-001/runs/78075b5a-1dc0-4b77-80ce-812c0e1aa857/generated.json,reports,.json,798
reports/content_packages/sig-test-001/runs/780c0f9b-e45c-4374-9cde-08712d619036/assignment.json,reports,.json,849
reports/content_packages/sig-test-001/runs/780c0f9b-e45c-4374-9cde-08712d619036/business_strategy.json,reports,.json,17194
reports/content_packages/sig-test-001/runs/780c0f9b-e45c-4374-9cde-08712d619036/editorial_acceptance.json,reports,.json,289
reports/content_packages/sig-test-001/runs/780c0f9b-e45c-4374-9cde-08712d619036/generated.json,reports,.json,1033
reports/content_packages/sig-test-001/runs/7827e665-4cc9-4d40-a6b0-80a9983b6c55/business_strategy.json,reports,.json,17194
reports/content_packages/sig-test-001/runs/7827e665-4cc9-4d40-a6b0-80a9983b6c55/generated.json,reports,.json,1033
reports/content_packages/sig-test-001/runs/7827e665-4cc9-4d40-a6b0-80a9983b6c55/publication_results.json,reports,.json,1079
reports/content_packages/sig-test-001/runs/786915d5-d39a-4bc6-b9f5-babff2cce998/assignment.json,reports,.json,849
reports/content_packages/sig-test-001/runs/786915d5-d39a-4bc6-b9f5-babff2cce998/business_strategy.json,reports,.json,17194
reports/content_packages/sig-test-001/runs/786915d5-d39a-4bc6-b9f5-babff2cce998/run_report.json,reports,.json,887
reports/content_packages/sig-test-001/runs/78ad6fd6-d2e3-4e5d-b66d-2a38ef70ce49/generated.json,reports,.json,798
reports/content_packages/sig-test-001/runs/78b45846-ebf0-45ed-8e6d-67becf979d73/business_strategy.json,reports,.json,17194
reports/content_packages/sig-test-001/runs/78b45846-ebf0-45ed-8e6d-67becf979d73/editorial_acceptance.json,reports,.json,236
reports/content_packages/sig-test-001/runs/78b45846-ebf0-45ed-8e6d-67becf979d73/generated.json,reports,.json,1033
reports/content_packages/sig-test-001/runs/78b45846-ebf0-45ed-8e6d-67becf979d73/publication_results.json,reports,.json,1079
reports/content_packages/sig-test-001/runs/78e230e6-2871-4769-b32b-133094cb9e2c/assignment.json,reports,.json,849
reports/content_packages/sig-test-001/runs/78e230e6-2871-4769-b32b-133094cb9e2c/business_strategy.json,reports,.json,17194
reports/content_packages/sig-test-001/runs/792aef03-c15e-4dec-8436-e207c4bb127a/generated.json,reports,.json,798
reports/content_packages/sig-test-001/runs/793a0a29-49a2-4dae-b9b3-a416f384cbb0/generated.json,reports,.json,798
reports/content_packages/sig-test-001/runs/793a0a29-49a2-4dae-b9b3-a416f384cbb0/publication_results.json,reports,.json,844
reports/content_packages/sig-test-001/runs/79d331b8-f200-42d9-b8ce-ce02147f4175/business_strategy.json,reports,.json,17194
reports/content_packages/sig-test-001/runs/79d331b8-f200-42d9-b8ce-ce02147f4175/generated.json,reports,.json,1033
reports/content_packages/sig-test-001/runs/79fb2a15-605c-40a0-9a99-fe8bf665ebe2/business_strategy.json,reports,.json,17194
reports/content_packages/sig-test-001/runs/7a0e7bfa-ec07-47f7-840f-40a283037d46/business_strategy.json,reports,.json,17194
reports/content_packages/sig-test-001/runs/7a0e7bfa-ec07-47f7-840f-40a283037d46/editorial_acceptance.json,reports,.json,236
reports/content_packages/sig-test-001/runs/7a0e7bfa-ec07-47f7-840f-40a283037d46/generated.json,reports,.json,1033
reports/content_packages/sig-test-001/runs/7a0e7bfa-ec07-47f7-840f-40a283037d46/publication_results.json,reports,.json,1079
reports/content_packages/sig-test-001/runs/7a29b1d8-105d-4848-a63c-f82368de0d41/assignment.json,reports,.json,857
reports/content_packages/sig-test-001/runs/7a29b1d8-105d-4848-a63c-f82368de0d41/business_strategy.json,reports,.json,17194
reports/content_packages/sig-test-001/runs/7a29b1d8-105d-4848-a63c-f82368de0d41/editorial_acceptance.json,reports,.json,289
reports/content_packages/sig-test-001/runs/7a29b1d8-105d-4848-a63c-f82368de0d41/generated.json,reports,.json,1033
reports/content_packages/sig-test-001/runs/7a29b1d8-105d-4848-a63c-f82368de0d41/publication_results.json,reports,.json,1079
reports/content_packages/sig-test-001/runs/7a733150-0dc7-4cd8-a929-791859527d29/generated.json,reports,.json,798
reports/content_packages/sig-test-001/runs/7ab63b02-8277-4ae8-91b3-ea3a4f53aa0c/assignment.json,reports,.json,849
reports/content_packages/sig-test-001/runs/7ab63b02-8277-4ae8-91b3-ea3a4f53aa0c/business_strategy.json,reports,.json,17194
reports/content_packages/sig-test-001/runs/7ab9eae7-c925-4b8d-8929-e4ce81465215/business_strategy.json,reports,.json,17194
reports/content_packages/sig-test-001/runs/7ab9eae7-c925-4b8d-8929-e4ce81465215/editorial_acceptance.json,reports,.json,236
reports/content_packages/sig-test-001/runs/7ab9eae7-c925-4b8d-8929-e4ce81465215/generated.json,reports,.json,1033
reports/content_packages/sig-test-001/runs/7abf392b-654c-44c5-90f3-c2150fada893/assignment.json,reports,.json,849
reports/content_packages/sig-test-001/runs/7abf392b-654c-44c5-90f3-c2150fada893/business_strategy.json,reports,.json,17194
reports/content_packages/sig-test-001/runs/7abf392b-654c-44c5-90f3-c2150fada893/run_report.json,reports,.json,887
reports/content_packages/sig-test-001/runs/7ad8d5db-03da-427b-9d56-ac5c035eb1b8/business_strategy.json,reports,.json,17194
reports/content_packages/sig-test-001/runs/7ad8d5db-03da-427b-9d56-ac5c035eb1b8/generated.json,reports,.json,1228
reports/content_packages/sig-test-001/runs/7b00f934-afdf-433f-a72c-e0942a0fda3b/assignment.json,reports,.json,857
reports/content_packages/sig-test-001/runs/7b00f934-afdf-433f-a72c-e0942a0fda3b/business_strategy.json,reports,.json,17194
reports/content_packages/sig-test-001/runs/7b00f934-afdf-433f-a72c-e0942a0fda3b/editorial_acceptance.json,reports,.json,289
reports/content_packages/sig-test-001/runs/7b00f934-afdf-433f-a72c-e0942a0fda3b/generated.json,reports,.json,1033
reports/content_packages/sig-test-001/runs/7b00f934-afdf-433f-a72c-e0942a0fda3b/publication_results.json,reports,.json,1160
reports/content_packages/sig-test-001/runs/7b15a904-d3cb-4d30-b5ac-6b64874f24ac/assignment.json,reports,.json,849
reports/content_packages/sig-test-001/runs/7b15a904-d3cb-4d30-b5ac-6b64874f24ac/business_strategy.json,reports,.json,17194
reports/content_packages/sig-test-001/runs/7b15a904-d3cb-4d30-b5ac-6b64874f24ac/editorial_acceptance.json,reports,.json,289
reports/content_packages/sig-test-001/runs/7b15a904-d3cb-4d30-b5ac-6b64874f24ac/generated.json,reports,.json,1033
reports/content_packages/sig-test-001/runs/7b2c3cc0-ab6c-42be-99ba-c0daf2f9b86c/business_strategy.json,reports,.json,17194
reports/content_packages/sig-test-001/runs/7b2c3cc0-ab6c-42be-99ba-c0daf2f9b86c/editorial_acceptance.json,reports,.json,236
reports/content_packages/sig-test-001/runs/7b2c3cc0-ab6c-42be-99ba-c0daf2f9b86c/generated.json,reports,.json,1033
reports/content_packages/sig-test-001/runs/7b510fb2-c6ed-47dc-ac4b-387c6aebdacf/generated.json,reports,.json,798
reports/content_packages/sig-test-001/runs/7bf7bbb7-5273-4bb2-9a55-ca7690955aac/generated.json,reports,.json,798
reports/content_packages/sig-test-001/runs/7bf7bbb7-5273-4bb2-9a55-ca7690955aac/publication_results.json,reports,.json,844
reports/content_packages/sig-test-001/runs/7c07da63-63b9-4f2a-9108-ffd630f4fa31/assignment.json,reports,.json,857
reports/content_packages/sig-test-001/runs/7c07da63-63b9-4f2a-9108-ffd630f4fa31/business_strategy.json,reports,.json,17194
reports/content_packages/sig-test-001/runs/7c11d19b-238f-4356-b1a2-059a1f6b92b0/assignment.json,reports,.json,849
reports/content_packages/sig-test-001/runs/7c11d19b-238f-4356-b1a2-059a1f6b92b0/business_strategy.json,reports,.json,17194
reports/content_packages/sig-test-001/runs/7c11d19b-238f-4356-b1a2-059a1f6b92b0/editorial_acceptance.json,reports,.json,289
reports/content_packages/sig-test-001/runs/7c11d19b-238f-4356-b1a2-059a1f6b92b0/generated.json,reports,.json,1033
reports/content_packages/sig-test-001/runs/7c6bdd10-f45f-49d4-a549-3f7b9f602c95/assignment.json,reports,.json,849
reports/content_packages/sig-test-001/runs/7c6bdd10-f45f-49d4-a549-3f7b9f602c95/business_strategy.json,reports,.json,17194
reports/content_packages/sig-test-001/runs/7c6bdd10-f45f-49d4-a549-3f7b9f602c95/editorial_acceptance.json,reports,.json,289
reports/content_packages/sig-test-001/runs/7c6bdd10-f45f-49d4-a549-3f7b9f602c95/generated.json,reports,.json,1033
reports/content_packages/sig-test-001/runs/7c92b70d-466a-4b7d-84ac-d33a650d4e3d/business_strategy.json,reports,.json,17194
reports/content_packages/sig-test-001/runs/7c92b70d-466a-4b7d-84ac-d33a650d4e3d/editorial_acceptance.json,reports,.json,236
reports/content_packages/sig-test-001/runs/7c92b70d-466a-4b7d-84ac-d33a650d4e3d/generated.json,reports,.json,1033
reports/content_packages/sig-test-001/runs/7ca2e101-833f-41ed-8aa2-a23cf4101fb7/business_strategy.json,reports,.json,17194
reports/content_packages/sig-test-001/runs/7cc44ffe-6446-4168-afa2-abe23a5bad73/assignment.json,reports,.json,849
reports/content_packages/sig-test-001/runs/7cc44ffe-6446-4168-afa2-abe23a5bad73/business_strategy.json,reports,.json,17194
reports/content_packages/sig-test-001/runs/7cc44ffe-6446-4168-afa2-abe23a5bad73/editorial_acceptance.json,reports,.json,289
reports/content_packages/sig-test-001/runs/7cc44ffe-6446-4168-afa2-abe23a5bad73/generated.json,reports,.json,1033
reports/content_packages/sig-test-001/runs/7cccb9ab-14b0-4ef0-b467-ccd0b8c41cb5/assignment.json,reports,.json,849
reports/content_packages/sig-test-001/runs/7cccb9ab-14b0-4ef0-b467-ccd0b8c41cb5/business_strategy.json,reports,.json,17194
reports/content_packages/sig-test-001/runs/7cccb9ab-14b0-4ef0-b467-ccd0b8c41cb5/editorial_acceptance.json,reports,.json,289
reports/content_packages/sig-test-001/runs/7cccb9ab-14b0-4ef0-b467-ccd0b8c41cb5/generated.json,reports,.json,1033
reports/content_packages/sig-test-001/runs/7cd34595-3ceb-4baf-a324-a6845cf8f520/assignment.json,reports,.json,857
reports/content_packages/sig-test-001/runs/7cd34595-3ceb-4baf-a324-a6845cf8f520/business_strategy.json,reports,.json,17194
reports/content_packages/sig-test-001/runs/7cd34595-3ceb-4baf-a324-a6845cf8f520/editorial_acceptance.json,reports,.json,289
reports/content_packages/sig-test-001/runs/7cd34595-3ceb-4baf-a324-a6845cf8f520/generated.json,reports,.json,1033
reports/content_packages/sig-test-001/runs/7cd34595-3ceb-4baf-a324-a6845cf8f520/publication_results.json,reports,.json,1160
reports/content_packages/sig-test-001/runs/7cf8c505-d5cc-4469-bdf8-3ee463561e15/business_strategy.json,reports,.json,17194
reports/content_packages/sig-test-001/runs/7cf8c505-d5cc-4469-bdf8-3ee463561e15/generated.json,reports,.json,1033
reports/content_packages/sig-test-001/runs/7d2c9bdf-025a-43b0-bad4-20cc7027b2f2/business_strategy.json,reports,.json,17194
reports/content_packages/sig-test-001/runs/7d2c9bdf-025a-43b0-bad4-20cc7027b2f2/generated.json,reports,.json,1033
reports/content_packages/sig-test-001/runs/7d2c9bdf-025a-43b0-bad4-20cc7027b2f2/publication_results.json,reports,.json,1079
reports/content_packages/sig-test-001/runs/7d2e8c58-feda-476c-a6af-c62659994ecb/assignment.json,reports,.json,849
reports/content_packages/sig-test-001/runs/7d2e8c58-feda-476c-a6af-c62659994ecb/business_strategy.json,reports,.json,17194
reports/content_packages/sig-test-001/runs/7d2e8c58-feda-476c-a6af-c62659994ecb/editorial_acceptance.json,reports,.json,289
reports/content_packages/sig-test-001/runs/7d2e8c58-feda-476c-a6af-c62659994ecb/generated.json,reports,.json,1033
reports/content_packages/sig-test-001/runs/7db6909c-7f35-45fd-ab67-d675b7524365/assignment.json,reports,.json,857
reports/content_packages/sig-test-001/runs/7db6909c-7f35-45fd-ab67-d675b7524365/business_strategy.json,reports,.json,17194
reports/content_packages/sig-test-001/runs/7db6909c-7f35-45fd-ab67-d675b7524365/editorial_acceptance.json,reports,.json,289
reports/content_packages/sig-test-001/runs/7db6909c-7f35-45fd-ab67-d675b7524365/generated.json,reports,.json,1033
reports/content_packages/sig-test-001/runs/7db6909c-7f35-45fd-ab67-d675b7524365/publication_results.json,reports,.json,1160
reports/content_packages/sig-test-001/runs/7de5ddda-a4c8-41aa-b8b5-d961c0ad28f7/generated.json,reports,.json,798
reports/content_packages/sig-test-001/runs/7deb5d4e-cf2a-4e04-bd0f-f6e9d4837fd4/assignment.json,reports,.json,849
reports/content_packages/sig-test-001/runs/7deb5d4e-cf2a-4e04-bd0f-f6e9d4837fd4/business_strategy.json,reports,.json,17194
reports/content_packages/sig-test-001/runs/7deb5d4e-cf2a-4e04-bd0f-f6e9d4837fd4/editorial_acceptance.json,reports,.json,289
reports/content_packages/sig-test-001/runs/7deb5d4e-cf2a-4e04-bd0f-f6e9d4837fd4/generated.json,reports,.json,1033
reports/content_packages/sig-test-001/runs/7e193b2c-7600-496b-ab65-72f8023d458e/business_strategy.json,reports,.json,17194
reports/content_packages/sig-test-001/runs/7e193b2c-7600-496b-ab65-72f8023d458e/generated.json,reports,.json,1033
reports/content_packages/sig-test-001/runs/7e624c77-e1fc-4285-8424-822b122a7c8b/assignment.json,reports,.json,857
reports/content_packages/sig-test-001/runs/7e624c77-e1fc-4285-8424-822b122a7c8b/business_strategy.json,reports,.json,17194
reports/content_packages/sig-test-001/runs/7e624c77-e1fc-4285-8424-822b122a7c8b/editorial_acceptance.json,reports,.json,289
reports/content_packages/sig-test-001/runs/7e624c77-e1fc-4285-8424-822b122a7c8b/generated.json,reports,.json,1033
reports/content_packages/sig-test-001/runs/7e624c77-e1fc-4285-8424-822b122a7c8b/publication_results.json,reports,.json,1079
reports/content_packages/sig-test-001/runs/7e7377fb-ecc0-41a6-8427-e62814ef5fd5/business_strategy.json,reports,.json,17194
reports/content_packages/sig-test-001/runs/7e7377fb-ecc0-41a6-8427-e62814ef5fd5/generated.json,reports,.json,1228
reports/content_packages/sig-test-001/runs/7ed82168-6a86-44df-868a-a8801c4e8f10/assignment.json,reports,.json,857
reports/content_packages/sig-test-001/runs/7ed82168-6a86-44df-868a-a8801c4e8f10/business_strategy.json,reports,.json,17194
reports/content_packages/sig-test-001/runs/7ee0ffa2-9436-4bcc-b799-fd6260146943/assignment.json,reports,.json,849
reports/content_packages/sig-test-001/runs/7ee0ffa2-9436-4bcc-b799-fd6260146943/business_strategy.json,reports,.json,17194
reports/content_packages/sig-test-001/runs/7ee0ffa2-9436-4bcc-b799-fd6260146943/editorial_acceptance.json,reports,.json,289
reports/content_packages/sig-test-001/runs/7ee0ffa2-9436-4bcc-b799-fd6260146943/generated.json,reports,.json,1033
reports/content_packages/sig-test-001/runs/7ee292f3-d3a0-4a0a-8eab-ab97527010dd/business_strategy.json,reports,.json,17194
reports/content_packages/sig-test-001/runs/7ee292f3-d3a0-4a0a-8eab-ab97527010dd/generated.json,reports,.json,1228
reports/content_packages/sig-test-001/runs/7efc2079-3fc7-44e2-ab0c-c0c43a31fdc5/assignment.json,reports,.json,849
reports/content_packages/sig-test-001/runs/7efc2079-3fc7-44e2-ab0c-c0c43a31fdc5/business_strategy.json,reports,.json,17194
reports/content_packages/sig-test-001/runs/7efc2079-3fc7-44e2-ab0c-c0c43a31fdc5/editorial_acceptance.json,reports,.json,289
reports/content_packages/sig-test-001/runs/7efc2079-3fc7-44e2-ab0c-c0c43a31fdc5/generated.json,reports,.json,1033
reports/content_packages/sig-test-001/runs/7f1715b5-7039-4fa9-88bc-8769dd9b5300/business_strategy.json,reports,.json,17194
reports/content_packages/sig-test-001/runs/7f41cc0f-4209-4ca2-9ff1-571f0a81653f/assignment.json,reports,.json,857
reports/content_packages/sig-test-001/runs/7f41cc0f-4209-4ca2-9ff1-571f0a81653f/business_strategy.json,reports,.json,17194
reports/content_packages/sig-test-001/runs/7f41cc0f-4209-4ca2-9ff1-571f0a81653f/editorial_acceptance.json,reports,.json,289
reports/content_packages/sig-test-001/runs/7f41cc0f-4209-4ca2-9ff1-571f0a81653f/generated.json,reports,.json,1033
reports/content_packages/sig-test-001/runs/7f41cc0f-4209-4ca2-9ff1-571f0a81653f/publication_results.json,reports,.json,1160
reports/content_packages/sig-test-001/runs/7f45b0d0-7222-4c4b-a6d0-65f8a4677417/assignment.json,reports,.json,849
reports/content_packages/sig-test-001/runs/7f45b0d0-7222-4c4b-a6d0-65f8a4677417/business_strategy.json,reports,.json,17194
reports/content_packages/sig-test-001/runs/7f45b0d0-7222-4c4b-a6d0-65f8a4677417/editorial_acceptance.json,reports,.json,289
reports/content_packages/sig-test-001/runs/7f45b0d0-7222-4c4b-a6d0-65f8a4677417/generated.json,reports,.json,1033
reports/content_packages/sig-test-001/runs/7f841d34-75bc-4a3e-a4b4-79e1c740713e/assignment.json,reports,.json,849
reports/content_packages/sig-test-001/runs/7f841d34-75bc-4a3e-a4b4-79e1c740713e/business_strategy.json,reports,.json,17194
reports/content_packages/sig-test-001/runs/7f841d34-75bc-4a3e-a4b4-79e1c740713e/editorial_acceptance.json,reports,.json,289
reports/content_packages/sig-test-001/runs/7f841d34-75bc-4a3e-a4b4-79e1c740713e/generated.json,reports,.json,1033
reports/content_packages/sig-test-001/runs/7f8dd996-440a-415a-83c1-0c1f766f8a6a/assignment.json,reports,.json,849
reports/content_packages/sig-test-001/runs/7f8dd996-440a-415a-83c1-0c1f766f8a6a/business_strategy.json,reports,.json,17194
reports/content_packages/sig-test-001/runs/7f8dd996-440a-415a-83c1-0c1f766f8a6a/editorial_acceptance.json,reports,.json,289
reports/content_packages/sig-test-001/runs/7f8dd996-440a-415a-83c1-0c1f766f8a6a/generated.json,reports,.json,1033
reports/content_packages/sig-test-001/runs/7fd5db20-01f1-4ecb-8925-5751a22d4075/assignment.json,reports,.json,857
reports/content_packages/sig-test-001/runs/7fd5db20-01f1-4ecb-8925-5751a22d4075/business_strategy.json,reports,.json,17194
reports/content_packages/sig-test-001/runs/7fd5db20-01f1-4ecb-8925-5751a22d4075/editorial_acceptance.json,reports,.json,289
reports/content_packages/sig-test-001/runs/7fd5db20-01f1-4ecb-8925-5751a22d4075/generated.json,reports,.json,1033
reports/content_packages/sig-test-001/runs/7fd5db20-01f1-4ecb-8925-5751a22d4075/publication_results.json,reports,.json,1160
reports/content_packages/sig-test-001/runs/8070aabb-2833-44a8-936c-7126ccba20b5/assignment.json,reports,.json,849
reports/content_packages/sig-test-001/runs/8070aabb-2833-44a8-936c-7126ccba20b5/business_strategy.json,reports,.json,17194
reports/content_packages/sig-test-001/runs/8070aabb-2833-44a8-936c-7126ccba20b5/editorial_acceptance.json,reports,.json,289
reports/content_packages/sig-test-001/runs/8070aabb-2833-44a8-936c-7126ccba20b5/generated.json,reports,.json,1033
reports/content_packages/sig-test-001/runs/808414b6-66ca-487f-a58c-110bdd1960f9/business_strategy.json,reports,.json,17194
reports/content_packages/sig-test-001/runs/808414b6-66ca-487f-a58c-110bdd1960f9/editorial_acceptance.json,reports,.json,236
reports/content_packages/sig-test-001/runs/808414b6-66ca-487f-a58c-110bdd1960f9/generated.json,reports,.json,1033
reports/content_packages/sig-test-001/runs/80986fbc-89af-4b30-a3c9-9b954a3763da/assignment.json,reports,.json,857
reports/content_packages/sig-test-001/runs/80986fbc-89af-4b30-a3c9-9b954a3763da/business_strategy.json,reports,.json,17194
reports/content_packages/sig-test-001/runs/80986fbc-89af-4b30-a3c9-9b954a3763da/editorial_acceptance.json,reports,.json,289
reports/content_packages/sig-test-001/runs/80986fbc-89af-4b30-a3c9-9b954a3763da/generated.json,reports,.json,1033
reports/content_packages/sig-test-001/runs/80986fbc-89af-4b30-a3c9-9b954a3763da/publication_results.json,reports,.json,1160
reports/content_packages/sig-test-001/runs/80c2d27b-32be-4d7a-8ec1-10b350f12729/assignment.json,reports,.json,849
reports/content_packages/sig-test-001/runs/80c2d27b-32be-4d7a-8ec1-10b350f12729/business_strategy.json,reports,.json,17194
reports/content_packages/sig-test-001/runs/80c2d27b-32be-4d7a-8ec1-10b350f12729/editorial_acceptance.json,reports,.json,289
reports/content_packages/sig-test-001/runs/80c2d27b-32be-4d7a-8ec1-10b350f12729/generated.json,reports,.json,1033
reports/content_packages/sig-test-001/runs/80e57c54-a667-4319-b9bb-b4807b4cef77/business_strategy.json,reports,.json,17194
reports/content_packages/sig-test-001/runs/80e57c54-a667-4319-b9bb-b4807b4cef77/generated.json,reports,.json,1228
reports/content_packages/sig-test-001/runs/80fc97b1-4ef3-4ade-89d7-d08d8412c25a/assignment.json,reports,.json,849
reports/content_packages/sig-test-001/runs/80fc97b1-4ef3-4ade-89d7-d08d8412c25a/business_strategy.json,reports,.json,17194
reports/content_packages/sig-test-001/runs/8102b2b2-2ee4-496f-b486-16ad56697382/assignment.json,reports,.json,857
reports/content_packages/sig-test-001/runs/8102b2b2-2ee4-496f-b486-16ad56697382/business_strategy.json,reports,.json,17194
reports/content_packages/sig-test-001/runs/8102b2b2-2ee4-496f-b486-16ad56697382/run_report.json,reports,.json,895
reports/content_packages/sig-test-001/runs/811063c5-81ca-4747-8b7c-74f49a7e72cf/assignment.json,reports,.json,857
reports/content_packages/sig-test-001/runs/811063c5-81ca-4747-8b7c-74f49a7e72cf/business_strategy.json,reports,.json,17194
reports/content_packages/sig-test-001/runs/811063c5-81ca-4747-8b7c-74f49a7e72cf/editorial_acceptance.json,reports,.json,289
reports/content_packages/sig-test-001/runs/811063c5-81ca-4747-8b7c-74f49a7e72cf/generated.json,reports,.json,1033
reports/content_packages/sig-test-001/runs/811063c5-81ca-4747-8b7c-74f49a7e72cf/publication_results.json,reports,.json,1079
reports/content_packages/sig-test-001/runs/8115d26f-8479-45aa-a13b-0ba2645d99c4/assignment.json,reports,.json,857
reports/content_packages/sig-test-001/runs/8115d26f-8479-45aa-a13b-0ba2645d99c4/business_strategy.json,reports,.json,17194
reports/content_packages/sig-test-001/runs/8115d26f-8479-45aa-a13b-0ba2645d99c4/editorial_acceptance.json,reports,.json,289
reports/content_packages/sig-test-001/runs/8115d26f-8479-45aa-a13b-0ba2645d99c4/generated.json,reports,.json,1033
reports/content_packages/sig-test-001/runs/8115d26f-8479-45aa-a13b-0ba2645d99c4/publication_results.json,reports,.json,1160
reports/content_packages/sig-test-001/runs/81244e59-d55d-4607-8a23-8e37098510b2/generated.json,reports,.json,798
reports/content_packages/sig-test-001/runs/81530d44-6667-437b-92cc-d472fe84b0ad/business_strategy.json,reports,.json,17194
reports/content_packages/sig-test-001/runs/81530d44-6667-437b-92cc-d472fe84b0ad/editorial_acceptance.json,reports,.json,236
reports/content_packages/sig-test-001/runs/81530d44-6667-437b-92cc-d472fe84b0ad/generated.json,reports,.json,1033
reports/content_packages/sig-test-001/runs/81530d44-6667-437b-92cc-d472fe84b0ad/publication_results.json,reports,.json,1079
reports/content_packages/sig-test-001/runs/819d994a-6cc1-46fb-b968-6421b3f83f36/business_strategy.json,reports,.json,17194
reports/content_packages/sig-test-001/runs/819d994a-6cc1-46fb-b968-6421b3f83f36/generated.json,reports,.json,1033
reports/content_packages/sig-test-001/runs/819d994a-6cc1-46fb-b968-6421b3f83f36/publication_results.json,reports,.json,1079
reports/content_packages/sig-test-001/runs/81cb2d9d-ffd0-4774-a395-5d2bd5817241/generated.json,reports,.json,798
reports/content_packages/sig-test-001/runs/81cb2d9d-ffd0-4774-a395-5d2bd5817241/publication_results.json,reports,.json,844
reports/content_packages/sig-test-001/runs/820ab28c-ef40-41d4-b22a-3485b5614a41/assignment.json,reports,.json,857
reports/content_packages/sig-test-001/runs/820ab28c-ef40-41d4-b22a-3485b5614a41/business_strategy.json,reports,.json,17194
reports/content_packages/sig-test-001/runs/820ab28c-ef40-41d4-b22a-3485b5614a41/editorial_acceptance.json,reports,.json,289
reports/content_packages/sig-test-001/runs/820ab28c-ef40-41d4-b22a-3485b5614a41/generated.json,reports,.json,1033
reports/content_packages/sig-test-001/runs/820ab28c-ef40-41d4-b22a-3485b5614a41/publication_results.json,reports,.json,1160
reports/content_packages/sig-test-001/runs/821864e4-b637-4b2e-8614-b5fa81213710/assignment.json,reports,.json,849
reports/content_packages/sig-test-001/runs/821864e4-b637-4b2e-8614-b5fa81213710/business_strategy.json,reports,.json,17194
reports/content_packages/sig-test-001/runs/8226406f-239a-4b77-93b6-55d166d2f784/assignment.json,reports,.json,857
reports/content_packages/sig-test-001/runs/8226406f-239a-4b77-93b6-55d166d2f784/business_strategy.json,reports,.json,17194
reports/content_packages/sig-test-001/runs/8226406f-239a-4b77-93b6-55d166d2f784/editorial_acceptance.json,reports,.json,289
reports/content_packages/sig-test-001/runs/8226406f-239a-4b77-93b6-55d166d2f784/generated.json,reports,.json,1033
reports/content_packages/sig-test-001/runs/8226406f-239a-4b77-93b6-55d166d2f784/publication_results.json,reports,.json,1079
reports/content_packages/sig-test-001/runs/82450a94-3f2b-45de-830a-2f28a0733dd2/assignment.json,reports,.json,849
reports/content_packages/sig-test-001/runs/82450a94-3f2b-45de-830a-2f28a0733dd2/business_strategy.json,reports,.json,17194
reports/content_packages/sig-test-001/runs/82450a94-3f2b-45de-830a-2f28a0733dd2/editorial_acceptance.json,reports,.json,289
reports/content_packages/sig-test-001/runs/82450a94-3f2b-45de-830a-2f28a0733dd2/generated.json,reports,.json,1033
reports/content_packages/sig-test-001/runs/82e198b8-938e-49f0-a234-13c3531f50d3/assignment.json,reports,.json,849
reports/content_packages/sig-test-001/runs/82e198b8-938e-49f0-a234-13c3531f50d3/business_strategy.json,reports,.json,17194
reports/content_packages/sig-test-001/runs/82e198b8-938e-49f0-a234-13c3531f50d3/editorial_acceptance.json,reports,.json,289
reports/content_packages/sig-test-001/runs/82e198b8-938e-49f0-a234-13c3531f50d3/generated.json,reports,.json,1033
reports/content_packages/sig-test-001/runs/82ed4c49-3ebd-494f-976f-3bcbef635301/assignment.json,reports,.json,849
reports/content_packages/sig-test-001/runs/82ed4c49-3ebd-494f-976f-3bcbef635301/business_strategy.json,reports,.json,17194
reports/content_packages/sig-test-001/runs/82ed4c49-3ebd-494f-976f-3bcbef635301/editorial_acceptance.json,reports,.json,289
reports/content_packages/sig-test-001/runs/82ed4c49-3ebd-494f-976f-3bcbef635301/generated.json,reports,.json,1033
reports/content_packages/sig-test-001/runs/83405182-9756-412c-81e1-9ef24ef13ddb/generated.json,reports,.json,798
reports/content_packages/sig-test-001/runs/83405182-9756-412c-81e1-9ef24ef13ddb/publication_results.json,reports,.json,844
reports/content_packages/sig-test-001/runs/83726acc-bc81-49b3-802a-dec3610c2c5a/assignment.json,reports,.json,857
reports/content_packages/sig-test-001/runs/83726acc-bc81-49b3-802a-dec3610c2c5a/business_strategy.json,reports,.json,17194
reports/content_packages/sig-test-001/runs/83726acc-bc81-49b3-802a-dec3610c2c5a/editorial_acceptance.json,reports,.json,289
reports/content_packages/sig-test-001/runs/83726acc-bc81-49b3-802a-dec3610c2c5a/generated.json,reports,.json,1033
reports/content_packages/sig-test-001/runs/83726acc-bc81-49b3-802a-dec3610c2c5a/publication_results.json,reports,.json,1079
reports/content_packages/sig-test-001/runs/843db646-0bef-41c5-9f37-162980956907/assignment.json,reports,.json,849
reports/content_packages/sig-test-001/runs/843db646-0bef-41c5-9f37-162980956907/business_strategy.json,reports,.json,17194
reports/content_packages/sig-test-001/runs/843db646-0bef-41c5-9f37-162980956907/editorial_acceptance.json,reports,.json,289
reports/content_packages/sig-test-001/runs/843db646-0bef-41c5-9f37-162980956907/generated.json,reports,.json,1033
reports/content_packages/sig-test-001/runs/8445247a-01cb-4411-97c2-00499431aee1/business_strategy.json,reports,.json,17194
reports/content_packages/sig-test-001/runs/8445247a-01cb-4411-97c2-00499431aee1/generated.json,reports,.json,1033
reports/content_packages/sig-test-001/runs/84834fed-bfcf-4317-8d02-368d88d08c47/assignment.json,reports,.json,849
reports/content_packages/sig-test-001/runs/84834fed-bfcf-4317-8d02-368d88d08c47/business_strategy.json,reports,.json,17194
reports/content_packages/sig-test-001/runs/84834fed-bfcf-4317-8d02-368d88d08c47/editorial_acceptance.json,reports,.json,289
reports/content_packages/sig-test-001/runs/84834fed-bfcf-4317-8d02-368d88d08c47/generated.json,reports,.json,1033
reports/content_packages/sig-test-001/runs/848aefb1-cd92-45af-b12d-09502ee92960/assignment.json,reports,.json,849
reports/content_packages/sig-test-001/runs/848aefb1-cd92-45af-b12d-09502ee92960/business_strategy.json,reports,.json,17194
reports/content_packages/sig-test-001/runs/848aefb1-cd92-45af-b12d-09502ee92960/editorial_acceptance.json,reports,.json,289
reports/content_packages/sig-test-001/runs/848aefb1-cd92-45af-b12d-09502ee92960/generated.json,reports,.json,1033
reports/content_packages/sig-test-001/runs/849cd830-b828-4f12-ace1-40955ba0a8a5/business_strategy.json,reports,.json,17194
reports/content_packages/sig-test-001/runs/849cd830-b828-4f12-ace1-40955ba0a8a5/editorial_acceptance.json,reports,.json,236
reports/content_packages/sig-test-001/runs/849cd830-b828-4f12-ace1-40955ba0a8a5/generated.json,reports,.json,1033
reports/content_packages/sig-test-001/runs/84afdf69-6f32-447d-85b8-59735b6ad0d3/assignment.json,reports,.json,857
reports/content_packages/sig-test-001/runs/84afdf69-6f32-447d-85b8-59735b6ad0d3/business_strategy.json,reports,.json,17194
reports/content_packages/sig-test-001/runs/84afdf69-6f32-447d-85b8-59735b6ad0d3/editorial_acceptance.json,reports,.json,289
reports/content_packages/sig-test-001/runs/84afdf69-6f32-447d-85b8-59735b6ad0d3/generated.json,reports,.json,1033
reports/content_packages/sig-test-001/runs/84afdf69-6f32-447d-85b8-59735b6ad0d3/publication_results.json,reports,.json,1160
reports/content_packages/sig-test-001/runs/84e105c7-cf28-4ca8-870a-2fce8b9fc209/assignment.json,reports,.json,857
reports/content_packages/sig-test-001/runs/84e105c7-cf28-4ca8-870a-2fce8b9fc209/business_strategy.json,reports,.json,17194
reports/content_packages/sig-test-001/runs/84e105c7-cf28-4ca8-870a-2fce8b9fc209/editorial_acceptance.json,reports,.json,289
reports/content_packages/sig-test-001/runs/84e105c7-cf28-4ca8-870a-2fce8b9fc209/generated.json,reports,.json,1033
reports/content_packages/sig-test-001/runs/84e105c7-cf28-4ca8-870a-2fce8b9fc209/publication_results.json,reports,.json,1160
reports/content_packages/sig-test-001/runs/84e41d3c-d2fe-436d-b439-0fba5b51e158/assignment.json,reports,.json,849
reports/content_packages/sig-test-001/runs/84e41d3c-d2fe-436d-b439-0fba5b51e158/business_strategy.json,reports,.json,17194
reports/content_packages/sig-test-001/runs/84e41d3c-d2fe-436d-b439-0fba5b51e158/editorial_acceptance.json,reports,.json,289
reports/content_packages/sig-test-001/runs/84e41d3c-d2fe-436d-b439-0fba5b51e158/generated.json,reports,.json,1033
reports/content_packages/sig-test-001/runs/85377800-b828-4124-a85d-dbe7a0562ffa/business_strategy.json,reports,.json,17194
reports/content_packages/sig-test-001/runs/85377800-b828-4124-a85d-dbe7a0562ffa/editorial_acceptance.json,reports,.json,236
reports/content_packages/sig-test-001/runs/85377800-b828-4124-a85d-dbe7a0562ffa/generated.json,reports,.json,1033
reports/content_packages/sig-test-001/runs/85384889-f6c9-4f85-bcd6-3648c9ba882a/generated.json,reports,.json,798
reports/content_packages/sig-test-001/runs/85384889-f6c9-4f85-bcd6-3648c9ba882a/publication_results.json,reports,.json,844
reports/content_packages/sig-test-001/runs/8582b36b-cace-49a2-82d0-706bedd41bee/generated.json,reports,.json,798
reports/content_packages/sig-test-001/runs/8582b36b-cace-49a2-82d0-706bedd41bee/publication_results.json,reports,.json,844
reports/content_packages/sig-test-001/runs/85df707d-abd0-468e-8ef5-2a39ab18baae/assignment.json,reports,.json,849
reports/content_packages/sig-test-001/runs/85df707d-abd0-468e-8ef5-2a39ab18baae/business_strategy.json,reports,.json,17194
reports/content_packages/sig-test-001/runs/85df707d-abd0-468e-8ef5-2a39ab18baae/editorial_acceptance.json,reports,.json,289
reports/content_packages/sig-test-001/runs/85df707d-abd0-468e-8ef5-2a39ab18baae/generated.json,reports,.json,1033
reports/content_packages/sig-test-001/runs/85e5e74e-17a5-4162-9a51-66b1cd35ca63/assignment.json,reports,.json,849
reports/content_packages/sig-test-001/runs/85e5e74e-17a5-4162-9a51-66b1cd35ca63/business_strategy.json,reports,.json,17194
reports/content_packages/sig-test-001/runs/8604bb78-ce7a-4beb-8b32-e12d8eacbef0/business_strategy.json,reports,.json,17194
reports/content_packages/sig-test-001/runs/8604bb78-ce7a-4beb-8b32-e12d8eacbef0/editorial_acceptance.json,reports,.json,236
reports/content_packages/sig-test-001/runs/8604bb78-ce7a-4beb-8b32-e12d8eacbef0/generated.json,reports,.json,1033
reports/content_packages/sig-test-001/runs/8636d649-11b6-42c8-b18c-80dad5b42969/assignment.json,reports,.json,849
reports/content_packages/sig-test-001/runs/8636d649-11b6-42c8-b18c-80dad5b42969/business_strategy.json,reports,.json,17194
reports/content_packages/sig-test-001/runs/8636d649-11b6-42c8-b18c-80dad5b42969/editorial_acceptance.json,reports,.json,289
reports/content_packages/sig-test-001/runs/8636d649-11b6-42c8-b18c-80dad5b42969/generated.json,reports,.json,1033
reports/content_packages/sig-test-001/runs/868aa672-c529-4112-9683-05605d30b846/business_strategy.json,reports,.json,17194
reports/content_packages/sig-test-001/runs/868aa672-c529-4112-9683-05605d30b846/generated.json,reports,.json,1033
reports/content_packages/sig-test-001/runs/86957829-873c-4e06-8b5f-4da3c505f415/business_strategy.json,reports,.json,17194
reports/content_packages/sig-test-001/runs/86957829-873c-4e06-8b5f-4da3c505f415/editorial_acceptance.json,reports,.json,236
reports/content_packages/sig-test-001/runs/86957829-873c-4e06-8b5f-4da3c505f415/generated.json,reports,.json,1033
reports/content_packages/sig-test-001/runs/86957829-873c-4e06-8b5f-4da3c505f415/publication_results.json,reports,.json,1079
reports/content_packages/sig-test-001/runs/86a100e4-cbc7-454d-8b65-8ecff116cc89/business_strategy.json,reports,.json,17194
reports/content_packages/sig-test-001/runs/86a100e4-cbc7-454d-8b65-8ecff116cc89/editorial_acceptance.json,reports,.json,236
reports/content_packages/sig-test-001/runs/86a100e4-cbc7-454d-8b65-8ecff116cc89/generated.json,reports,.json,1033
reports/content_packages/sig-test-001/runs/86cf831a-0800-443c-8815-d15da0bc7b89/business_strategy.json,reports,.json,17194
reports/content_packages/sig-test-001/runs/86f10e7f-5d65-472e-8477-9a33c593b2e6/business_strategy.json,reports,.json,17194
reports/content_packages/sig-test-001/runs/86f10e7f-5d65-472e-8477-9a33c593b2e6/editorial_acceptance.json,reports,.json,236
reports/content_packages/sig-test-001/runs/86f10e7f-5d65-472e-8477-9a33c593b2e6/generated.json,reports,.json,1033
reports/content_packages/sig-test-001/runs/872ef80b-7e43-45a6-be48-0454f39bb933/business_strategy.json,reports,.json,17194
reports/content_packages/sig-test-001/runs/876430bb-b2b3-4882-bc07-41c85e1f38a6/business_strategy.json,reports,.json,17194
reports/content_packages/sig-test-001/runs/876430bb-b2b3-4882-bc07-41c85e1f38a6/generated.json,reports,.json,1033
reports/content_packages/sig-test-001/runs/877ff2db-7c2b-4851-8673-781b7d79943d/assignment.json,reports,.json,849
reports/content_packages/sig-test-001/runs/877ff2db-7c2b-4851-8673-781b7d79943d/business_strategy.json,reports,.json,17194
reports/content_packages/sig-test-001/runs/877ff2db-7c2b-4851-8673-781b7d79943d/editorial_acceptance.json,reports,.json,289
reports/content_packages/sig-test-001/runs/877ff2db-7c2b-4851-8673-781b7d79943d/generated.json,reports,.json,1033
reports/content_packages/sig-test-001/runs/87f05505-b161-4539-b233-3bedf821a104/assignment.json,reports,.json,857
reports/content_packages/sig-test-001/runs/87f05505-b161-4539-b233-3bedf821a104/business_strategy.json,reports,.json,17194
reports/content_packages/sig-test-001/runs/87f9a4fa-7d0f-485f-be2b-ca8d10e9ed80/assignment.json,reports,.json,857
reports/content_packages/sig-test-001/runs/87f9a4fa-7d0f-485f-be2b-ca8d10e9ed80/business_strategy.json,reports,.json,17194
reports/content_packages/sig-test-001/runs/87f9a4fa-7d0f-485f-be2b-ca8d10e9ed80/editorial_acceptance.json,reports,.json,289
reports/content_packages/sig-test-001/runs/87f9a4fa-7d0f-485f-be2b-ca8d10e9ed80/generated.json,reports,.json,1033
reports/content_packages/sig-test-001/runs/87f9a4fa-7d0f-485f-be2b-ca8d10e9ed80/publication_results.json,reports,.json,1160
reports/content_packages/sig-test-001/runs/884b0d6d-33c4-42a4-8f87-c57309b08002/business_strategy.json,reports,.json,17194
reports/content_packages/sig-test-001/runs/884b0d6d-33c4-42a4-8f87-c57309b08002/generated.json,reports,.json,1033
reports/content_packages/sig-test-001/runs/88934a6a-b3b3-4320-b6de-9c4ebefe51da/business_strategy.json,reports,.json,17194
reports/content_packages/sig-test-001/runs/88934a6a-b3b3-4320-b6de-9c4ebefe51da/editorial_acceptance.json,reports,.json,236
reports/content_packages/sig-test-001/runs/88934a6a-b3b3-4320-b6de-9c4ebefe51da/generated.json,reports,.json,1033
reports/content_packages/sig-test-001/runs/88934a6a-b3b3-4320-b6de-9c4ebefe51da/publication_results.json,reports,.json,1079
reports/content_packages/sig-test-001/runs/889875ec-08f0-4988-8718-a06f8f1bd5f1/assignment.json,reports,.json,857
reports/content_packages/sig-test-001/runs/889875ec-08f0-4988-8718-a06f8f1bd5f1/business_strategy.json,reports,.json,17194
reports/content_packages/sig-test-001/runs/889875ec-08f0-4988-8718-a06f8f1bd5f1/editorial_acceptance.json,reports,.json,289
reports/content_packages/sig-test-001/runs/889875ec-08f0-4988-8718-a06f8f1bd5f1/generated.json,reports,.json,1033
reports/content_packages/sig-test-001/runs/889875ec-08f0-4988-8718-a06f8f1bd5f1/publication_results.json,reports,.json,1160
reports/content_packages/sig-test-001/runs/88dbabc0-95e6-4d28-a07f-61ffe725c3cf/assignment.json,reports,.json,849
reports/content_packages/sig-test-001/runs/88dbabc0-95e6-4d28-a07f-61ffe725c3cf/business_strategy.json,reports,.json,17194
reports/content_packages/sig-test-001/runs/88dbabc0-95e6-4d28-a07f-61ffe725c3cf/editorial_acceptance.json,reports,.json,289
reports/content_packages/sig-test-001/runs/88dbabc0-95e6-4d28-a07f-61ffe725c3cf/generated.json,reports,.json,1033
reports/content_packages/sig-test-001/runs/88fc4889-2598-429f-989f-bf3348d1c5ad/assignment.json,reports,.json,857
reports/content_packages/sig-test-001/runs/88fc4889-2598-429f-989f-bf3348d1c5ad/business_strategy.json,reports,.json,17194
reports/content_packages/sig-test-001/runs/88fc4889-2598-429f-989f-bf3348d1c5ad/editorial_acceptance.json,reports,.json,289
reports/content_packages/sig-test-001/runs/88fc4889-2598-429f-989f-bf3348d1c5ad/generated.json,reports,.json,1033
reports/content_packages/sig-test-001/runs/88fc4889-2598-429f-989f-bf3348d1c5ad/publication_results.json,reports,.json,1079
reports/content_packages/sig-test-001/runs/89082ee8-f951-47bb-bee0-65cabba53542/assignment.json,reports,.json,849
reports/content_packages/sig-test-001/runs/89082ee8-f951-47bb-bee0-65cabba53542/business_strategy.json,reports,.json,17194
reports/content_packages/sig-test-001/runs/89082ee8-f951-47bb-bee0-65cabba53542/editorial_acceptance.json,reports,.json,289
reports/content_packages/sig-test-001/runs/89082ee8-f951-47bb-bee0-65cabba53542/generated.json,reports,.json,1033
reports/content_packages/sig-test-001/runs/898b5e97-28a1-4c3f-ae31-82a340d9dd01/assignment.json,reports,.json,849
reports/content_packages/sig-test-001/runs/898b5e97-28a1-4c3f-ae31-82a340d9dd01/business_strategy.json,reports,.json,17194
reports/content_packages/sig-test-001/runs/898b5e97-28a1-4c3f-ae31-82a340d9dd01/editorial_acceptance.json,reports,.json,289
reports/content_packages/sig-test-001/runs/898b5e97-28a1-4c3f-ae31-82a340d9dd01/generated.json,reports,.json,1033
reports/content_packages/sig-test-001/runs/898eb9f2-2b05-47bb-b384-553df4b71434/business_strategy.json,reports,.json,17194
reports/content_packages/sig-test-001/runs/898eb9f2-2b05-47bb-b384-553df4b71434/editorial_acceptance.json,reports,.json,236
reports/content_packages/sig-test-001/runs/898eb9f2-2b05-47bb-b384-553df4b71434/generated.json,reports,.json,1033
reports/content_packages/sig-test-001/runs/898eb9f2-2b05-47bb-b384-553df4b71434/publication_results.json,reports,.json,1079
reports/content_packages/sig-test-001/runs/89b31af6-9b48-4362-a979-c4974f30a615/generated.json,reports,.json,798
reports/content_packages/sig-test-001/runs/89b31af6-9b48-4362-a979-c4974f30a615/publication_results.json,reports,.json,844
reports/content_packages/sig-test-001/runs/89bb69eb-0a9d-4e5b-8434-e1162fecd24d/business_strategy.json,reports,.json,17194
reports/content_packages/sig-test-001/runs/89bb69eb-0a9d-4e5b-8434-e1162fecd24d/editorial_acceptance.json,reports,.json,236
reports/content_packages/sig-test-001/runs/89bb69eb-0a9d-4e5b-8434-e1162fecd24d/generated.json,reports,.json,1033
reports/content_packages/sig-test-001/runs/8a6b583c-5bbe-477d-8e0f-70c851d4d161/assignment.json,reports,.json,857
reports/content_packages/sig-test-001/runs/8a6b583c-5bbe-477d-8e0f-70c851d4d161/business_strategy.json,reports,.json,17194
reports/content_packages/sig-test-001/runs/8a6b583c-5bbe-477d-8e0f-70c851d4d161/editorial_acceptance.json,reports,.json,289
reports/content_packages/sig-test-001/runs/8a6b583c-5bbe-477d-8e0f-70c851d4d161/generated.json,reports,.json,1033
reports/content_packages/sig-test-001/runs/8a6b583c-5bbe-477d-8e0f-70c851d4d161/publication_results.json,reports,.json,1160
reports/content_packages/sig-test-001/runs/8aa2b203-289d-4ad1-8371-01aa16959eb9/business_strategy.json,reports,.json,17194
reports/content_packages/sig-test-001/runs/8aa2b203-289d-4ad1-8371-01aa16959eb9/editorial_acceptance.json,reports,.json,236
reports/content_packages/sig-test-001/runs/8aa2b203-289d-4ad1-8371-01aa16959eb9/generated.json,reports,.json,1033
reports/content_packages/sig-test-001/runs/8aa2b203-289d-4ad1-8371-01aa16959eb9/publication_results.json,reports,.json,1079
reports/content_packages/sig-test-001/runs/8abdf733-4d9c-48d4-addc-74542ea62d99/business_strategy.json,reports,.json,17194
reports/content_packages/sig-test-001/runs/8abdf733-4d9c-48d4-addc-74542ea62d99/generated.json,reports,.json,1228
reports/content_packages/sig-test-001/runs/8af139ce-d3d2-4d60-adb6-687d2d9e7f93/generated.json,reports,.json,798
reports/content_packages/sig-test-001/runs/8af74722-1ebd-4447-85ca-9e20a4fe5682/business_strategy.json,reports,.json,17194
reports/content_packages/sig-test-001/runs/8af74722-1ebd-4447-85ca-9e20a4fe5682/generated.json,reports,.json,1228
reports/content_packages/sig-test-001/runs/8b285883-bb33-47f1-8e36-c267672663a7/business_strategy.json,reports,.json,17194
reports/content_packages/sig-test-001/runs/8b285883-bb33-47f1-8e36-c267672663a7/generated.json,reports,.json,1033
reports/content_packages/sig-test-001/runs/8b63ed41-ce00-428c-9f2c-11cc92526364/assignment.json,reports,.json,857
reports/content_packages/sig-test-001/runs/8b63ed41-ce00-428c-9f2c-11cc92526364/business_strategy.json,reports,.json,17194
reports/content_packages/sig-test-001/runs/8b63ed41-ce00-428c-9f2c-11cc92526364/editorial_acceptance.json,reports,.json,289
reports/content_packages/sig-test-001/runs/8b63ed41-ce00-428c-9f2c-11cc92526364/generated.json,reports,.json,1033
reports/content_packages/sig-test-001/runs/8b63ed41-ce00-428c-9f2c-11cc92526364/publication_results.json,reports,.json,1160
reports/content_packages/sig-test-001/runs/8bb6f09e-dc1c-4f0b-ba1a-abf3cec2ad25/business_strategy.json,reports,.json,17194
reports/content_packages/sig-test-001/runs/8bb6f09e-dc1c-4f0b-ba1a-abf3cec2ad25/editorial_acceptance.json,reports,.json,236
reports/content_packages/sig-test-001/runs/8bb6f09e-dc1c-4f0b-ba1a-abf3cec2ad25/generated.json,reports,.json,1033
reports/content_packages/sig-test-001/runs/8bc9fa5f-79ad-476e-8c1d-f387cef6537e/business_strategy.json,reports,.json,17194
reports/content_packages/sig-test-001/runs/8bea6e67-d79e-43e6-95ce-4cd423371c2e/business_strategy.json,reports,.json,17194
reports/content_packages/sig-test-001/runs/8bea6e67-d79e-43e6-95ce-4cd423371c2e/generated.json,reports,.json,1033
reports/content_packages/sig-test-001/runs/8bea6e67-d79e-43e6-95ce-4cd423371c2e/publication_results.json,reports,.json,1079
reports/content_packages/sig-test-001/runs/8bebf17e-b944-4463-80a7-8a3876b9569f/business_strategy.json,reports,.json,17194
reports/content_packages/sig-test-001/runs/8bebf17e-b944-4463-80a7-8a3876b9569f/generated.json,reports,.json,1033
reports/content_packages/sig-test-001/runs/8bebf17e-b944-4463-80a7-8a3876b9569f/publication_results.json,reports,.json,1079
reports/content_packages/sig-test-001/runs/8bf74c31-b0ee-4bdc-9663-dde3165a19d2/assignment.json,reports,.json,849
reports/content_packages/sig-test-001/runs/8bf74c31-b0ee-4bdc-9663-dde3165a19d2/business_strategy.json,reports,.json,17194
reports/content_packages/sig-test-001/runs/8bf74c31-b0ee-4bdc-9663-dde3165a19d2/editorial_acceptance.json,reports,.json,289
reports/content_packages/sig-test-001/runs/8bf74c31-b0ee-4bdc-9663-dde3165a19d2/generated.json,reports,.json,1033
reports/content_packages/sig-test-001/runs/8c6e77af-7c41-4450-8183-1c615aded205/business_strategy.json,reports,.json,17194
reports/content_packages/sig-test-001/runs/8c6fa631-cc1b-4632-b82c-be6bad2bc26e/generated.json,reports,.json,798
reports/content_packages/sig-test-001/runs/8c6fa631-cc1b-4632-b82c-be6bad2bc26e/publication_results.json,reports,.json,844
reports/content_packages/sig-test-001/runs/8c706d31-cf0d-4fe5-b93b-dc67b7b82961/assignment.json,reports,.json,849
reports/content_packages/sig-test-001/runs/8c706d31-cf0d-4fe5-b93b-dc67b7b82961/business_strategy.json,reports,.json,17194
reports/content_packages/sig-test-001/runs/8c706d31-cf0d-4fe5-b93b-dc67b7b82961/editorial_acceptance.json,reports,.json,289
reports/content_packages/sig-test-001/runs/8c706d31-cf0d-4fe5-b93b-dc67b7b82961/generated.json,reports,.json,1033
reports/content_packages/sig-test-001/runs/8c8a6d42-bcef-4bdf-b559-6b4806e6d15a/assignment.json,reports,.json,857
reports/content_packages/sig-test-001/runs/8c8a6d42-bcef-4bdf-b559-6b4806e6d15a/business_strategy.json,reports,.json,17194
reports/content_packages/sig-test-001/runs/8c8a6d42-bcef-4bdf-b559-6b4806e6d15a/editorial_acceptance.json,reports,.json,289
reports/content_packages/sig-test-001/runs/8c8a6d42-bcef-4bdf-b559-6b4806e6d15a/generated.json,reports,.json,1033
reports/content_packages/sig-test-001/runs/8c8a6d42-bcef-4bdf-b559-6b4806e6d15a/publication_results.json,reports,.json,1079
reports/content_packages/sig-test-001/runs/8c8d8335-f209-42c7-b7b8-0f9e21b49745/assignment.json,reports,.json,849
reports/content_packages/sig-test-001/runs/8c8d8335-f209-42c7-b7b8-0f9e21b49745/business_strategy.json,reports,.json,17194
reports/content_packages/sig-test-001/runs/8c8d8335-f209-42c7-b7b8-0f9e21b49745/editorial_acceptance.json,reports,.json,289
reports/content_packages/sig-test-001/runs/8c8d8335-f209-42c7-b7b8-0f9e21b49745/generated.json,reports,.json,1033
reports/content_packages/sig-test-001/runs/8c9b05f7-9ec5-4775-ade5-052c306a21b1/business_strategy.json,reports,.json,17194
reports/content_packages/sig-test-001/runs/8c9b05f7-9ec5-4775-ade5-052c306a21b1/editorial_acceptance.json,reports,.json,236
reports/content_packages/sig-test-001/runs/8c9b05f7-9ec5-4775-ade5-052c306a21b1/generated.json,reports,.json,1033
reports/content_packages/sig-test-001/runs/8cc080eb-f01c-442c-90c3-376d5acf7503/business_strategy.json,reports,.json,17194
reports/content_packages/sig-test-001/runs/8cc080eb-f01c-442c-90c3-376d5acf7503/generated.json,reports,.json,1033
reports/content_packages/sig-test-001/runs/8ce3e95b-855a-4ea4-a19a-2cb02f3e0bb0/assignment.json,reports,.json,857
reports/content_packages/sig-test-001/runs/8ce3e95b-855a-4ea4-a19a-2cb02f3e0bb0/business_strategy.json,reports,.json,17194
reports/content_packages/sig-test-001/runs/8ce3e95b-855a-4ea4-a19a-2cb02f3e0bb0/editorial_acceptance.json,reports,.json,289
reports/content_packages/sig-test-001/runs/8ce3e95b-855a-4ea4-a19a-2cb02f3e0bb0/generated.json,reports,.json,1033
reports/content_packages/sig-test-001/runs/8ce3e95b-855a-4ea4-a19a-2cb02f3e0bb0/publication_results.json,reports,.json,1079
reports/content_packages/sig-test-001/runs/8cf96586-454a-4f6d-a0b8-d58ac750e295/assignment.json,reports,.json,857
reports/content_packages/sig-test-001/runs/8cf96586-454a-4f6d-a0b8-d58ac750e295/business_strategy.json,reports,.json,17194
reports/content_packages/sig-test-001/runs/8cf96586-454a-4f6d-a0b8-d58ac750e295/editorial_acceptance.json,reports,.json,289
reports/content_packages/sig-test-001/runs/8cf96586-454a-4f6d-a0b8-d58ac750e295/generated.json,reports,.json,1033
reports/content_packages/sig-test-001/runs/8cf96586-454a-4f6d-a0b8-d58ac750e295/publication_results.json,reports,.json,1160
reports/content_packages/sig-test-001/runs/8cf9aef7-1038-475f-831f-136b7035bd87/business_strategy.json,reports,.json,17194
reports/content_packages/sig-test-001/runs/8cf9aef7-1038-475f-831f-136b7035bd87/generated.json,reports,.json,1228
reports/content_packages/sig-test-001/runs/8cf9aef7-1038-475f-831f-136b7035bd87/publication_results.json,reports,.json,1079
reports/content_packages/sig-test-001/runs/8d6a70db-48be-4514-9afd-13e059e5b79d/business_strategy.json,reports,.json,17194
reports/content_packages/sig-test-001/runs/8d6a70db-48be-4514-9afd-13e059e5b79d/generated.json,reports,.json,1033
reports/content_packages/sig-test-001/runs/8e01026b-b62a-440a-83f6-908384fa33e0/business_strategy.json,reports,.json,17194
reports/content_packages/sig-test-001/runs/8e01026b-b62a-440a-83f6-908384fa33e0/editorial_acceptance.json,reports,.json,236
reports/content_packages/sig-test-001/runs/8e01026b-b62a-440a-83f6-908384fa33e0/generated.json,reports,.json,1033
reports/content_packages/sig-test-001/runs/8e192432-7049-40a9-a3f3-7d654b45c58e/generated.json,reports,.json,798
reports/content_packages/sig-test-001/runs/8e31b344-d524-4fe5-acb7-70aba896830c/business_strategy.json,reports,.json,17194
reports/content_packages/sig-test-001/runs/8e31b344-d524-4fe5-acb7-70aba896830c/editorial_acceptance.json,reports,.json,236
reports/content_packages/sig-test-001/runs/8e31b344-d524-4fe5-acb7-70aba896830c/generated.json,reports,.json,1033
reports/content_packages/sig-test-001/runs/8eb385b5-4a75-4da8-9baf-9b268967e35b/generated.json,reports,.json,798
reports/content_packages/sig-test-001/runs/8ed1eb8a-6604-45d4-b165-58f77ac418ba/business_strategy.json,reports,.json,17194
reports/content_packages/sig-test-001/runs/8ed1eb8a-6604-45d4-b165-58f77ac418ba/generated.json,reports,.json,1033
reports/content_packages/sig-test-001/runs/8ee624c7-f315-4c16-9bad-b82178e69b4c/assignment.json,reports,.json,849
reports/content_packages/sig-test-001/runs/8ee624c7-f315-4c16-9bad-b82178e69b4c/business_strategy.json,reports,.json,17194
reports/content_packages/sig-test-001/runs/8ee624c7-f315-4c16-9bad-b82178e69b4c/editorial_acceptance.json,reports,.json,289
reports/content_packages/sig-test-001/runs/8ee624c7-f315-4c16-9bad-b82178e69b4c/generated.json,reports,.json,1033
reports/content_packages/sig-test-001/runs/8eeaf9e6-2b89-47c0-adb1-e035e00ec76d/assignment.json,reports,.json,849
reports/content_packages/sig-test-001/runs/8eeaf9e6-2b89-47c0-adb1-e035e00ec76d/business_strategy.json,reports,.json,17194
reports/content_packages/sig-test-001/runs/8eeaf9e6-2b89-47c0-adb1-e035e00ec76d/editorial_acceptance.json,reports,.json,289
reports/content_packages/sig-test-001/runs/8eeaf9e6-2b89-47c0-adb1-e035e00ec76d/generated.json,reports,.json,1033
reports/content_packages/sig-test-001/runs/8efe8b6e-fb84-42d2-8c26-c47e96b34441/assignment.json,reports,.json,857
reports/content_packages/sig-test-001/runs/8efe8b6e-fb84-42d2-8c26-c47e96b34441/business_strategy.json,reports,.json,17194
reports/content_packages/sig-test-001/runs/8f2f5804-698f-4fa4-b747-110900766e0a/assignment.json,reports,.json,849
reports/content_packages/sig-test-001/runs/8f2f5804-698f-4fa4-b747-110900766e0a/business_strategy.json,reports,.json,17194
reports/content_packages/sig-test-001/runs/8f2f5804-698f-4fa4-b747-110900766e0a/editorial_acceptance.json,reports,.json,289
reports/content_packages/sig-test-001/runs/8f2f5804-698f-4fa4-b747-110900766e0a/generated.json,reports,.json,1033
reports/content_packages/sig-test-001/runs/8f3222ef-1d04-44ac-8b36-0958b15fc1e4/assignment.json,reports,.json,849
reports/content_packages/sig-test-001/runs/8f3222ef-1d04-44ac-8b36-0958b15fc1e4/business_strategy.json,reports,.json,17194
reports/content_packages/sig-test-001/runs/8f3222ef-1d04-44ac-8b36-0958b15fc1e4/editorial_acceptance.json,reports,.json,289
reports/content_packages/sig-test-001/runs/8f3222ef-1d04-44ac-8b36-0958b15fc1e4/generated.json,reports,.json,1033
reports/content_packages/sig-test-001/runs/8f6690a7-83d9-4156-841a-e9301d48a3f7/generated.json,reports,.json,932
reports/content_packages/sig-test-001/runs/8f6690a7-83d9-4156-841a-e9301d48a3f7/publication_results.json,reports,.json,978
reports/content_packages/sig-test-001/runs/8f8139cb-42bc-4c6a-b3be-4925943a0860/assignment.json,reports,.json,849
reports/content_packages/sig-test-001/runs/8f8139cb-42bc-4c6a-b3be-4925943a0860/business_strategy.json,reports,.json,17194
reports/content_packages/sig-test-001/runs/8f8139cb-42bc-4c6a-b3be-4925943a0860/editorial_acceptance.json,reports,.json,289
reports/content_packages/sig-test-001/runs/8f8139cb-42bc-4c6a-b3be-4925943a0860/generated.json,reports,.json,1033
reports/content_packages/sig-test-001/runs/8f85f5c7-bce5-41b9-9243-e3d9722bc55f/assignment.json,reports,.json,857
reports/content_packages/sig-test-001/runs/8f85f5c7-bce5-41b9-9243-e3d9722bc55f/business_strategy.json,reports,.json,17194
reports/content_packages/sig-test-001/runs/8f85f5c7-bce5-41b9-9243-e3d9722bc55f/editorial_acceptance.json,reports,.json,289
reports/content_packages/sig-test-001/runs/8f85f5c7-bce5-41b9-9243-e3d9722bc55f/generated.json,reports,.json,1033
reports/content_packages/sig-test-001/runs/8f918b98-1e25-4286-8388-47bf91799fc7/business_strategy.json,reports,.json,17194
reports/content_packages/sig-test-001/runs/8f918b98-1e25-4286-8388-47bf91799fc7/generated.json,reports,.json,1033
reports/content_packages/sig-test-001/runs/8f918b98-1e25-4286-8388-47bf91799fc7/publication_results.json,reports,.json,1079
reports/content_packages/sig-test-001/runs/907bff5f-2f70-41a2-b50c-0c85215d12a2/assignment.json,reports,.json,849
reports/content_packages/sig-test-001/runs/907bff5f-2f70-41a2-b50c-0c85215d12a2/business_strategy.json,reports,.json,17194
reports/content_packages/sig-test-001/runs/907bff5f-2f70-41a2-b50c-0c85215d12a2/editorial_acceptance.json,reports,.json,289
reports/content_packages/sig-test-001/runs/907bff5f-2f70-41a2-b50c-0c85215d12a2/generated.json,reports,.json,1033
reports/content_packages/sig-test-001/runs/908078a8-8064-44c6-a5be-89996a6be00e/business_strategy.json,reports,.json,17194
reports/content_packages/sig-test-001/runs/908078a8-8064-44c6-a5be-89996a6be00e/generated.json,reports,.json,1033
reports/content_packages/sig-test-001/runs/90b896f9-2b24-4478-8e10-6514e326e37a/business_strategy.json,reports,.json,17194
reports/content_packages/sig-test-001/runs/90b896f9-2b24-4478-8e10-6514e326e37a/editorial_acceptance.json,reports,.json,236
reports/content_packages/sig-test-001/runs/90b896f9-2b24-4478-8e10-6514e326e37a/generated.json,reports,.json,1033
reports/content_packages/sig-test-001/runs/90d91d72-35ae-433d-a19b-7c44c2c27669/business_strategy.json,reports,.json,17194
reports/content_packages/sig-test-001/runs/90d91d72-35ae-433d-a19b-7c44c2c27669/generated.json,reports,.json,1033
reports/content_packages/sig-test-001/runs/90e1ac9a-df74-4d09-a4d4-4fdc6b61918b/assignment.json,reports,.json,857
reports/content_packages/sig-test-001/runs/90e1ac9a-df74-4d09-a4d4-4fdc6b61918b/business_strategy.json,reports,.json,17194
reports/content_packages/sig-test-001/runs/90e1ac9a-df74-4d09-a4d4-4fdc6b61918b/editorial_acceptance.json,reports,.json,289
reports/content_packages/sig-test-001/runs/90e1ac9a-df74-4d09-a4d4-4fdc6b61918b/generated.json,reports,.json,1033
reports/content_packages/sig-test-001/runs/90e1ac9a-df74-4d09-a4d4-4fdc6b61918b/publication_results.json,reports,.json,1079
reports/content_packages/sig-test-001/runs/90f9b61e-b4ea-4f15-98c5-2118df405524/assignment.json,reports,.json,849
reports/content_packages/sig-test-001/runs/90f9b61e-b4ea-4f15-98c5-2118df405524/business_strategy.json,reports,.json,17194
reports/content_packages/sig-test-001/runs/91171ccb-e605-47c0-896e-9f881117b1b4/assignment.json,reports,.json,849
reports/content_packages/sig-test-001/runs/91171ccb-e605-47c0-896e-9f881117b1b4/business_strategy.json,reports,.json,17194
reports/content_packages/sig-test-001/runs/91171ccb-e605-47c0-896e-9f881117b1b4/editorial_acceptance.json,reports,.json,289
reports/content_packages/sig-test-001/runs/91171ccb-e605-47c0-896e-9f881117b1b4/generated.json,reports,.json,1033
reports/content_packages/sig-test-001/runs/91209201-c1af-478e-ba96-0bee91d2b27a/business_strategy.json,reports,.json,17194
reports/content_packages/sig-test-001/runs/91209201-c1af-478e-ba96-0bee91d2b27a/generated.json,reports,.json,1033
reports/content_packages/sig-test-001/runs/91209201-c1af-478e-ba96-0bee91d2b27a/publication_results.json,reports,.json,1079
reports/content_packages/sig-test-001/runs/9166a436-437b-47d1-8c9c-c4f4f55ea993/business_strategy.json,reports,.json,17194
reports/content_packages/sig-test-001/runs/91a1f756-e7e8-4ba2-bf8e-30b6cbccb4c9/assignment.json,reports,.json,849
reports/content_packages/sig-test-001/runs/91a1f756-e7e8-4ba2-bf8e-30b6cbccb4c9/business_strategy.json,reports,.json,17194
reports/content_packages/sig-test-001/runs/91a5b3b5-cfd5-47ca-ae60-1c49b66a1b04/business_strategy.json,reports,.json,17194
reports/content_packages/sig-test-001/runs/91b360cd-5d97-43c1-9e5a-5f957d4acfd7/business_strategy.json,reports,.json,17194
reports/content_packages/sig-test-001/runs/91b360cd-5d97-43c1-9e5a-5f957d4acfd7/generated.json,reports,.json,1228
reports/content_packages/sig-test-001/runs/91b85a83-7fda-48d4-b713-783eb34fe809/assignment.json,reports,.json,849
reports/content_packages/sig-test-001/runs/91b85a83-7fda-48d4-b713-783eb34fe809/business_strategy.json,reports,.json,17194
reports/content_packages/sig-test-001/runs/91b85a83-7fda-48d4-b713-783eb34fe809/editorial_acceptance.json,reports,.json,289
reports/content_packages/sig-test-001/runs/91b85a83-7fda-48d4-b713-783eb34fe809/generated.json,reports,.json,1033
reports/content_packages/sig-test-001/runs/92a54de7-3047-4ba3-b15b-3bf5e043c31d/business_strategy.json,reports,.json,17194
reports/content_packages/sig-test-001/runs/92a54de7-3047-4ba3-b15b-3bf5e043c31d/generated.json,reports,.json,1033
reports/content_packages/sig-test-001/runs/92f29117-9926-4c63-8ab8-14bc11bd9fc3/assignment.json,reports,.json,849
reports/content_packages/sig-test-001/runs/92f29117-9926-4c63-8ab8-14bc11bd9fc3/business_strategy.json,reports,.json,17194
reports/content_packages/sig-test-001/runs/92f29117-9926-4c63-8ab8-14bc11bd9fc3/editorial_acceptance.json,reports,.json,289
reports/content_packages/sig-test-001/runs/92f29117-9926-4c63-8ab8-14bc11bd9fc3/generated.json,reports,.json,1033
reports/content_packages/sig-test-001/runs/931273e1-346f-4156-8ec7-b0cd4bed5571/generated.json,reports,.json,798
reports/content_packages/sig-test-001/runs/93212f18-55cd-4460-8c73-fdfd64a6e302/business_strategy.json,reports,.json,17194
reports/content_packages/sig-test-001/runs/93390fdd-6df7-47c9-ab4c-08d466535445/business_strategy.json,reports,.json,17194
reports/content_packages/sig-test-001/runs/93390fdd-6df7-47c9-ab4c-08d466535445/generated.json,reports,.json,1033
reports/content_packages/sig-test-001/runs/9370b59b-ac36-47a5-bba4-9fed7d00c021/assignment.json,reports,.json,849
reports/content_packages/sig-test-001/runs/9370b59b-ac36-47a5-bba4-9fed7d00c021/business_strategy.json,reports,.json,17194
reports/content_packages/sig-test-001/runs/9370b59b-ac36-47a5-bba4-9fed7d00c021/run_report.json,reports,.json,887
reports/content_packages/sig-test-001/runs/93a63dab-4bc2-4266-a0af-11b91f366aa6/business_strategy.json,reports,.json,17194
reports/content_packages/sig-test-001/runs/94384b39-2830-4ee6-b5de-0e09f32d5aec/business_strategy.json,reports,.json,17194
reports/content_packages/sig-test-001/runs/94384b39-2830-4ee6-b5de-0e09f32d5aec/generated.json,reports,.json,1228
reports/content_packages/sig-test-001/runs/944d8c9a-6306-4d43-99f9-436da58557ea/business_strategy.json,reports,.json,17194
reports/content_packages/sig-test-001/runs/94cbb647-dad6-4fbc-aae5-0ddd2926dd50/assignment.json,reports,.json,849
reports/content_packages/sig-test-001/runs/94cbb647-dad6-4fbc-aae5-0ddd2926dd50/business_strategy.json,reports,.json,17194
reports/content_packages/sig-test-001/runs/94cd6ba8-7870-491d-a1cb-c8dd798ac909/assignment.json,reports,.json,857
reports/content_packages/sig-test-001/runs/94cd6ba8-7870-491d-a1cb-c8dd798ac909/business_strategy.json,reports,.json,17194
reports/content_packages/sig-test-001/runs/94cd6ba8-7870-491d-a1cb-c8dd798ac909/editorial_acceptance.json,reports,.json,289
reports/content_packages/sig-test-001/runs/94cd6ba8-7870-491d-a1cb-c8dd798ac909/generated.json,reports,.json,1033
reports/content_packages/sig-test-001/runs/952b51d8-903a-4d9a-bdc6-63402fbc3eb1/assignment.json,reports,.json,857
reports/content_packages/sig-test-001/runs/952b51d8-903a-4d9a-bdc6-63402fbc3eb1/business_strategy.json,reports,.json,17194
reports/content_packages/sig-test-001/runs/952b51d8-903a-4d9a-bdc6-63402fbc3eb1/editorial_acceptance.json,reports,.json,289
reports/content_packages/sig-test-001/runs/952b51d8-903a-4d9a-bdc6-63402fbc3eb1/generated.json,reports,.json,1033
reports/content_packages/sig-test-001/runs/952b51d8-903a-4d9a-bdc6-63402fbc3eb1/publication_results.json,reports,.json,1160
reports/content_packages/sig-test-001/runs/95758bf3-1a20-40eb-aab4-b408f344c52a/business_strategy.json,reports,.json,17194
reports/content_packages/sig-test-001/runs/95758bf3-1a20-40eb-aab4-b408f344c52a/generated.json,reports,.json,1033
reports/content_packages/sig-test-001/runs/95758bf3-1a20-40eb-aab4-b408f344c52a/publication_results.json,reports,.json,1079
reports/content_packages/sig-test-001/runs/95920dcc-4f8d-4d48-afb7-e37bb04f1f05/business_strategy.json,reports,.json,17194
reports/content_packages/sig-test-001/runs/95920dcc-4f8d-4d48-afb7-e37bb04f1f05/generated.json,reports,.json,1033
reports/content_packages/sig-test-001/runs/95979473-6601-458b-9629-f296e5f5fb15/assignment.json,reports,.json,849
reports/content_packages/sig-test-001/runs/95979473-6601-458b-9629-f296e5f5fb15/business_strategy.json,reports,.json,17194
reports/content_packages/sig-test-001/runs/95979473-6601-458b-9629-f296e5f5fb15/editorial_acceptance.json,reports,.json,289
reports/content_packages/sig-test-001/runs/95979473-6601-458b-9629-f296e5f5fb15/generated.json,reports,.json,1033
reports/content_packages/sig-test-001/runs/959e8d79-a99a-418d-8a98-112a3ca049ee/business_strategy.json,reports,.json,17194
reports/content_packages/sig-test-001/runs/959e8d79-a99a-418d-8a98-112a3ca049ee/generated.json,reports,.json,1033
reports/content_packages/sig-test-001/runs/9646d5db-432b-42ae-8ded-bb5e60063888/business_strategy.json,reports,.json,17194
reports/content_packages/sig-test-001/runs/9646d5db-432b-42ae-8ded-bb5e60063888/generated.json,reports,.json,1033
reports/content_packages/sig-test-001/runs/9681568e-6b60-44d2-a309-77d84710c47f/business_strategy.json,reports,.json,17194
reports/content_packages/sig-test-001/runs/9681568e-6b60-44d2-a309-77d84710c47f/editorial_acceptance.json,reports,.json,236
reports/content_packages/sig-test-001/runs/9681568e-6b60-44d2-a309-77d84710c47f/generated.json,reports,.json,1033
reports/content_packages/sig-test-001/runs/96900b13-2414-4cc6-a3fc-0a45c970a4ba/generated.json,reports,.json,798
reports/content_packages/sig-test-001/runs/96964f7d-4adb-47ab-a7bf-99ab63378cc1/business_strategy.json,reports,.json,17194
reports/content_packages/sig-test-001/runs/96d79d64-28c1-41c8-b311-b805f31eb6df/business_strategy.json,reports,.json,17194
reports/content_packages/sig-test-001/runs/96d79d64-28c1-41c8-b311-b805f31eb6df/generated.json,reports,.json,1033
reports/content_packages/sig-test-001/runs/970df229-80f9-4301-b2f5-50602a36ed92/business_strategy.json,reports,.json,17194
reports/content_packages/sig-test-001/runs/970df229-80f9-4301-b2f5-50602a36ed92/editorial_acceptance.json,reports,.json,236
reports/content_packages/sig-test-001/runs/970df229-80f9-4301-b2f5-50602a36ed92/generated.json,reports,.json,1033
reports/content_packages/sig-test-001/runs/9729c7ab-9369-413f-af33-535dae6343a1/assignment.json,reports,.json,849
reports/content_packages/sig-test-001/runs/9729c7ab-9369-413f-af33-535dae6343a1/business_strategy.json,reports,.json,17194
reports/content_packages/sig-test-001/runs/9729c7ab-9369-413f-af33-535dae6343a1/editorial_acceptance.json,reports,.json,289
reports/content_packages/sig-test-001/runs/9729c7ab-9369-413f-af33-535dae6343a1/generated.json,reports,.json,1033
reports/content_packages/sig-test-001/runs/974086e7-b7db-4789-82f2-0ab1d24c6ee0/business_strategy.json,reports,.json,17194
reports/content_packages/sig-test-001/runs/974ce0a5-7c30-4953-a72a-c931c942686b/assignment.json,reports,.json,849
reports/content_packages/sig-test-001/runs/974ce0a5-7c30-4953-a72a-c931c942686b/business_strategy.json,reports,.json,17194
reports/content_packages/sig-test-001/runs/974ce0a5-7c30-4953-a72a-c931c942686b/editorial_acceptance.json,reports,.json,289
reports/content_packages/sig-test-001/runs/974ce0a5-7c30-4953-a72a-c931c942686b/generated.json,reports,.json,1033
reports/content_packages/sig-test-001/runs/97873b3d-6b14-4e1b-929f-b0ff81b9ec78/business_strategy.json,reports,.json,17194
reports/content_packages/sig-test-001/runs/97873b3d-6b14-4e1b-929f-b0ff81b9ec78/generated.json,reports,.json,1033
reports/content_packages/sig-test-001/runs/97a04bab-703f-49ac-b7b3-b1af42c87a40/business_strategy.json,reports,.json,17194
reports/content_packages/sig-test-001/runs/980dbccf-336e-44b0-a60c-74766e41eb35/assignment.json,reports,.json,849
reports/content_packages/sig-test-001/runs/980dbccf-336e-44b0-a60c-74766e41eb35/business_strategy.json,reports,.json,17194
reports/content_packages/sig-test-001/runs/980dbccf-336e-44b0-a60c-74766e41eb35/editorial_acceptance.json,reports,.json,289
reports/content_packages/sig-test-001/runs/980dbccf-336e-44b0-a60c-74766e41eb35/generated.json,reports,.json,1033
reports/content_packages/sig-test-001/runs/9835b7e6-8563-4396-a1a0-fe6343effe10/business_strategy.json,reports,.json,17194
reports/content_packages/sig-test-001/runs/9837d93e-6de0-4c35-af40-cbab02b71f15/business_strategy.json,reports,.json,17194
reports/content_packages/sig-test-001/runs/9837d93e-6de0-4c35-af40-cbab02b71f15/generated.json,reports,.json,1033
reports/content_packages/sig-test-001/runs/98604dd9-60d3-45f4-9a34-b5e061d72e1a/assignment.json,reports,.json,849
reports/content_packages/sig-test-001/runs/98604dd9-60d3-45f4-9a34-b5e061d72e1a/business_strategy.json,reports,.json,17194
reports/content_packages/sig-test-001/runs/98604dd9-60d3-45f4-9a34-b5e061d72e1a/run_report.json,reports,.json,887
reports/content_packages/sig-test-001/runs/988494c8-398d-4b74-ac5b-c41fa84b6184/assignment.json,reports,.json,857
reports/content_packages/sig-test-001/runs/988494c8-398d-4b74-ac5b-c41fa84b6184/business_strategy.json,reports,.json,17194
reports/content_packages/sig-test-001/runs/988494c8-398d-4b74-ac5b-c41fa84b6184/editorial_acceptance.json,reports,.json,289
reports/content_packages/sig-test-001/runs/988494c8-398d-4b74-ac5b-c41fa84b6184/generated.json,reports,.json,1033
reports/content_packages/sig-test-001/runs/98b24206-e696-4ebb-b786-8ff659b768a3/assignment.json,reports,.json,849
reports/content_packages/sig-test-001/runs/98b24206-e696-4ebb-b786-8ff659b768a3/business_strategy.json,reports,.json,17194
reports/content_packages/sig-test-001/runs/98b24206-e696-4ebb-b786-8ff659b768a3/editorial_acceptance.json,reports,.json,289
reports/content_packages/sig-test-001/runs/98b24206-e696-4ebb-b786-8ff659b768a3/generated.json,reports,.json,1033
reports/content_packages/sig-test-001/runs/990d95ec-1bfd-40e5-aba2-df8056ab5ced/business_strategy.json,reports,.json,17194
reports/content_packages/sig-test-001/runs/990e46c3-0522-4dff-9246-63cd85b3276a/assignment.json,reports,.json,849
reports/content_packages/sig-test-001/runs/990e46c3-0522-4dff-9246-63cd85b3276a/business_strategy.json,reports,.json,17194
reports/content_packages/sig-test-001/runs/990e46c3-0522-4dff-9246-63cd85b3276a/editorial_acceptance.json,reports,.json,289
reports/content_packages/sig-test-001/runs/990e46c3-0522-4dff-9246-63cd85b3276a/generated.json,reports,.json,1033
reports/content_packages/sig-test-001/runs/9953a6b3-164a-4a2b-a8aa-aab3ef77e1b3/business_strategy.json,reports,.json,17194
reports/content_packages/sig-test-001/runs/995784b1-be52-4583-a904-eafca4eff215/generated.json,reports,.json,798
reports/content_packages/sig-test-001/runs/996f7604-e83d-4c5f-8fff-85044ec68782/business_strategy.json,reports,.json,17194
reports/content_packages/sig-test-001/runs/99b900b5-d7f8-495f-9d22-918e155df487/assignment.json,reports,.json,849
reports/content_packages/sig-test-001/runs/99b900b5-d7f8-495f-9d22-918e155df487/business_strategy.json,reports,.json,17194
reports/content_packages/sig-test-001/runs/99b900b5-d7f8-495f-9d22-918e155df487/run_report.json,reports,.json,887
reports/content_packages/sig-test-001/runs/99bbdc5d-877d-465d-b9b3-3a8f249e6740/generated.json,reports,.json,798
reports/content_packages/sig-test-001/runs/99bbdc5d-877d-465d-b9b3-3a8f249e6740/publication_results.json,reports,.json,844
reports/content_packages/sig-test-001/runs/99e7ee82-b681-447a-9c9c-1048ad574032/business_strategy.json,reports,.json,17194
reports/content_packages/sig-test-001/runs/9a6303bc-99cc-4872-be87-782ce288184c/business_strategy.json,reports,.json,17194
reports/content_packages/sig-test-001/runs/9a6303bc-99cc-4872-be87-782ce288184c/editorial_acceptance.json,reports,.json,236
reports/content_packages/sig-test-001/runs/9a6303bc-99cc-4872-be87-782ce288184c/generated.json,reports,.json,1033
reports/content_packages/sig-test-001/runs/9a73d08b-0723-41c3-8208-313950808d4b/assignment.json,reports,.json,857
reports/content_packages/sig-test-001/runs/9a73d08b-0723-41c3-8208-313950808d4b/business_strategy.json,reports,.json,17194
reports/content_packages/sig-test-001/runs/9a73d08b-0723-41c3-8208-313950808d4b/editorial_acceptance.json,reports,.json,289
reports/content_packages/sig-test-001/runs/9a73d08b-0723-41c3-8208-313950808d4b/generated.json,reports,.json,1033
reports/content_packages/sig-test-001/runs/9a73d08b-0723-41c3-8208-313950808d4b/publication_results.json,reports,.json,1079
reports/content_packages/sig-test-001/runs/9a9dd55d-45b9-4b77-bee3-05e811575524/business_strategy.json,reports,.json,17194
reports/content_packages/sig-test-001/runs/9a9dd55d-45b9-4b77-bee3-05e811575524/generated.json,reports,.json,1033
reports/content_packages/sig-test-001/runs/9aa94f19-8ed8-4224-9940-8c40b6859f90/business_strategy.json,reports,.json,17194
reports/content_packages/sig-test-001/runs/9aa94f19-8ed8-4224-9940-8c40b6859f90/editorial_acceptance.json,reports,.json,236
reports/content_packages/sig-test-001/runs/9aa94f19-8ed8-4224-9940-8c40b6859f90/generated.json,reports,.json,1033
reports/content_packages/sig-test-001/runs/9aa94f19-8ed8-4224-9940-8c40b6859f90/publication_results.json,reports,.json,1079
reports/content_packages/sig-test-001/runs/9ab64513-3d3a-473a-9914-da8fd6a5e665/business_strategy.json,reports,.json,17194
reports/content_packages/sig-test-001/runs/9ad46883-5551-447e-8947-6aca450ceb63/business_strategy.json,reports,.json,17194
reports/content_packages/sig-test-001/runs/9ad46883-5551-447e-8947-6aca450ceb63/generated.json,reports,.json,1033
reports/content_packages/sig-test-001/runs/9ad46883-5551-447e-8947-6aca450ceb63/publication_results.json,reports,.json,1079
reports/content_packages/sig-test-001/runs/9ad5f405-e805-4c66-a616-79619d82d8fe/business_strategy.json,reports,.json,17194
reports/content_packages/sig-test-001/runs/9ad5f405-e805-4c66-a616-79619d82d8fe/editorial_acceptance.json,reports,.json,236
reports/content_packages/sig-test-001/runs/9ad5f405-e805-4c66-a616-79619d82d8fe/generated.json,reports,.json,1033
reports/content_packages/sig-test-001/runs/9ad734bf-2003-41dd-ae97-59b6b9981797/assignment.json,reports,.json,857
reports/content_packages/sig-test-001/runs/9ad734bf-2003-41dd-ae97-59b6b9981797/business_strategy.json,reports,.json,17194
reports/content_packages/sig-test-001/runs/9addcb14-f3c5-4652-af0f-12f65d69ac70/generated.json,reports,.json,798
reports/content_packages/sig-test-001/runs/9aed9980-ad6b-418d-980a-c9caaae823ad/assignment.json,reports,.json,857
reports/content_packages/sig-test-001/runs/9aed9980-ad6b-418d-980a-c9caaae823ad/business_strategy.json,reports,.json,17194
reports/content_packages/sig-test-001/runs/9aed9980-ad6b-418d-980a-c9caaae823ad/editorial_acceptance.json,reports,.json,289
reports/content_packages/sig-test-001/runs/9aed9980-ad6b-418d-980a-c9caaae823ad/generated.json,reports,.json,1033
reports/content_packages/sig-test-001/runs/9aeeae52-7e1d-4da8-92b5-019908e14dbc/assignment.json,reports,.json,849
reports/content_packages/sig-test-001/runs/9aeeae52-7e1d-4da8-92b5-019908e14dbc/business_strategy.json,reports,.json,17194
reports/content_packages/sig-test-001/runs/9aeeae52-7e1d-4da8-92b5-019908e14dbc/editorial_acceptance.json,reports,.json,289
reports/content_packages/sig-test-001/runs/9aeeae52-7e1d-4da8-92b5-019908e14dbc/generated.json,reports,.json,1033
reports/content_packages/sig-test-001/runs/9b5f02d6-617a-4967-a23e-1accc88f44bf/assignment.json,reports,.json,849
reports/content_packages/sig-test-001/runs/9b5f02d6-617a-4967-a23e-1accc88f44bf/business_strategy.json,reports,.json,17194
reports/content_packages/sig-test-001/runs/9b638853-8a6f-4026-b142-6c7ccf239ac4/business_strategy.json,reports,.json,17194
reports/content_packages/sig-test-001/runs/9b638853-8a6f-4026-b142-6c7ccf239ac4/generated.json,reports,.json,1033
reports/content_packages/sig-test-001/runs/9b8344d0-34c8-480c-9d5f-f14641ee9847/generated.json,reports,.json,798
reports/content_packages/sig-test-001/runs/9b8344d0-34c8-480c-9d5f-f14641ee9847/publication_results.json,reports,.json,844
reports/content_packages/sig-test-001/runs/9b8deb82-e585-4e7a-97d7-1b233b228a50/assignment.json,reports,.json,857
reports/content_packages/sig-test-001/runs/9b8deb82-e585-4e7a-97d7-1b233b228a50/business_strategy.json,reports,.json,17194
reports/content_packages/sig-test-001/runs/9b8deb82-e585-4e7a-97d7-1b233b228a50/run_report.json,reports,.json,895
reports/content_packages/sig-test-001/runs/9bdd1670-1d3f-4cc3-9007-a40f73c0ee39/business_strategy.json,reports,.json,17194
reports/content_packages/sig-test-001/runs/9bdd1670-1d3f-4cc3-9007-a40f73c0ee39/generated.json,reports,.json,1033
reports/content_packages/sig-test-001/runs/9bdd1670-1d3f-4cc3-9007-a40f73c0ee39/publication_results.json,reports,.json,1079
reports/content_packages/sig-test-001/runs/9be2b655-0275-46f7-ad5c-0bbe1fe08567/business_strategy.json,reports,.json,17194
reports/content_packages/sig-test-001/runs/9be2b655-0275-46f7-ad5c-0bbe1fe08567/editorial_acceptance.json,reports,.json,236
reports/content_packages/sig-test-001/runs/9be2b655-0275-46f7-ad5c-0bbe1fe08567/generated.json,reports,.json,1033
reports/content_packages/sig-test-001/runs/9be648ab-8d9c-4bbf-b81f-e889b28ca4c1/business_strategy.json,reports,.json,17194
reports/content_packages/sig-test-001/runs/9be648ab-8d9c-4bbf-b81f-e889b28ca4c1/generated.json,reports,.json,1033
reports/content_packages/sig-test-001/runs/9c0fb4b0-54c1-47cb-a38e-ca62b59d3e60/generated.json,reports,.json,798
reports/content_packages/sig-test-001/runs/9c0fb4b0-54c1-47cb-a38e-ca62b59d3e60/publication_results.json,reports,.json,844
reports/content_packages/sig-test-001/runs/9c129417-bc59-4b3c-8a65-4ced246db002/assignment.json,reports,.json,849
reports/content_packages/sig-test-001/runs/9c129417-bc59-4b3c-8a65-4ced246db002/business_strategy.json,reports,.json,17194
reports/content_packages/sig-test-001/runs/9c129417-bc59-4b3c-8a65-4ced246db002/run_report.json,reports,.json,887
reports/content_packages/sig-test-001/runs/9c3a651c-9f2c-4fc2-acf9-be2674f1c9ea/business_strategy.json,reports,.json,17194
reports/content_packages/sig-test-001/runs/9c3a651c-9f2c-4fc2-acf9-be2674f1c9ea/editorial_acceptance.json,reports,.json,236
reports/content_packages/sig-test-001/runs/9c3a651c-9f2c-4fc2-acf9-be2674f1c9ea/generated.json,reports,.json,1033
reports/content_packages/sig-test-001/runs/9c3a651c-9f2c-4fc2-acf9-be2674f1c9ea/publication_results.json,reports,.json,1079
reports/content_packages/sig-test-001/runs/9c40146c-3c59-4e3d-9d02-9e4f52e2617d/business_strategy.json,reports,.json,17194
reports/content_packages/sig-test-001/runs/9c40146c-3c59-4e3d-9d02-9e4f52e2617d/generated.json,reports,.json,1228
reports/content_packages/sig-test-001/runs/9c40146c-3c59-4e3d-9d02-9e4f52e2617d/publication_results.json,reports,.json,1079
reports/content_packages/sig-test-001/runs/9c42f57a-03e5-47ae-9b39-44aaf206c45a/business_strategy.json,reports,.json,17194
reports/content_packages/sig-test-001/runs/9c42f57a-03e5-47ae-9b39-44aaf206c45a/editorial_acceptance.json,reports,.json,236
reports/content_packages/sig-test-001/runs/9c42f57a-03e5-47ae-9b39-44aaf206c45a/generated.json,reports,.json,1033
reports/content_packages/sig-test-001/runs/9c46b00a-63ea-4172-aca4-b4a71fa587e1/assignment.json,reports,.json,849
reports/content_packages/sig-test-001/runs/9c46b00a-63ea-4172-aca4-b4a71fa587e1/business_strategy.json,reports,.json,17194
reports/content_packages/sig-test-001/runs/9c46b00a-63ea-4172-aca4-b4a71fa587e1/editorial_acceptance.json,reports,.json,289
reports/content_packages/sig-test-001/runs/9c46b00a-63ea-4172-aca4-b4a71fa587e1/generated.json,reports,.json,1033
reports/content_packages/sig-test-001/runs/9c5d6867-5309-4725-b625-400ca839459b/business_strategy.json,reports,.json,17194
reports/content_packages/sig-test-001/runs/9c5d6867-5309-4725-b625-400ca839459b/generated.json,reports,.json,1033
reports/content_packages/sig-test-001/runs/9c5fdff7-a454-40a3-9ac7-475494a8dbbb/business_strategy.json,reports,.json,17194
reports/content_packages/sig-test-001/runs/9c5fdff7-a454-40a3-9ac7-475494a8dbbb/generated.json,reports,.json,1033
reports/content_packages/sig-test-001/runs/9c5fdff7-a454-40a3-9ac7-475494a8dbbb/publication_results.json,reports,.json,1079
reports/content_packages/sig-test-001/runs/9c999ebb-f63a-4d2d-af1c-1bb341d1da11/assignment.json,reports,.json,849
reports/content_packages/sig-test-001/runs/9c999ebb-f63a-4d2d-af1c-1bb341d1da11/business_strategy.json,reports,.json,17194
reports/content_packages/sig-test-001/runs/9c999ebb-f63a-4d2d-af1c-1bb341d1da11/editorial_acceptance.json,reports,.json,289
reports/content_packages/sig-test-001/runs/9c999ebb-f63a-4d2d-af1c-1bb341d1da11/generated.json,reports,.json,1033
reports/content_packages/sig-test-001/runs/9d090a48-2a66-4cfb-8834-2254453f150f/business_strategy.json,reports,.json,17194
reports/content_packages/sig-test-001/runs/9d090a48-2a66-4cfb-8834-2254453f150f/editorial_acceptance.json,reports,.json,236
reports/content_packages/sig-test-001/runs/9d090a48-2a66-4cfb-8834-2254453f150f/generated.json,reports,.json,1033
reports/content_packages/sig-test-001/runs/9d090a48-2a66-4cfb-8834-2254453f150f/publication_results.json,reports,.json,1079
reports/content_packages/sig-test-001/runs/9d452509-e7b6-4aa1-8133-07965ccf7bf5/assignment.json,reports,.json,857
reports/content_packages/sig-test-001/runs/9d452509-e7b6-4aa1-8133-07965ccf7bf5/business_strategy.json,reports,.json,17194
reports/content_packages/sig-test-001/runs/9d452509-e7b6-4aa1-8133-07965ccf7bf5/editorial_acceptance.json,reports,.json,289
reports/content_packages/sig-test-001/runs/9d452509-e7b6-4aa1-8133-07965ccf7bf5/generated.json,reports,.json,1033
reports/content_packages/sig-test-001/runs/9d452509-e7b6-4aa1-8133-07965ccf7bf5/publication_results.json,reports,.json,1079
reports/content_packages/sig-test-001/runs/9d527fe1-92d2-4f16-9fee-0219a5cf0f63/business_strategy.json,reports,.json,17194
reports/content_packages/sig-test-001/runs/9d527fe1-92d2-4f16-9fee-0219a5cf0f63/generated.json,reports,.json,1033
reports/content_packages/sig-test-001/runs/9d66d3b0-1285-40a2-ac33-758331613bf2/business_strategy.json,reports,.json,17194
reports/content_packages/sig-test-001/runs/9d66d3b0-1285-40a2-ac33-758331613bf2/generated.json,reports,.json,1033
reports/content_packages/sig-test-001/runs/9d89881a-891d-44f1-8206-051d74f4349e/assignment.json,reports,.json,849
reports/content_packages/sig-test-001/runs/9d89881a-891d-44f1-8206-051d74f4349e/business_strategy.json,reports,.json,17194
reports/content_packages/sig-test-001/runs/9de49dbd-94a3-40c5-8aec-33ddda008b31/business_strategy.json,reports,.json,17194
reports/content_packages/sig-test-001/runs/9de49dbd-94a3-40c5-8aec-33ddda008b31/editorial_acceptance.json,reports,.json,236
reports/content_packages/sig-test-001/runs/9de49dbd-94a3-40c5-8aec-33ddda008b31/generated.json,reports,.json,1033
reports/content_packages/sig-test-001/runs/9e2df4d8-63c6-498a-9b41-edc887f7b61e/assignment.json,reports,.json,849
reports/content_packages/sig-test-001/runs/9e2df4d8-63c6-498a-9b41-edc887f7b61e/business_strategy.json,reports,.json,17194
reports/content_packages/sig-test-001/runs/9e2df4d8-63c6-498a-9b41-edc887f7b61e/editorial_acceptance.json,reports,.json,289
reports/content_packages/sig-test-001/runs/9e2df4d8-63c6-498a-9b41-edc887f7b61e/generated.json,reports,.json,1033
reports/content_packages/sig-test-001/runs/9e30e9af-45d1-4bdc-b7cf-8226b7d3c363/assignment.json,reports,.json,849
reports/content_packages/sig-test-001/runs/9e30e9af-45d1-4bdc-b7cf-8226b7d3c363/business_strategy.json,reports,.json,17194
reports/content_packages/sig-test-001/runs/9e415ff5-da10-44fd-a630-48b469182526/business_strategy.json,reports,.json,17194
reports/content_packages/sig-test-001/runs/9ecdbe6f-e0a4-4dcb-a63f-f7e2effe8821/business_strategy.json,reports,.json,17194
reports/content_packages/sig-test-001/runs/9ecdbe6f-e0a4-4dcb-a63f-f7e2effe8821/generated.json,reports,.json,1228
reports/content_packages/sig-test-001/runs/9ecdbe6f-e0a4-4dcb-a63f-f7e2effe8821/publication_results.json,reports,.json,1079
reports/content_packages/sig-test-001/runs/9ed03646-0ea6-4420-8770-9a113250e0aa/business_strategy.json,reports,.json,17194
reports/content_packages/sig-test-001/runs/9ed03646-0ea6-4420-8770-9a113250e0aa/editorial_acceptance.json,reports,.json,236
reports/content_packages/sig-test-001/runs/9ed03646-0ea6-4420-8770-9a113250e0aa/generated.json,reports,.json,1033
reports/content_packages/sig-test-001/runs/9ed03646-0ea6-4420-8770-9a113250e0aa/publication_results.json,reports,.json,1079
reports/content_packages/sig-test-001/runs/9f0ee0ff-73c6-4cde-9690-cdef14fab372/business_strategy.json,reports,.json,17194
reports/content_packages/sig-test-001/runs/9f161547-367a-45e5-9cf5-25b1a8980a42/assignment.json,reports,.json,849
reports/content_packages/sig-test-001/runs/9f161547-367a-45e5-9cf5-25b1a8980a42/business_strategy.json,reports,.json,17194
reports/content_packages/sig-test-001/runs/9f161547-367a-45e5-9cf5-25b1a8980a42/editorial_acceptance.json,reports,.json,289
reports/content_packages/sig-test-001/runs/9f161547-367a-45e5-9cf5-25b1a8980a42/generated.json,reports,.json,1033
reports/content_packages/sig-test-001/runs/9f1fe085-573d-4874-ae25-1a88ee0f74fc/business_strategy.json,reports,.json,17194
reports/content_packages/sig-test-001/runs/9f71c667-f895-4f5a-8c6c-0ebdd00a7b34/assignment.json,reports,.json,849
reports/content_packages/sig-test-001/runs/9f71c667-f895-4f5a-8c6c-0ebdd00a7b34/business_strategy.json,reports,.json,17194
reports/content_packages/sig-test-001/runs/9f71c667-f895-4f5a-8c6c-0ebdd00a7b34/editorial_acceptance.json,reports,.json,289
reports/content_packages/sig-test-001/runs/9f71c667-f895-4f5a-8c6c-0ebdd00a7b34/generated.json,reports,.json,1033
reports/content_packages/sig-test-001/runs/9fc9f14f-e8d3-4090-9d1e-d2876efe5073/assignment.json,reports,.json,849
reports/content_packages/sig-test-001/runs/9fc9f14f-e8d3-4090-9d1e-d2876efe5073/business_strategy.json,reports,.json,17194
reports/content_packages/sig-test-001/runs/9fc9f14f-e8d3-4090-9d1e-d2876efe5073/editorial_acceptance.json,reports,.json,289
reports/content_packages/sig-test-001/runs/9fc9f14f-e8d3-4090-9d1e-d2876efe5073/generated.json,reports,.json,1033
reports/content_packages/sig-test-001/runs/9fda5c6f-844b-407e-9187-143f857b2b81/assignment.json,reports,.json,857
reports/content_packages/sig-test-001/runs/9fda5c6f-844b-407e-9187-143f857b2b81/business_strategy.json,reports,.json,17194
reports/content_packages/sig-test-001/runs/9fda5c6f-844b-407e-9187-143f857b2b81/editorial_acceptance.json,reports,.json,289
reports/content_packages/sig-test-001/runs/9fda5c6f-844b-407e-9187-143f857b2b81/generated.json,reports,.json,1033
reports/content_packages/sig-test-001/runs/9fda5c6f-844b-407e-9187-143f857b2b81/publication_results.json,reports,.json,1160
reports/content_packages/sig-test-001/runs/a026216f-7780-4c82-be35-e0e5f8876310/business_strategy.json,reports,.json,17194
reports/content_packages/sig-test-001/runs/a026216f-7780-4c82-be35-e0e5f8876310/editorial_acceptance.json,reports,.json,236
reports/content_packages/sig-test-001/runs/a026216f-7780-4c82-be35-e0e5f8876310/generated.json,reports,.json,1033
reports/content_packages/sig-test-001/runs/a0696e45-1344-4e17-95ac-fc19e4269f49/assignment.json,reports,.json,857
reports/content_packages/sig-test-001/runs/a0696e45-1344-4e17-95ac-fc19e4269f49/business_strategy.json,reports,.json,17194
reports/content_packages/sig-test-001/runs/a0696e45-1344-4e17-95ac-fc19e4269f49/editorial_acceptance.json,reports,.json,289
reports/content_packages/sig-test-001/runs/a0696e45-1344-4e17-95ac-fc19e4269f49/generated.json,reports,.json,1033
reports/content_packages/sig-test-001/runs/a0696e45-1344-4e17-95ac-fc19e4269f49/publication_results.json,reports,.json,1160
reports/content_packages/sig-test-001/runs/a07285bd-419f-4977-956d-76ea9c1d1e46/business_strategy.json,reports,.json,17194
reports/content_packages/sig-test-001/runs/a07285bd-419f-4977-956d-76ea9c1d1e46/editorial_acceptance.json,reports,.json,236
reports/content_packages/sig-test-001/runs/a07285bd-419f-4977-956d-76ea9c1d1e46/generated.json,reports,.json,1033
reports/content_packages/sig-test-001/runs/a07285bd-419f-4977-956d-76ea9c1d1e46/publication_results.json,reports,.json,1079
reports/content_packages/sig-test-001/runs/a08fb6b0-ef62-4e4b-af63-365daab5d536/generated.json,reports,.json,798
reports/content_packages/sig-test-001/runs/a08fb6b0-ef62-4e4b-af63-365daab5d536/publication_results.json,reports,.json,844
reports/content_packages/sig-test-001/runs/a096b5d3-8c02-42b7-8338-5f4eff6878ef/business_strategy.json,reports,.json,17194
reports/content_packages/sig-test-001/runs/a096b5d3-8c02-42b7-8338-5f4eff6878ef/editorial_acceptance.json,reports,.json,236
reports/content_packages/sig-test-001/runs/a096b5d3-8c02-42b7-8338-5f4eff6878ef/generated.json,reports,.json,1033
reports/content_packages/sig-test-001/runs/a09804dd-7747-45be-bffd-1ee6efeeb51d/assignment.json,reports,.json,849
reports/content_packages/sig-test-001/runs/a09804dd-7747-45be-bffd-1ee6efeeb51d/business_strategy.json,reports,.json,17194
reports/content_packages/sig-test-001/runs/a09804dd-7747-45be-bffd-1ee6efeeb51d/editorial_acceptance.json,reports,.json,289
reports/content_packages/sig-test-001/runs/a09804dd-7747-45be-bffd-1ee6efeeb51d/generated.json,reports,.json,1033
reports/content_packages/sig-test-001/runs/a09cde81-bcb0-4cfa-b695-da5dca00e32e/assignment.json,reports,.json,857
reports/content_packages/sig-test-001/runs/a09cde81-bcb0-4cfa-b695-da5dca00e32e/business_strategy.json,reports,.json,17194
reports/content_packages/sig-test-001/runs/a09cde81-bcb0-4cfa-b695-da5dca00e32e/editorial_acceptance.json,reports,.json,289
reports/content_packages/sig-test-001/runs/a09cde81-bcb0-4cfa-b695-da5dca00e32e/generated.json,reports,.json,1033
reports/content_packages/sig-test-001/runs/a09cde81-bcb0-4cfa-b695-da5dca00e32e/publication_results.json,reports,.json,1079
reports/content_packages/sig-test-001/runs/a0e879e2-a82e-40a4-96b4-ac633dbb7531/assignment.json,reports,.json,857
reports/content_packages/sig-test-001/runs/a0e879e2-a82e-40a4-96b4-ac633dbb7531/business_strategy.json,reports,.json,17194
reports/content_packages/sig-test-001/runs/a0e879e2-a82e-40a4-96b4-ac633dbb7531/editorial_acceptance.json,reports,.json,289
reports/content_packages/sig-test-001/runs/a0e879e2-a82e-40a4-96b4-ac633dbb7531/generated.json,reports,.json,1033
reports/content_packages/sig-test-001/runs/a0e879e2-a82e-40a4-96b4-ac633dbb7531/publication_results.json,reports,.json,1079
reports/content_packages/sig-test-001/runs/a11478c4-69de-4231-8643-756d2ae3e714/business_strategy.json,reports,.json,17194
reports/content_packages/sig-test-001/runs/a11478c4-69de-4231-8643-756d2ae3e714/editorial_acceptance.json,reports,.json,236
reports/content_packages/sig-test-001/runs/a11478c4-69de-4231-8643-756d2ae3e714/generated.json,reports,.json,1033
reports/content_packages/sig-test-001/runs/a1296300-129e-4c9b-9010-c48a695cfd24/assignment.json,reports,.json,849
reports/content_packages/sig-test-001/runs/a1296300-129e-4c9b-9010-c48a695cfd24/business_strategy.json,reports,.json,17194
reports/content_packages/sig-test-001/runs/a1296300-129e-4c9b-9010-c48a695cfd24/editorial_acceptance.json,reports,.json,289
reports/content_packages/sig-test-001/runs/a1296300-129e-4c9b-9010-c48a695cfd24/generated.json,reports,.json,1033
reports/content_packages/sig-test-001/runs/a130bd36-7b51-4071-9a7b-9995eb5a456d/business_strategy.json,reports,.json,17194
reports/content_packages/sig-test-001/runs/a130bd36-7b51-4071-9a7b-9995eb5a456d/generated.json,reports,.json,1033
reports/content_packages/sig-test-001/runs/a13453d9-6cb1-49b3-a98b-79d96adcd23e/business_strategy.json,reports,.json,17194
reports/content_packages/sig-test-001/runs/a13453d9-6cb1-49b3-a98b-79d96adcd23e/generated.json,reports,.json,1033
reports/content_packages/sig-test-001/runs/a13453d9-6cb1-49b3-a98b-79d96adcd23e/publication_results.json,reports,.json,1079
reports/content_packages/sig-test-001/runs/a1408aae-fd51-4cc7-bc64-467136997cdc/assignment.json,reports,.json,849
reports/content_packages/sig-test-001/runs/a1408aae-fd51-4cc7-bc64-467136997cdc/business_strategy.json,reports,.json,17194
reports/content_packages/sig-test-001/runs/a1408aae-fd51-4cc7-bc64-467136997cdc/editorial_acceptance.json,reports,.json,289
reports/content_packages/sig-test-001/runs/a1408aae-fd51-4cc7-bc64-467136997cdc/generated.json,reports,.json,1033
reports/content_packages/sig-test-001/runs/a1c2160d-7707-435e-afce-ea49a47a87b6/generated.json,reports,.json,798
reports/content_packages/sig-test-001/runs/a1d7773e-c436-410d-8f21-06e97ac10b7c/assignment.json,reports,.json,857
reports/content_packages/sig-test-001/runs/a1d7773e-c436-410d-8f21-06e97ac10b7c/business_strategy.json,reports,.json,17194
reports/content_packages/sig-test-001/runs/a1e7558c-aa7c-44c0-b87f-7fea67ad4a38/business_strategy.json,reports,.json,17194
reports/content_packages/sig-test-001/runs/a1e7558c-aa7c-44c0-b87f-7fea67ad4a38/editorial_acceptance.json,reports,.json,236
reports/content_packages/sig-test-001/runs/a1e7558c-aa7c-44c0-b87f-7fea67ad4a38/generated.json,reports,.json,1033
reports/content_packages/sig-test-001/runs/a1fd8763-b198-4a11-b370-b36d53c9dd1c/assignment.json,reports,.json,849
reports/content_packages/sig-test-001/runs/a1fd8763-b198-4a11-b370-b36d53c9dd1c/business_strategy.json,reports,.json,17194
reports/content_packages/sig-test-001/runs/a1fd8763-b198-4a11-b370-b36d53c9dd1c/editorial_acceptance.json,reports,.json,289
reports/content_packages/sig-test-001/runs/a1fd8763-b198-4a11-b370-b36d53c9dd1c/generated.json,reports,.json,1033
reports/content_packages/sig-test-001/runs/a241e01b-a08c-4022-b29b-d3da687d319f/business_strategy.json,reports,.json,17194
reports/content_packages/sig-test-001/runs/a241e01b-a08c-4022-b29b-d3da687d319f/generated.json,reports,.json,1033
reports/content_packages/sig-test-001/runs/a241e01b-a08c-4022-b29b-d3da687d319f/publication_results.json,reports,.json,1079
reports/content_packages/sig-test-001/runs/a2512714-676c-474e-a6a4-85f7bc01be92/assignment.json,reports,.json,857
reports/content_packages/sig-test-001/runs/a2512714-676c-474e-a6a4-85f7bc01be92/business_strategy.json,reports,.json,17194
reports/content_packages/sig-test-001/runs/a26469b9-a78f-4ac4-998b-bbee5f2468a7/assignment.json,reports,.json,849
reports/content_packages/sig-test-001/runs/a26469b9-a78f-4ac4-998b-bbee5f2468a7/business_strategy.json,reports,.json,17194
reports/content_packages/sig-test-001/runs/a26469b9-a78f-4ac4-998b-bbee5f2468a7/editorial_acceptance.json,reports,.json,289
reports/content_packages/sig-test-001/runs/a26469b9-a78f-4ac4-998b-bbee5f2468a7/generated.json,reports,.json,1033
reports/content_packages/sig-test-001/runs/a27e0821-9bf6-4d10-93fa-24b160b0b57a/generated.json,reports,.json,798
reports/content_packages/sig-test-001/runs/a298a8da-4921-489a-809e-f28f2b8d8159/assignment.json,reports,.json,857
reports/content_packages/sig-test-001/runs/a298a8da-4921-489a-809e-f28f2b8d8159/business_strategy.json,reports,.json,17194
reports/content_packages/sig-test-001/runs/a298a8da-4921-489a-809e-f28f2b8d8159/editorial_acceptance.json,reports,.json,289
reports/content_packages/sig-test-001/runs/a298a8da-4921-489a-809e-f28f2b8d8159/generated.json,reports,.json,1033
reports/content_packages/sig-test-001/runs/a298a8da-4921-489a-809e-f28f2b8d8159/publication_results.json,reports,.json,1160
reports/content_packages/sig-test-001/runs/a2a3eda5-e38d-42bd-88e8-d42c84dacebc/assignment.json,reports,.json,849
reports/content_packages/sig-test-001/runs/a2a3eda5-e38d-42bd-88e8-d42c84dacebc/business_strategy.json,reports,.json,17194
reports/content_packages/sig-test-001/runs/a2ac7e2a-4db2-4a4c-9154-b2c737976b4c/business_strategy.json,reports,.json,17194
reports/content_packages/sig-test-001/runs/a2ac7e2a-4db2-4a4c-9154-b2c737976b4c/generated.json,reports,.json,1033
reports/content_packages/sig-test-001/runs/a2ac7e2a-4db2-4a4c-9154-b2c737976b4c/publication_results.json,reports,.json,1079
reports/content_packages/sig-test-001/runs/a2bb5e3c-07f1-4114-9e47-9022eb7dc164/business_strategy.json,reports,.json,17194
reports/content_packages/sig-test-001/runs/a2c5c21c-b863-43a1-9e5b-b6784f16cc43/business_strategy.json,reports,.json,17194
reports/content_packages/sig-test-001/runs/a2c5c21c-b863-43a1-9e5b-b6784f16cc43/generated.json,reports,.json,1033
reports/content_packages/sig-test-001/runs/a2c5c21c-b863-43a1-9e5b-b6784f16cc43/publication_results.json,reports,.json,1079
reports/content_packages/sig-test-001/runs/a2e4f77f-c026-4239-a07b-84cb68fb86b0/assignment.json,reports,.json,857
reports/content_packages/sig-test-001/runs/a2e4f77f-c026-4239-a07b-84cb68fb86b0/business_strategy.json,reports,.json,17194
reports/content_packages/sig-test-001/runs/a2e4f77f-c026-4239-a07b-84cb68fb86b0/editorial_acceptance.json,reports,.json,289
reports/content_packages/sig-test-001/runs/a2e4f77f-c026-4239-a07b-84cb68fb86b0/generated.json,reports,.json,1033
reports/content_packages/sig-test-001/runs/a2e4f77f-c026-4239-a07b-84cb68fb86b0/publication_results.json,reports,.json,1079
reports/content_packages/sig-test-001/runs/a31b9b47-6994-4d3d-9e70-fe4d95fc2afe/business_strategy.json,reports,.json,17194
reports/content_packages/sig-test-001/runs/a31b9b47-6994-4d3d-9e70-fe4d95fc2afe/generated.json,reports,.json,1033
reports/content_packages/sig-test-001/runs/a351f8e4-a7a7-42ed-a936-89e55ee13fdd/assignment.json,reports,.json,849
reports/content_packages/sig-test-001/runs/a351f8e4-a7a7-42ed-a936-89e55ee13fdd/business_strategy.json,reports,.json,17194
reports/content_packages/sig-test-001/runs/a351f8e4-a7a7-42ed-a936-89e55ee13fdd/editorial_acceptance.json,reports,.json,289
reports/content_packages/sig-test-001/runs/a351f8e4-a7a7-42ed-a936-89e55ee13fdd/generated.json,reports,.json,1033
reports/content_packages/sig-test-001/runs/a3823c41-6369-4d9e-b3ad-3fa7851b6be4/assignment.json,reports,.json,857
reports/content_packages/sig-test-001/runs/a3823c41-6369-4d9e-b3ad-3fa7851b6be4/business_strategy.json,reports,.json,17194
reports/content_packages/sig-test-001/runs/a3823c41-6369-4d9e-b3ad-3fa7851b6be4/run_report.json,reports,.json,895
reports/content_packages/sig-test-001/runs/a3a67a75-975e-42a9-a96e-ea94e843c5c2/assignment.json,reports,.json,857
reports/content_packages/sig-test-001/runs/a3a67a75-975e-42a9-a96e-ea94e843c5c2/business_strategy.json,reports,.json,17194
reports/content_packages/sig-test-001/runs/a3a67a75-975e-42a9-a96e-ea94e843c5c2/editorial_acceptance.json,reports,.json,289
reports/content_packages/sig-test-001/runs/a3a67a75-975e-42a9-a96e-ea94e843c5c2/generated.json,reports,.json,1033
reports/content_packages/sig-test-001/runs/a3cd32fc-2a74-461b-aa41-92e4a169723e/business_strategy.json,reports,.json,17194
reports/content_packages/sig-test-001/runs/a3cd32fc-2a74-461b-aa41-92e4a169723e/generated.json,reports,.json,1033
reports/content_packages/sig-test-001/runs/a3cd32fc-2a74-461b-aa41-92e4a169723e/publication_results.json,reports,.json,1079
reports/content_packages/sig-test-001/runs/a3d0fcbe-50cb-4fcd-ab93-1ea892ddc48d/assignment.json,reports,.json,849
reports/content_packages/sig-test-001/runs/a3d0fcbe-50cb-4fcd-ab93-1ea892ddc48d/business_strategy.json,reports,.json,17194
reports/content_packages/sig-test-001/runs/a3d0fcbe-50cb-4fcd-ab93-1ea892ddc48d/editorial_acceptance.json,reports,.json,289
reports/content_packages/sig-test-001/runs/a3d0fcbe-50cb-4fcd-ab93-1ea892ddc48d/generated.json,reports,.json,1033
reports/content_packages/sig-test-001/runs/a3feced5-b767-451b-9ffa-cbb9b21097f1/business_strategy.json,reports,.json,17194
reports/content_packages/sig-test-001/runs/a3feced5-b767-451b-9ffa-cbb9b21097f1/editorial_acceptance.json,reports,.json,236
reports/content_packages/sig-test-001/runs/a3feced5-b767-451b-9ffa-cbb9b21097f1/generated.json,reports,.json,1033
reports/content_packages/sig-test-001/runs/a433b1ca-f243-4764-94b3-e9d3d7129b37/assignment.json,reports,.json,849
reports/content_packages/sig-test-001/runs/a433b1ca-f243-4764-94b3-e9d3d7129b37/business_strategy.json,reports,.json,17194
reports/content_packages/sig-test-001/runs/a433b1ca-f243-4764-94b3-e9d3d7129b37/editorial_acceptance.json,reports,.json,289
reports/content_packages/sig-test-001/runs/a433b1ca-f243-4764-94b3-e9d3d7129b37/generated.json,reports,.json,1033
reports/content_packages/sig-test-001/runs/a46a05bf-53ba-426b-abcb-8f29e085ca29/business_strategy.json,reports,.json,17194
reports/content_packages/sig-test-001/runs/a46a05bf-53ba-426b-abcb-8f29e085ca29/generated.json,reports,.json,1033
reports/content_packages/sig-test-001/runs/a46a05bf-53ba-426b-abcb-8f29e085ca29/publication_results.json,reports,.json,1079
reports/content_packages/sig-test-001/runs/a4a2d0e8-a118-4428-afb3-6506beaf25fa/generated.json,reports,.json,932
reports/content_packages/sig-test-001/runs/a4b8d853-be02-44ca-b01f-d56bf0058068/assignment.json,reports,.json,849
reports/content_packages/sig-test-001/runs/a4b8d853-be02-44ca-b01f-d56bf0058068/business_strategy.json,reports,.json,17194
reports/content_packages/sig-test-001/runs/a4d2810a-b8a3-4ff2-99f8-98e2b837cfa4/business_strategy.json,reports,.json,17194
reports/content_packages/sig-test-001/runs/a4d2810a-b8a3-4ff2-99f8-98e2b837cfa4/editorial_acceptance.json,reports,.json,236
reports/content_packages/sig-test-001/runs/a4d2810a-b8a3-4ff2-99f8-98e2b837cfa4/generated.json,reports,.json,1033
reports/content_packages/sig-test-001/runs/a4d2810a-b8a3-4ff2-99f8-98e2b837cfa4/publication_results.json,reports,.json,1079
reports/content_packages/sig-test-001/runs/a4ff6358-50aa-4b46-88ef-f117a378706a/assignment.json,reports,.json,857
reports/content_packages/sig-test-001/runs/a4ff6358-50aa-4b46-88ef-f117a378706a/business_strategy.json,reports,.json,17194
reports/content_packages/sig-test-001/runs/a4ff6358-50aa-4b46-88ef-f117a378706a/editorial_acceptance.json,reports,.json,289
reports/content_packages/sig-test-001/runs/a4ff6358-50aa-4b46-88ef-f117a378706a/generated.json,reports,.json,1033
reports/content_packages/sig-test-001/runs/a4ff6358-50aa-4b46-88ef-f117a378706a/publication_results.json,reports,.json,1079
reports/content_packages/sig-test-001/runs/a52db25c-2ecd-4791-bf6e-c5c6f62ad5ce/business_strategy.json,reports,.json,17194
reports/content_packages/sig-test-001/runs/a52db25c-2ecd-4791-bf6e-c5c6f62ad5ce/editorial_acceptance.json,reports,.json,236
reports/content_packages/sig-test-001/runs/a52db25c-2ecd-4791-bf6e-c5c6f62ad5ce/generated.json,reports,.json,1033
reports/content_packages/sig-test-001/runs/a5aae803-6553-4959-93a1-a533e0f0b940/business_strategy.json,reports,.json,17194
reports/content_packages/sig-test-001/runs/a5aae803-6553-4959-93a1-a533e0f0b940/generated.json,reports,.json,1033
reports/content_packages/sig-test-001/runs/a5aae803-6553-4959-93a1-a533e0f0b940/publication_results.json,reports,.json,1079
reports/content_packages/sig-test-001/runs/a5bdf591-792f-4c6a-813b-92ae3f0511ba/assignment.json,reports,.json,849
reports/content_packages/sig-test-001/runs/a5bdf591-792f-4c6a-813b-92ae3f0511ba/business_strategy.json,reports,.json,17194
reports/content_packages/sig-test-001/runs/a5bdf591-792f-4c6a-813b-92ae3f0511ba/editorial_acceptance.json,reports,.json,289
reports/content_packages/sig-test-001/runs/a5bdf591-792f-4c6a-813b-92ae3f0511ba/generated.json,reports,.json,1033
reports/content_packages/sig-test-001/runs/a5c58181-f53d-4f26-a557-65c3772e1b22/generated.json,reports,.json,932
reports/content_packages/sig-test-001/runs/a5d17a6e-c8a1-480f-b48c-1bda2158f2e6/business_strategy.json,reports,.json,17194
reports/content_packages/sig-test-001/runs/a5d17a6e-c8a1-480f-b48c-1bda2158f2e6/editorial_acceptance.json,reports,.json,236
reports/content_packages/sig-test-001/runs/a5d17a6e-c8a1-480f-b48c-1bda2158f2e6/generated.json,reports,.json,1033
reports/content_packages/sig-test-001/runs/a5f68d75-531a-44ec-b973-949121e5fbf9/business_strategy.json,reports,.json,17194
reports/content_packages/sig-test-001/runs/a5f68d75-531a-44ec-b973-949121e5fbf9/generated.json,reports,.json,1033
reports/content_packages/sig-test-001/runs/a62b93fd-7047-4dd4-963e-ea37842a94f9/assignment.json,reports,.json,849
reports/content_packages/sig-test-001/runs/a62b93fd-7047-4dd4-963e-ea37842a94f9/business_strategy.json,reports,.json,17194
reports/content_packages/sig-test-001/runs/a62b93fd-7047-4dd4-963e-ea37842a94f9/editorial_acceptance.json,reports,.json,289
reports/content_packages/sig-test-001/runs/a62b93fd-7047-4dd4-963e-ea37842a94f9/generated.json,reports,.json,1033
reports/content_packages/sig-test-001/runs/a6695d7f-4ab4-4ca8-9889-d8596118df7d/business_strategy.json,reports,.json,17194
reports/content_packages/sig-test-001/runs/a6695d7f-4ab4-4ca8-9889-d8596118df7d/generated.json,reports,.json,1033
reports/content_packages/sig-test-001/runs/a69513e1-4ce9-4a9c-a298-e2dc88f53e03/business_strategy.json,reports,.json,17194
reports/content_packages/sig-test-001/runs/a69513e1-4ce9-4a9c-a298-e2dc88f53e03/generated.json,reports,.json,1033
reports/content_packages/sig-test-001/runs/a69513e1-4ce9-4a9c-a298-e2dc88f53e03/publication_results.json,reports,.json,1079
reports/content_packages/sig-test-001/runs/a6a06c8e-6b75-4051-b8ae-ee03dfbf99fa/assignment.json,reports,.json,849
reports/content_packages/sig-test-001/runs/a6a06c8e-6b75-4051-b8ae-ee03dfbf99fa/business_strategy.json,reports,.json,17194
reports/content_packages/sig-test-001/runs/a6a06c8e-6b75-4051-b8ae-ee03dfbf99fa/editorial_acceptance.json,reports,.json,289
reports/content_packages/sig-test-001/runs/a6a06c8e-6b75-4051-b8ae-ee03dfbf99fa/generated.json,reports,.json,1033
reports/content_packages/sig-test-001/runs/a6a33c79-cb6b-48ca-ba69-5ca71eda33f4/business_strategy.json,reports,.json,17194
reports/content_packages/sig-test-001/runs/a6a33c79-cb6b-48ca-ba69-5ca71eda33f4/editorial_acceptance.json,reports,.json,236
reports/content_packages/sig-test-001/runs/a6a33c79-cb6b-48ca-ba69-5ca71eda33f4/generated.json,reports,.json,1033
reports/content_packages/sig-test-001/runs/a6a33c79-cb6b-48ca-ba69-5ca71eda33f4/publication_results.json,reports,.json,1079
reports/content_packages/sig-test-001/runs/a6b648b1-9c81-495d-b822-186c9ed17388/generated.json,reports,.json,798
reports/content_packages/sig-test-001/runs/a6b648b1-9c81-495d-b822-186c9ed17388/publication_results.json,reports,.json,844
reports/content_packages/sig-test-001/runs/a6ce6adc-b340-4a02-9ab6-bee267abdf25/business_strategy.json,reports,.json,17194
reports/content_packages/sig-test-001/runs/a6ce6adc-b340-4a02-9ab6-bee267abdf25/generated.json,reports,.json,1033
reports/content_packages/sig-test-001/runs/a6ce6adc-b340-4a02-9ab6-bee267abdf25/publication_results.json,reports,.json,1079
reports/content_packages/sig-test-001/runs/a6dc2f69-faf0-472b-afaf-4e26ad287dc2/generated.json,reports,.json,798
reports/content_packages/sig-test-001/runs/a6dec0c0-e231-439e-ae91-67684529908d/business_strategy.json,reports,.json,17194
reports/content_packages/sig-test-001/runs/a6dec0c0-e231-439e-ae91-67684529908d/editorial_acceptance.json,reports,.json,236
reports/content_packages/sig-test-001/runs/a6dec0c0-e231-439e-ae91-67684529908d/generated.json,reports,.json,1033
reports/content_packages/sig-test-001/runs/a6dec0c0-e231-439e-ae91-67684529908d/publication_results.json,reports,.json,1079
reports/content_packages/sig-test-001/runs/a6dfd3f3-015e-44ed-9413-9451a2026f43/business_strategy.json,reports,.json,17194
reports/content_packages/sig-test-001/runs/a70acb6d-9319-4a1b-93d7-1854fe3cfede/business_strategy.json,reports,.json,17194
reports/content_packages/sig-test-001/runs/a70acb6d-9319-4a1b-93d7-1854fe3cfede/generated.json,reports,.json,1033
reports/content_packages/sig-test-001/runs/a73423c8-3c9b-42d6-af6f-b42059255e83/generated.json,reports,.json,798
reports/content_packages/sig-test-001/runs/a738d4ff-b7a4-4559-b5eb-4e9bf633a6f3/business_strategy.json,reports,.json,17194
reports/content_packages/sig-test-001/runs/a738d4ff-b7a4-4559-b5eb-4e9bf633a6f3/editorial_acceptance.json,reports,.json,236
reports/content_packages/sig-test-001/runs/a738d4ff-b7a4-4559-b5eb-4e9bf633a6f3/generated.json,reports,.json,1033
reports/content_packages/sig-test-001/runs/a738d4ff-b7a4-4559-b5eb-4e9bf633a6f3/publication_results.json,reports,.json,1079
reports/content_packages/sig-test-001/runs/a73a685b-f775-4c13-b9cb-79cbd698d73c/assignment.json,reports,.json,849
reports/content_packages/sig-test-001/runs/a73a685b-f775-4c13-b9cb-79cbd698d73c/business_strategy.json,reports,.json,17194
reports/content_packages/sig-test-001/runs/a73a685b-f775-4c13-b9cb-79cbd698d73c/editorial_acceptance.json,reports,.json,289
reports/content_packages/sig-test-001/runs/a73a685b-f775-4c13-b9cb-79cbd698d73c/generated.json,reports,.json,1033
reports/content_packages/sig-test-001/runs/a75342d3-65dc-48f1-ad8b-613795a7f7ca/assignment.json,reports,.json,849
reports/content_packages/sig-test-001/runs/a75342d3-65dc-48f1-ad8b-613795a7f7ca/business_strategy.json,reports,.json,17194
reports/content_packages/sig-test-001/runs/a7735aae-5bcd-4f8d-8bbc-816a5885a7d1/assignment.json,reports,.json,849
reports/content_packages/sig-test-001/runs/a7735aae-5bcd-4f8d-8bbc-816a5885a7d1/business_strategy.json,reports,.json,17194
reports/content_packages/sig-test-001/runs/a7735aae-5bcd-4f8d-8bbc-816a5885a7d1/editorial_acceptance.json,reports,.json,289
reports/content_packages/sig-test-001/runs/a7735aae-5bcd-4f8d-8bbc-816a5885a7d1/generated.json,reports,.json,1033
reports/content_packages/sig-test-001/runs/a7776427-5d79-4bbe-9401-05aa38adc759/business_strategy.json,reports,.json,17194
reports/content_packages/sig-test-001/runs/a7776427-5d79-4bbe-9401-05aa38adc759/editorial_acceptance.json,reports,.json,236
reports/content_packages/sig-test-001/runs/a7776427-5d79-4bbe-9401-05aa38adc759/generated.json,reports,.json,1033
reports/content_packages/sig-test-001/runs/a7776427-5d79-4bbe-9401-05aa38adc759/publication_results.json,reports,.json,1079
reports/content_packages/sig-test-001/runs/a7a0e2c8-d630-4a80-9366-5a80430b749a/business_strategy.json,reports,.json,17194
reports/content_packages/sig-test-001/runs/a7f093ce-1a9c-473a-a5c5-97ab24800c6f/assignment.json,reports,.json,857
reports/content_packages/sig-test-001/runs/a7f093ce-1a9c-473a-a5c5-97ab24800c6f/business_strategy.json,reports,.json,17194
reports/content_packages/sig-test-001/runs/a7f093ce-1a9c-473a-a5c5-97ab24800c6f/editorial_acceptance.json,reports,.json,289
reports/content_packages/sig-test-001/runs/a7f093ce-1a9c-473a-a5c5-97ab24800c6f/generated.json,reports,.json,1033
reports/content_packages/sig-test-001/runs/a7f093ce-1a9c-473a-a5c5-97ab24800c6f/publication_results.json,reports,.json,1079
reports/content_packages/sig-test-001/runs/a80b194b-84a5-4faa-af0f-46afc060b856/assignment.json,reports,.json,857
reports/content_packages/sig-test-001/runs/a80b194b-84a5-4faa-af0f-46afc060b856/business_strategy.json,reports,.json,17194
reports/content_packages/sig-test-001/runs/a80b194b-84a5-4faa-af0f-46afc060b856/editorial_acceptance.json,reports,.json,289
reports/content_packages/sig-test-001/runs/a80b194b-84a5-4faa-af0f-46afc060b856/generated.json,reports,.json,1033
reports/content_packages/sig-test-001/runs/a80b194b-84a5-4faa-af0f-46afc060b856/publication_results.json,reports,.json,1079
reports/content_packages/sig-test-001/runs/a80d5916-030f-4e20-ba20-efa09683baa6/business_strategy.json,reports,.json,17194
reports/content_packages/sig-test-001/runs/a80d5916-030f-4e20-ba20-efa09683baa6/editorial_acceptance.json,reports,.json,236
reports/content_packages/sig-test-001/runs/a80d5916-030f-4e20-ba20-efa09683baa6/generated.json,reports,.json,1033
reports/content_packages/sig-test-001/runs/a80d9898-16fb-40a2-ada5-01f8093f930e/business_strategy.json,reports,.json,17194
reports/content_packages/sig-test-001/runs/a80d9898-16fb-40a2-ada5-01f8093f930e/generated.json,reports,.json,1033
reports/content_packages/sig-test-001/runs/a85446bb-ecbd-47fc-b985-6546234b74d1/assignment.json,reports,.json,849
reports/content_packages/sig-test-001/runs/a85446bb-ecbd-47fc-b985-6546234b74d1/business_strategy.json,reports,.json,17194
reports/content_packages/sig-test-001/runs/a86f3d13-2049-44db-80e4-64bbf46fb0f3/assignment.json,reports,.json,857
reports/content_packages/sig-test-001/runs/a86f3d13-2049-44db-80e4-64bbf46fb0f3/business_strategy.json,reports,.json,17194
reports/content_packages/sig-test-001/runs/a86f3d13-2049-44db-80e4-64bbf46fb0f3/editorial_acceptance.json,reports,.json,289
reports/content_packages/sig-test-001/runs/a86f3d13-2049-44db-80e4-64bbf46fb0f3/generated.json,reports,.json,1033
reports/content_packages/sig-test-001/runs/a86f3d13-2049-44db-80e4-64bbf46fb0f3/publication_results.json,reports,.json,1160
reports/content_packages/sig-test-001/runs/a872361c-2957-4bdc-b7e4-f79b1021cdd1/business_strategy.json,reports,.json,17194
reports/content_packages/sig-test-001/runs/a8ac2859-6eea-4188-ae36-1ac725e18a42/generated.json,reports,.json,798
reports/content_packages/sig-test-001/runs/a8ead3c1-00cd-4050-b677-42395fda74d6/business_strategy.json,reports,.json,17194
reports/content_packages/sig-test-001/runs/a8ead3c1-00cd-4050-b677-42395fda74d6/editorial_acceptance.json,reports,.json,236
reports/content_packages/sig-test-001/runs/a8ead3c1-00cd-4050-b677-42395fda74d6/generated.json,reports,.json,1033
reports/content_packages/sig-test-001/runs/a903fd7d-189a-4aa5-af04-a4686bbbd1a4/generated.json,reports,.json,932
reports/content_packages/sig-test-001/runs/a92388c2-5459-4651-b71f-9e627bc70853/business_strategy.json,reports,.json,17194
reports/content_packages/sig-test-001/runs/a92388c2-5459-4651-b71f-9e627bc70853/generated.json,reports,.json,1033
reports/content_packages/sig-test-001/runs/a92388c2-5459-4651-b71f-9e627bc70853/publication_results.json,reports,.json,1079
reports/content_packages/sig-test-001/runs/a93ebe63-7457-482a-8434-a3408062351e/generated.json,reports,.json,798
reports/content_packages/sig-test-001/runs/a95c8a62-0dc7-491f-bb09-0879be62db03/business_strategy.json,reports,.json,17194
reports/content_packages/sig-test-001/runs/a95c8a62-0dc7-491f-bb09-0879be62db03/editorial_acceptance.json,reports,.json,236
reports/content_packages/sig-test-001/runs/a95c8a62-0dc7-491f-bb09-0879be62db03/generated.json,reports,.json,1033
reports/content_packages/sig-test-001/runs/aa097827-8d9a-4832-8206-581fc04a132f/assignment.json,reports,.json,849
reports/content_packages/sig-test-001/runs/aa097827-8d9a-4832-8206-581fc04a132f/business_strategy.json,reports,.json,17194
reports/content_packages/sig-test-001/runs/aa24a6be-7521-4b55-8409-5fd1305bfe2d/generated.json,reports,.json,798
reports/content_packages/sig-test-001/runs/aa24a6be-7521-4b55-8409-5fd1305bfe2d/publication_results.json,reports,.json,844
reports/content_packages/sig-test-001/runs/aa935da9-5514-4299-b96c-c5b79f1496fb/assignment.json,reports,.json,849
reports/content_packages/sig-test-001/runs/aa935da9-5514-4299-b96c-c5b79f1496fb/business_strategy.json,reports,.json,17194
reports/content_packages/sig-test-001/runs/aa935da9-5514-4299-b96c-c5b79f1496fb/editorial_acceptance.json,reports,.json,289
reports/content_packages/sig-test-001/runs/aa935da9-5514-4299-b96c-c5b79f1496fb/generated.json,reports,.json,1033
reports/content_packages/sig-test-001/runs/aa956215-fc3a-4c34-94a7-b24736492b33/assignment.json,reports,.json,857
reports/content_packages/sig-test-001/runs/aa956215-fc3a-4c34-94a7-b24736492b33/business_strategy.json,reports,.json,17194
reports/content_packages/sig-test-001/runs/aa956215-fc3a-4c34-94a7-b24736492b33/editorial_acceptance.json,reports,.json,289
reports/content_packages/sig-test-001/runs/aa956215-fc3a-4c34-94a7-b24736492b33/generated.json,reports,.json,1033
reports/content_packages/sig-test-001/runs/aa956215-fc3a-4c34-94a7-b24736492b33/publication_results.json,reports,.json,1160
reports/content_packages/sig-test-001/runs/aa9e2e07-f56b-47d5-93bd-856d8189b995/assignment.json,reports,.json,857
reports/content_packages/sig-test-001/runs/aa9e2e07-f56b-47d5-93bd-856d8189b995/business_strategy.json,reports,.json,17194
reports/content_packages/sig-test-001/runs/aa9e2e07-f56b-47d5-93bd-856d8189b995/editorial_acceptance.json,reports,.json,289
reports/content_packages/sig-test-001/runs/aa9e2e07-f56b-47d5-93bd-856d8189b995/generated.json,reports,.json,1033
reports/content_packages/sig-test-001/runs/aa9e2e07-f56b-47d5-93bd-856d8189b995/publication_results.json,reports,.json,1160
reports/content_packages/sig-test-001/runs/aae80d34-0311-451d-8328-c405425a875a/assignment.json,reports,.json,857
reports/content_packages/sig-test-001/runs/aae80d34-0311-451d-8328-c405425a875a/business_strategy.json,reports,.json,17194
reports/content_packages/sig-test-001/runs/aae80d34-0311-451d-8328-c405425a875a/editorial_acceptance.json,reports,.json,289
reports/content_packages/sig-test-001/runs/aae80d34-0311-451d-8328-c405425a875a/generated.json,reports,.json,1033
reports/content_packages/sig-test-001/runs/aae80d34-0311-451d-8328-c405425a875a/publication_results.json,reports,.json,1079
reports/content_packages/sig-test-001/runs/ab1f2283-1162-42af-a75d-1ac3924a763c/generated.json,reports,.json,932
reports/content_packages/sig-test-001/runs/ab1f2283-1162-42af-a75d-1ac3924a763c/publication_results.json,reports,.json,978
reports/content_packages/sig-test-001/runs/ab4aa82b-2634-421e-be9b-dd861424fea3/business_strategy.json,reports,.json,17194
reports/content_packages/sig-test-001/runs/ab4aa82b-2634-421e-be9b-dd861424fea3/generated.json,reports,.json,1033
reports/content_packages/sig-test-001/runs/ab4d9d49-fbc3-4ea7-a85c-4f0a0241c301/business_strategy.json,reports,.json,17194
reports/content_packages/sig-test-001/runs/ab4d9d49-fbc3-4ea7-a85c-4f0a0241c301/generated.json,reports,.json,1033
reports/content_packages/sig-test-001/runs/abd75b5a-15dd-40c4-86f6-a823cb342a07/business_strategy.json,reports,.json,17194
reports/content_packages/sig-test-001/runs/abd75b5a-15dd-40c4-86f6-a823cb342a07/editorial_acceptance.json,reports,.json,236
reports/content_packages/sig-test-001/runs/abd75b5a-15dd-40c4-86f6-a823cb342a07/generated.json,reports,.json,1033
reports/content_packages/sig-test-001/runs/ac2f4b44-dee4-4ff4-b2f5-6d80eb05b472/business_strategy.json,reports,.json,17194
reports/content_packages/sig-test-001/runs/ac2f4b44-dee4-4ff4-b2f5-6d80eb05b472/editorial_acceptance.json,reports,.json,236
reports/content_packages/sig-test-001/runs/ac2f4b44-dee4-4ff4-b2f5-6d80eb05b472/generated.json,reports,.json,1033
reports/content_packages/sig-test-001/runs/ac5b9a2a-d888-42f5-a159-cc44b3832bb0/assignment.json,reports,.json,857
reports/content_packages/sig-test-001/runs/ac5b9a2a-d888-42f5-a159-cc44b3832bb0/business_strategy.json,reports,.json,17194
reports/content_packages/sig-test-001/runs/ac5b9a2a-d888-42f5-a159-cc44b3832bb0/editorial_acceptance.json,reports,.json,289
reports/content_packages/sig-test-001/runs/ac5b9a2a-d888-42f5-a159-cc44b3832bb0/generated.json,reports,.json,1033
reports/content_packages/sig-test-001/runs/ac5b9a2a-d888-42f5-a159-cc44b3832bb0/publication_results.json,reports,.json,1079
reports/content_packages/sig-test-001/runs/ac60de10-8b79-4e71-a904-7b1523d3e6fb/generated.json,reports,.json,798
reports/content_packages/sig-test-001/runs/ac7000ae-43f1-43e0-ac22-852f584857c8/assignment.json,reports,.json,849
reports/content_packages/sig-test-001/runs/ac7000ae-43f1-43e0-ac22-852f584857c8/business_strategy.json,reports,.json,17194
reports/content_packages/sig-test-001/runs/ac7000ae-43f1-43e0-ac22-852f584857c8/editorial_acceptance.json,reports,.json,289
reports/content_packages/sig-test-001/runs/ac7000ae-43f1-43e0-ac22-852f584857c8/generated.json,reports,.json,1033
reports/content_packages/sig-test-001/runs/acd03eae-f212-4beb-8924-43286b42e929/assignment.json,reports,.json,849
reports/content_packages/sig-test-001/runs/acd03eae-f212-4beb-8924-43286b42e929/business_strategy.json,reports,.json,17194
reports/content_packages/sig-test-001/runs/acd03eae-f212-4beb-8924-43286b42e929/editorial_acceptance.json,reports,.json,289
reports/content_packages/sig-test-001/runs/acd03eae-f212-4beb-8924-43286b42e929/generated.json,reports,.json,1033
reports/content_packages/sig-test-001/runs/ace91793-5a6c-4bca-8d8b-6007277e9098/business_strategy.json,reports,.json,17194
reports/content_packages/sig-test-001/runs/ace91793-5a6c-4bca-8d8b-6007277e9098/editorial_acceptance.json,reports,.json,236
reports/content_packages/sig-test-001/runs/ace91793-5a6c-4bca-8d8b-6007277e9098/generated.json,reports,.json,1033
reports/content_packages/sig-test-001/runs/ad32358a-8ca5-4925-b6a3-1ae3b4e08628/business_strategy.json,reports,.json,17194
reports/content_packages/sig-test-001/runs/ad7fb99a-ce47-4d74-b4ef-2b9d48602fe7/business_strategy.json,reports,.json,17194
reports/content_packages/sig-test-001/runs/ad7fb99a-ce47-4d74-b4ef-2b9d48602fe7/generated.json,reports,.json,1033
reports/content_packages/sig-test-001/runs/ad9b307b-0d1a-4d57-b0e8-c2916aab7441/generated.json,reports,.json,798
reports/content_packages/sig-test-001/runs/adae159b-b162-4c3f-9afe-c92b1a65227c/business_strategy.json,reports,.json,17194
reports/content_packages/sig-test-001/runs/adae159b-b162-4c3f-9afe-c92b1a65227c/editorial_acceptance.json,reports,.json,236
reports/content_packages/sig-test-001/runs/adae159b-b162-4c3f-9afe-c92b1a65227c/generated.json,reports,.json,1033
reports/content_packages/sig-test-001/runs/adf5e6d1-fe49-429f-93e1-53864c395a32/business_strategy.json,reports,.json,17194
reports/content_packages/sig-test-001/runs/adf5e6d1-fe49-429f-93e1-53864c395a32/generated.json,reports,.json,1033
reports/content_packages/sig-test-001/runs/ae005cb6-0d65-4050-97bc-47c1010dbc31/business_strategy.json,reports,.json,17194
reports/content_packages/sig-test-001/runs/ae005cb6-0d65-4050-97bc-47c1010dbc31/generated.json,reports,.json,1033
reports/content_packages/sig-test-001/runs/ae005cb6-0d65-4050-97bc-47c1010dbc31/publication_results.json,reports,.json,1079
reports/content_packages/sig-test-001/runs/ae05c9fc-826d-4133-8541-3549ff3c4ba5/assignment.json,reports,.json,857
reports/content_packages/sig-test-001/runs/ae05c9fc-826d-4133-8541-3549ff3c4ba5/business_strategy.json,reports,.json,17194
reports/content_packages/sig-test-001/runs/ae05c9fc-826d-4133-8541-3549ff3c4ba5/editorial_acceptance.json,reports,.json,289
reports/content_packages/sig-test-001/runs/ae05c9fc-826d-4133-8541-3549ff3c4ba5/generated.json,reports,.json,1033
reports/content_packages/sig-test-001/runs/ae05c9fc-826d-4133-8541-3549ff3c4ba5/publication_results.json,reports,.json,1079
reports/content_packages/sig-test-001/runs/ae0a5030-3de3-4a03-b184-dd235e927413/assignment.json,reports,.json,849
reports/content_packages/sig-test-001/runs/ae0a5030-3de3-4a03-b184-dd235e927413/business_strategy.json,reports,.json,17194
reports/content_packages/sig-test-001/runs/ae0a5030-3de3-4a03-b184-dd235e927413/editorial_acceptance.json,reports,.json,289
reports/content_packages/sig-test-001/runs/ae0a5030-3de3-4a03-b184-dd235e927413/generated.json,reports,.json,1033
reports/content_packages/sig-test-001/runs/ae1e57fe-01b1-45c1-8429-587f4983b737/business_strategy.json,reports,.json,17194
reports/content_packages/sig-test-001/runs/ae1e57fe-01b1-45c1-8429-587f4983b737/generated.json,reports,.json,1033
reports/content_packages/sig-test-001/runs/ae1e57fe-01b1-45c1-8429-587f4983b737/publication_results.json,reports,.json,1079
reports/content_packages/sig-test-001/runs/ae3d1bbd-a886-4bf7-b840-c4b961d5a1f3/business_strategy.json,reports,.json,17194
reports/content_packages/sig-test-001/runs/ae3d1bbd-a886-4bf7-b840-c4b961d5a1f3/editorial_acceptance.json,reports,.json,236
reports/content_packages/sig-test-001/runs/ae3d1bbd-a886-4bf7-b840-c4b961d5a1f3/generated.json,reports,.json,1033
reports/content_packages/sig-test-001/runs/ae3d1bbd-a886-4bf7-b840-c4b961d5a1f3/publication_results.json,reports,.json,1079
reports/content_packages/sig-test-001/runs/ae56a595-6f17-4a08-aa30-0fb5fe1598ef/business_strategy.json,reports,.json,17194
reports/content_packages/sig-test-001/runs/ae56a595-6f17-4a08-aa30-0fb5fe1598ef/generated.json,reports,.json,1033
reports/content_packages/sig-test-001/runs/aee012e3-b48b-407d-b448-5698ee9b36cf/business_strategy.json,reports,.json,17194
reports/content_packages/sig-test-001/runs/afc3f61d-0520-4f81-b80d-399ea77ed871/assignment.json,reports,.json,849
reports/content_packages/sig-test-001/runs/afc3f61d-0520-4f81-b80d-399ea77ed871/business_strategy.json,reports,.json,17194
reports/content_packages/sig-test-001/runs/afc3f61d-0520-4f81-b80d-399ea77ed871/editorial_acceptance.json,reports,.json,289
reports/content_packages/sig-test-001/runs/afc3f61d-0520-4f81-b80d-399ea77ed871/generated.json,reports,.json,1033
reports/content_packages/sig-test-001/runs/afcc2460-354b-4a36-9664-db3fc4f5d2a7/assignment.json,reports,.json,857
reports/content_packages/sig-test-001/runs/afcc2460-354b-4a36-9664-db3fc4f5d2a7/business_strategy.json,reports,.json,17194
reports/content_packages/sig-test-001/runs/afcc2460-354b-4a36-9664-db3fc4f5d2a7/editorial_acceptance.json,reports,.json,289
reports/content_packages/sig-test-001/runs/afcc2460-354b-4a36-9664-db3fc4f5d2a7/generated.json,reports,.json,1033
reports/content_packages/sig-test-001/runs/afcc2460-354b-4a36-9664-db3fc4f5d2a7/publication_results.json,reports,.json,1079
reports/content_packages/sig-test-001/runs/aff1ec52-016d-4ea3-bf08-12177ad7d8a3/assignment.json,reports,.json,857
reports/content_packages/sig-test-001/runs/aff1ec52-016d-4ea3-bf08-12177ad7d8a3/business_strategy.json,reports,.json,17194
reports/content_packages/sig-test-001/runs/aff1ec52-016d-4ea3-bf08-12177ad7d8a3/editorial_acceptance.json,reports,.json,289
reports/content_packages/sig-test-001/runs/aff1ec52-016d-4ea3-bf08-12177ad7d8a3/generated.json,reports,.json,1033
reports/content_packages/sig-test-001/runs/aff1ec52-016d-4ea3-bf08-12177ad7d8a3/publication_results.json,reports,.json,1160
reports/content_packages/sig-test-001/runs/aff7a975-2454-44c6-82ef-2f21bfca288d/assignment.json,reports,.json,857
reports/content_packages/sig-test-001/runs/aff7a975-2454-44c6-82ef-2f21bfca288d/business_strategy.json,reports,.json,17194
reports/content_packages/sig-test-001/runs/b01600ed-cb4e-46d1-ac3d-15b6f3011062/business_strategy.json,reports,.json,17194
reports/content_packages/sig-test-001/runs/b01600ed-cb4e-46d1-ac3d-15b6f3011062/generated.json,reports,.json,1228
reports/content_packages/sig-test-001/runs/b01600ed-cb4e-46d1-ac3d-15b6f3011062/publication_results.json,reports,.json,1079
reports/content_packages/sig-test-001/runs/b032571b-a685-4457-bf09-00354ff74a05/assignment.json,reports,.json,849
reports/content_packages/sig-test-001/runs/b032571b-a685-4457-bf09-00354ff74a05/business_strategy.json,reports,.json,17194
reports/content_packages/sig-test-001/runs/b032571b-a685-4457-bf09-00354ff74a05/run_report.json,reports,.json,887
reports/content_packages/sig-test-001/runs/b079225b-b79b-472b-8360-6566b4ab10c1/assignment.json,reports,.json,849
reports/content_packages/sig-test-001/runs/b079225b-b79b-472b-8360-6566b4ab10c1/business_strategy.json,reports,.json,17194
reports/content_packages/sig-test-001/runs/b079225b-b79b-472b-8360-6566b4ab10c1/editorial_acceptance.json,reports,.json,289
reports/content_packages/sig-test-001/runs/b079225b-b79b-472b-8360-6566b4ab10c1/generated.json,reports,.json,1033
reports/content_packages/sig-test-001/runs/b0e8f654-a8f1-4553-bbe2-d7aa01776ac4/assignment.json,reports,.json,849
reports/content_packages/sig-test-001/runs/b0e8f654-a8f1-4553-bbe2-d7aa01776ac4/business_strategy.json,reports,.json,17194
reports/content_packages/sig-test-001/runs/b0e8f654-a8f1-4553-bbe2-d7aa01776ac4/editorial_acceptance.json,reports,.json,289
reports/content_packages/sig-test-001/runs/b0e8f654-a8f1-4553-bbe2-d7aa01776ac4/generated.json,reports,.json,1033
reports/content_packages/sig-test-001/runs/b1ac6c94-e980-4a08-90a0-bcaefe3e188f/assignment.json,reports,.json,849
reports/content_packages/sig-test-001/runs/b1ac6c94-e980-4a08-90a0-bcaefe3e188f/business_strategy.json,reports,.json,17194
reports/content_packages/sig-test-001/runs/b24b9735-0eb4-4d00-9550-5e2bcdd47ae4/assignment.json,reports,.json,857
reports/content_packages/sig-test-001/runs/b24b9735-0eb4-4d00-9550-5e2bcdd47ae4/business_strategy.json,reports,.json,17194
reports/content_packages/sig-test-001/runs/b24b9735-0eb4-4d00-9550-5e2bcdd47ae4/editorial_acceptance.json,reports,.json,289
reports/content_packages/sig-test-001/runs/b24b9735-0eb4-4d00-9550-5e2bcdd47ae4/generated.json,reports,.json,1033
reports/content_packages/sig-test-001/runs/b24b9735-0eb4-4d00-9550-5e2bcdd47ae4/publication_results.json,reports,.json,1160
reports/content_packages/sig-test-001/runs/b2951293-a9a8-47cb-9101-777c477c4b66/business_strategy.json,reports,.json,17194
reports/content_packages/sig-test-001/runs/b2aed80b-31f0-418d-82cf-ebfe35f27c89/business_strategy.json,reports,.json,17194
reports/content_packages/sig-test-001/runs/b2aed80b-31f0-418d-82cf-ebfe35f27c89/editorial_acceptance.json,reports,.json,236
reports/content_packages/sig-test-001/runs/b2aed80b-31f0-418d-82cf-ebfe35f27c89/generated.json,reports,.json,1033
reports/content_packages/sig-test-001/runs/b2afc5e8-f460-46e0-9964-849b50236fde/assignment.json,reports,.json,849
reports/content_packages/sig-test-001/runs/b2afc5e8-f460-46e0-9964-849b50236fde/business_strategy.json,reports,.json,17194
reports/content_packages/sig-test-001/runs/b2afc5e8-f460-46e0-9964-849b50236fde/editorial_acceptance.json,reports,.json,289
reports/content_packages/sig-test-001/runs/b2afc5e8-f460-46e0-9964-849b50236fde/generated.json,reports,.json,1033
reports/content_packages/sig-test-001/runs/b2c5693d-6437-4bd7-bf7f-217daf94b350/assignment.json,reports,.json,849
reports/content_packages/sig-test-001/runs/b2c5693d-6437-4bd7-bf7f-217daf94b350/business_strategy.json,reports,.json,17194
reports/content_packages/sig-test-001/runs/b2c61886-bb13-49c9-a77a-af9b2b9afa98/assignment.json,reports,.json,849
reports/content_packages/sig-test-001/runs/b2c61886-bb13-49c9-a77a-af9b2b9afa98/business_strategy.json,reports,.json,17194
reports/content_packages/sig-test-001/runs/b2f1cc28-7c69-4821-ac15-5d7e16952529/business_strategy.json,reports,.json,17194
reports/content_packages/sig-test-001/runs/b2f1cc28-7c69-4821-ac15-5d7e16952529/generated.json,reports,.json,1228
reports/content_packages/sig-test-001/runs/b2fac889-d8a0-4b1e-8560-6ad325083ee6/assignment.json,reports,.json,849
reports/content_packages/sig-test-001/runs/b2fac889-d8a0-4b1e-8560-6ad325083ee6/business_strategy.json,reports,.json,17194
reports/content_packages/sig-test-001/runs/b2fac889-d8a0-4b1e-8560-6ad325083ee6/editorial_acceptance.json,reports,.json,289
reports/content_packages/sig-test-001/runs/b2fac889-d8a0-4b1e-8560-6ad325083ee6/generated.json,reports,.json,1033
reports/content_packages/sig-test-001/runs/b3345df0-a47c-4288-857a-2e78081cfbeb/business_strategy.json,reports,.json,17194
reports/content_packages/sig-test-001/runs/b3345df0-a47c-4288-857a-2e78081cfbeb/generated.json,reports,.json,1033
reports/content_packages/sig-test-001/runs/b343c4c8-92d2-4ab0-a3e6-b77f64e7e400/assignment.json,reports,.json,849
reports/content_packages/sig-test-001/runs/b343c4c8-92d2-4ab0-a3e6-b77f64e7e400/business_strategy.json,reports,.json,17194
reports/content_packages/sig-test-001/runs/b343c4c8-92d2-4ab0-a3e6-b77f64e7e400/editorial_acceptance.json,reports,.json,289
reports/content_packages/sig-test-001/runs/b343c4c8-92d2-4ab0-a3e6-b77f64e7e400/generated.json,reports,.json,1033
reports/content_packages/sig-test-001/runs/b34dd701-b9f7-451d-b9aa-1e6f15e9cddd/business_strategy.json,reports,.json,17194
reports/content_packages/sig-test-001/runs/b34dd701-b9f7-451d-b9aa-1e6f15e9cddd/generated.json,reports,.json,1228
reports/content_packages/sig-test-001/runs/b34dd701-b9f7-451d-b9aa-1e6f15e9cddd/publication_results.json,reports,.json,1079
reports/content_packages/sig-test-001/runs/b35c22af-0776-4e5d-9c58-363f46f52145/assignment.json,reports,.json,857
reports/content_packages/sig-test-001/runs/b35c22af-0776-4e5d-9c58-363f46f52145/business_strategy.json,reports,.json,17194
reports/content_packages/sig-test-001/runs/b35c22af-0776-4e5d-9c58-363f46f52145/editorial_acceptance.json,reports,.json,289
reports/content_packages/sig-test-001/runs/b35c22af-0776-4e5d-9c58-363f46f52145/generated.json,reports,.json,1033
reports/content_packages/sig-test-001/runs/b35c22af-0776-4e5d-9c58-363f46f52145/publication_results.json,reports,.json,1079
reports/content_packages/sig-test-001/runs/b3909262-b1ba-4111-a091-8d25faa88097/assignment.json,reports,.json,849
reports/content_packages/sig-test-001/runs/b3909262-b1ba-4111-a091-8d25faa88097/business_strategy.json,reports,.json,17194
reports/content_packages/sig-test-001/runs/b3909262-b1ba-4111-a091-8d25faa88097/editorial_acceptance.json,reports,.json,289
reports/content_packages/sig-test-001/runs/b3909262-b1ba-4111-a091-8d25faa88097/generated.json,reports,.json,1033
reports/content_packages/sig-test-001/runs/b3cdc862-3021-4fe9-85fb-5fd3982d3212/assignment.json,reports,.json,857
reports/content_packages/sig-test-001/runs/b3cdc862-3021-4fe9-85fb-5fd3982d3212/business_strategy.json,reports,.json,17194
reports/content_packages/sig-test-001/runs/b3cdc862-3021-4fe9-85fb-5fd3982d3212/editorial_acceptance.json,reports,.json,289
reports/content_packages/sig-test-001/runs/b3cdc862-3021-4fe9-85fb-5fd3982d3212/generated.json,reports,.json,1033
reports/content_packages/sig-test-001/runs/b3cdc862-3021-4fe9-85fb-5fd3982d3212/publication_results.json,reports,.json,1160
reports/content_packages/sig-test-001/runs/b48cfab6-554a-4326-8053-dd04128e7f36/generated.json,reports,.json,932
reports/content_packages/sig-test-001/runs/b48cfab6-554a-4326-8053-dd04128e7f36/publication_results.json,reports,.json,978
reports/content_packages/sig-test-001/runs/b4afb7b9-f9e9-45ce-bf25-dc8f19109f24/business_strategy.json,reports,.json,17194
reports/content_packages/sig-test-001/runs/b4afb7b9-f9e9-45ce-bf25-dc8f19109f24/generated.json,reports,.json,1033
reports/content_packages/sig-test-001/runs/b4dd8c97-4691-4d5b-932e-ceaba73da437/business_strategy.json,reports,.json,17194
reports/content_packages/sig-test-001/runs/b4dd8c97-4691-4d5b-932e-ceaba73da437/generated.json,reports,.json,1033
reports/content_packages/sig-test-001/runs/b4dd8c97-4691-4d5b-932e-ceaba73da437/publication_results.json,reports,.json,1079
reports/content_packages/sig-test-001/runs/b4edc488-0c4c-41a1-a2e9-42f3fefbf028/assignment.json,reports,.json,849
reports/content_packages/sig-test-001/runs/b4edc488-0c4c-41a1-a2e9-42f3fefbf028/business_strategy.json,reports,.json,17194
reports/content_packages/sig-test-001/runs/b4edc488-0c4c-41a1-a2e9-42f3fefbf028/editorial_acceptance.json,reports,.json,289
reports/content_packages/sig-test-001/runs/b4edc488-0c4c-41a1-a2e9-42f3fefbf028/generated.json,reports,.json,1033
reports/content_packages/sig-test-001/runs/b4f8979d-261a-47af-b111-a2743b0928de/assignment.json,reports,.json,849
reports/content_packages/sig-test-001/runs/b4f8979d-261a-47af-b111-a2743b0928de/business_strategy.json,reports,.json,17194
reports/content_packages/sig-test-001/runs/b5133e8e-ad9b-4f89-a78a-91e3d902d111/assignment.json,reports,.json,849
reports/content_packages/sig-test-001/runs/b5133e8e-ad9b-4f89-a78a-91e3d902d111/business_strategy.json,reports,.json,17194
reports/content_packages/sig-test-001/runs/b5133e8e-ad9b-4f89-a78a-91e3d902d111/editorial_acceptance.json,reports,.json,289
reports/content_packages/sig-test-001/runs/b5133e8e-ad9b-4f89-a78a-91e3d902d111/generated.json,reports,.json,1033
reports/content_packages/sig-test-001/runs/b5282e02-d59c-4b28-9c43-3ef28e2f81de/assignment.json,reports,.json,849
reports/content_packages/sig-test-001/runs/b5282e02-d59c-4b28-9c43-3ef28e2f81de/business_strategy.json,reports,.json,17194
reports/content_packages/sig-test-001/runs/b5282e02-d59c-4b28-9c43-3ef28e2f81de/editorial_acceptance.json,reports,.json,289
reports/content_packages/sig-test-001/runs/b5282e02-d59c-4b28-9c43-3ef28e2f81de/generated.json,reports,.json,1033
reports/content_packages/sig-test-001/runs/b5338f3b-0d65-48c5-acac-2a0230d897c0/business_strategy.json,reports,.json,17194
reports/content_packages/sig-test-001/runs/b56da14d-279c-4e22-ad5b-0ca13af4a546/business_strategy.json,reports,.json,17194
reports/content_packages/sig-test-001/runs/b56da14d-279c-4e22-ad5b-0ca13af4a546/generated.json,reports,.json,1033
reports/content_packages/sig-test-001/runs/b59217bc-48b6-4c78-828b-c164a7d7ab96/assignment.json,reports,.json,857
reports/content_packages/sig-test-001/runs/b59217bc-48b6-4c78-828b-c164a7d7ab96/business_strategy.json,reports,.json,17194
reports/content_packages/sig-test-001/runs/b5b023ed-619f-43f3-ae97-1ab0dbb0474b/business_strategy.json,reports,.json,17194
reports/content_packages/sig-test-001/runs/b5f5b20e-0b12-4ebc-ace9-5dee7854db38/assignment.json,reports,.json,849
reports/content_packages/sig-test-001/runs/b5f5b20e-0b12-4ebc-ace9-5dee7854db38/business_strategy.json,reports,.json,17194
reports/content_packages/sig-test-001/runs/b5f5b20e-0b12-4ebc-ace9-5dee7854db38/editorial_acceptance.json,reports,.json,289
reports/content_packages/sig-test-001/runs/b5f5b20e-0b12-4ebc-ace9-5dee7854db38/generated.json,reports,.json,1033
reports/content_packages/sig-test-001/runs/b60794d9-9759-4bbd-818b-129750a23f1b/assignment.json,reports,.json,857
reports/content_packages/sig-test-001/runs/b60794d9-9759-4bbd-818b-129750a23f1b/business_strategy.json,reports,.json,17194
reports/content_packages/sig-test-001/runs/b60794d9-9759-4bbd-818b-129750a23f1b/editorial_acceptance.json,reports,.json,289
reports/content_packages/sig-test-001/runs/b60794d9-9759-4bbd-818b-129750a23f1b/generated.json,reports,.json,1033
reports/content_packages/sig-test-001/runs/b60794d9-9759-4bbd-818b-129750a23f1b/publication_results.json,reports,.json,1079
reports/content_packages/sig-test-001/runs/b6223fde-b851-425c-93db-ef0b6ce1b81b/business_strategy.json,reports,.json,17194
reports/content_packages/sig-test-001/runs/b659433a-72a0-40eb-b8c6-968a0ff08fd4/assignment.json,reports,.json,849
reports/content_packages/sig-test-001/runs/b659433a-72a0-40eb-b8c6-968a0ff08fd4/business_strategy.json,reports,.json,17194
reports/content_packages/sig-test-001/runs/b659433a-72a0-40eb-b8c6-968a0ff08fd4/editorial_acceptance.json,reports,.json,289
reports/content_packages/sig-test-001/runs/b659433a-72a0-40eb-b8c6-968a0ff08fd4/generated.json,reports,.json,1033
reports/content_packages/sig-test-001/runs/b66b5b21-8a9b-4f32-9c13-b289f1a8a969/assignment.json,reports,.json,857
reports/content_packages/sig-test-001/runs/b66b5b21-8a9b-4f32-9c13-b289f1a8a969/business_strategy.json,reports,.json,17194
reports/content_packages/sig-test-001/runs/b66b5b21-8a9b-4f32-9c13-b289f1a8a969/editorial_acceptance.json,reports,.json,289
reports/content_packages/sig-test-001/runs/b66b5b21-8a9b-4f32-9c13-b289f1a8a969/generated.json,reports,.json,1033
reports/content_packages/sig-test-001/runs/b66b5b21-8a9b-4f32-9c13-b289f1a8a969/publication_results.json,reports,.json,1079
reports/content_packages/sig-test-001/runs/b6e9cbcf-6f37-4215-b4d4-cd4c1168e02a/business_strategy.json,reports,.json,17194
reports/content_packages/sig-test-001/runs/b6fce82f-d6f0-4efa-9dbd-876fe0a1515a/business_strategy.json,reports,.json,17194
reports/content_packages/sig-test-001/runs/b6fce82f-d6f0-4efa-9dbd-876fe0a1515a/generated.json,reports,.json,1033
reports/content_packages/sig-test-001/runs/b6fce82f-d6f0-4efa-9dbd-876fe0a1515a/publication_results.json,reports,.json,1079
reports/content_packages/sig-test-001/runs/b74b5489-e469-4755-beae-9dbed538a25c/assignment.json,reports,.json,849
reports/content_packages/sig-test-001/runs/b74b5489-e469-4755-beae-9dbed538a25c/business_strategy.json,reports,.json,17194
reports/content_packages/sig-test-001/runs/b74cf850-69a1-4781-baa6-df3806a4b517/assignment.json,reports,.json,849
reports/content_packages/sig-test-001/runs/b74cf850-69a1-4781-baa6-df3806a4b517/business_strategy.json,reports,.json,17194
reports/content_packages/sig-test-001/runs/b74cf850-69a1-4781-baa6-df3806a4b517/editorial_acceptance.json,reports,.json,289
reports/content_packages/sig-test-001/runs/b74cf850-69a1-4781-baa6-df3806a4b517/generated.json,reports,.json,1033
reports/content_packages/sig-test-001/runs/b75088f3-9501-4bbc-ba76-d869034d8f6e/business_strategy.json,reports,.json,17194
reports/content_packages/sig-test-001/runs/b7e41b5d-3753-4858-b468-fb5a42aafd99/generated.json,reports,.json,798
reports/content_packages/sig-test-001/runs/b7e839c5-39ef-49fd-a848-da33393fbccf/assignment.json,reports,.json,849
reports/content_packages/sig-test-001/runs/b7e839c5-39ef-49fd-a848-da33393fbccf/business_strategy.json,reports,.json,17194
reports/content_packages/sig-test-001/runs/b7e839c5-39ef-49fd-a848-da33393fbccf/editorial_acceptance.json,reports,.json,289
reports/content_packages/sig-test-001/runs/b7e839c5-39ef-49fd-a848-da33393fbccf/generated.json,reports,.json,1033
reports/content_packages/sig-test-001/runs/b83dc7af-b706-48a4-b401-1e7f39c0d46e/assignment.json,reports,.json,857
reports/content_packages/sig-test-001/runs/b83dc7af-b706-48a4-b401-1e7f39c0d46e/business_strategy.json,reports,.json,17194
reports/content_packages/sig-test-001/runs/b83dc7af-b706-48a4-b401-1e7f39c0d46e/editorial_acceptance.json,reports,.json,289
reports/content_packages/sig-test-001/runs/b83dc7af-b706-48a4-b401-1e7f39c0d46e/generated.json,reports,.json,1033
reports/content_packages/sig-test-001/runs/b83dc7af-b706-48a4-b401-1e7f39c0d46e/publication_results.json,reports,.json,1079
reports/content_packages/sig-test-001/runs/b84dfd88-26ae-4ccc-a491-ccab82f4206d/assignment.json,reports,.json,849
reports/content_packages/sig-test-001/runs/b84dfd88-26ae-4ccc-a491-ccab82f4206d/business_strategy.json,reports,.json,17194
reports/content_packages/sig-test-001/runs/b84dfd88-26ae-4ccc-a491-ccab82f4206d/editorial_acceptance.json,reports,.json,289
reports/content_packages/sig-test-001/runs/b84dfd88-26ae-4ccc-a491-ccab82f4206d/generated.json,reports,.json,1033
reports/content_packages/sig-test-001/runs/b8e680a3-06d5-49f8-8fc1-d100b08f47e6/assignment.json,reports,.json,857
reports/content_packages/sig-test-001/runs/b8e680a3-06d5-49f8-8fc1-d100b08f47e6/business_strategy.json,reports,.json,17194
reports/content_packages/sig-test-001/runs/b8e680a3-06d5-49f8-8fc1-d100b08f47e6/editorial_acceptance.json,reports,.json,289
reports/content_packages/sig-test-001/runs/b8e680a3-06d5-49f8-8fc1-d100b08f47e6/generated.json,reports,.json,1033
reports/content_packages/sig-test-001/runs/b8e680a3-06d5-49f8-8fc1-d100b08f47e6/publication_results.json,reports,.json,1160
reports/content_packages/sig-test-001/runs/b9231b7e-07d1-43d9-b2f5-e81f65089ef9/assignment.json,reports,.json,857
reports/content_packages/sig-test-001/runs/b9231b7e-07d1-43d9-b2f5-e81f65089ef9/business_strategy.json,reports,.json,17194
reports/content_packages/sig-test-001/runs/b9424120-993c-49e0-a98e-4d94ddbb39eb/business_strategy.json,reports,.json,17194
reports/content_packages/sig-test-001/runs/b9424120-993c-49e0-a98e-4d94ddbb39eb/editorial_acceptance.json,reports,.json,236
reports/content_packages/sig-test-001/runs/b9424120-993c-49e0-a98e-4d94ddbb39eb/generated.json,reports,.json,1033
reports/content_packages/sig-test-001/runs/b976412a-e6eb-4f94-830c-560b12fea16b/business_strategy.json,reports,.json,17194
reports/content_packages/sig-test-001/runs/b976412a-e6eb-4f94-830c-560b12fea16b/editorial_acceptance.json,reports,.json,236
reports/content_packages/sig-test-001/runs/b976412a-e6eb-4f94-830c-560b12fea16b/generated.json,reports,.json,1033
reports/content_packages/sig-test-001/runs/b99c9eaf-de1d-45d1-a852-601e54441b06/assignment.json,reports,.json,849
reports/content_packages/sig-test-001/runs/b99c9eaf-de1d-45d1-a852-601e54441b06/business_strategy.json,reports,.json,17194
reports/content_packages/sig-test-001/runs/b99c9eaf-de1d-45d1-a852-601e54441b06/editorial_acceptance.json,reports,.json,289
reports/content_packages/sig-test-001/runs/b99c9eaf-de1d-45d1-a852-601e54441b06/generated.json,reports,.json,1033
reports/content_packages/sig-test-001/runs/b9c0afe9-cf42-4768-a63d-b652dde2b917/assignment.json,reports,.json,857
reports/content_packages/sig-test-001/runs/b9c0afe9-cf42-4768-a63d-b652dde2b917/business_strategy.json,reports,.json,17194
reports/content_packages/sig-test-001/runs/b9cd69bd-2faf-4f9e-8351-bafbdf5ffa18/business_strategy.json,reports,.json,17194
reports/content_packages/sig-test-001/runs/b9cd69bd-2faf-4f9e-8351-bafbdf5ffa18/generated.json,reports,.json,1033
reports/content_packages/sig-test-001/runs/b9cd69bd-2faf-4f9e-8351-bafbdf5ffa18/publication_results.json,reports,.json,1079
reports/content_packages/sig-test-001/runs/b9cfcb5b-39f0-4962-a630-894870f91063/business_strategy.json,reports,.json,17194
reports/content_packages/sig-test-001/runs/b9cfcb5b-39f0-4962-a630-894870f91063/generated.json,reports,.json,1228
reports/content_packages/sig-test-001/runs/b9cfcb5b-39f0-4962-a630-894870f91063/publication_results.json,reports,.json,1079
reports/content_packages/sig-test-001/runs/b9d9b38e-c8d8-4594-a5a3-eca96f8cbac9/business_strategy.json,reports,.json,17194
reports/content_packages/sig-test-001/runs/b9d9b38e-c8d8-4594-a5a3-eca96f8cbac9/editorial_acceptance.json,reports,.json,236
reports/content_packages/sig-test-001/runs/b9d9b38e-c8d8-4594-a5a3-eca96f8cbac9/generated.json,reports,.json,1033
reports/content_packages/sig-test-001/runs/b9d9b38e-c8d8-4594-a5a3-eca96f8cbac9/publication_results.json,reports,.json,1079
reports/content_packages/sig-test-001/runs/b9e19e31-0c95-4733-9e13-16baa8cde393/business_strategy.json,reports,.json,17194
reports/content_packages/sig-test-001/runs/b9f2b44c-3885-4508-b1ee-43135c2c14a9/business_strategy.json,reports,.json,17194
reports/content_packages/sig-test-001/runs/ba2d56bf-902e-4145-a461-ff5f26a86ca4/assignment.json,reports,.json,849
reports/content_packages/sig-test-001/runs/ba2d56bf-902e-4145-a461-ff5f26a86ca4/business_strategy.json,reports,.json,17194
reports/content_packages/sig-test-001/runs/ba2d56bf-902e-4145-a461-ff5f26a86ca4/editorial_acceptance.json,reports,.json,289
reports/content_packages/sig-test-001/runs/ba2d56bf-902e-4145-a461-ff5f26a86ca4/generated.json,reports,.json,1033
reports/content_packages/sig-test-001/runs/ba4ebe93-97ac-4840-9825-5e258b5d8a38/generated.json,reports,.json,798
reports/content_packages/sig-test-001/runs/ba6278fb-ed80-4a3f-b3a5-4c05644b0dcb/assignment.json,reports,.json,849
reports/content_packages/sig-test-001/runs/ba6278fb-ed80-4a3f-b3a5-4c05644b0dcb/business_strategy.json,reports,.json,17194
reports/content_packages/sig-test-001/runs/ba6278fb-ed80-4a3f-b3a5-4c05644b0dcb/editorial_acceptance.json,reports,.json,289
reports/content_packages/sig-test-001/runs/ba6278fb-ed80-4a3f-b3a5-4c05644b0dcb/generated.json,reports,.json,1033
reports/content_packages/sig-test-001/runs/bac3545b-3fa3-4667-8b41-c9576c35e0db/assignment.json,reports,.json,849
reports/content_packages/sig-test-001/runs/bac3545b-3fa3-4667-8b41-c9576c35e0db/business_strategy.json,reports,.json,17194
reports/content_packages/sig-test-001/runs/bac3545b-3fa3-4667-8b41-c9576c35e0db/editorial_acceptance.json,reports,.json,289
reports/content_packages/sig-test-001/runs/bac3545b-3fa3-4667-8b41-c9576c35e0db/generated.json,reports,.json,1033
reports/content_packages/sig-test-001/runs/bb1a4453-9967-45aa-8bc5-b39c4d432489/assignment.json,reports,.json,849
reports/content_packages/sig-test-001/runs/bb1a4453-9967-45aa-8bc5-b39c4d432489/business_strategy.json,reports,.json,17194
reports/content_packages/sig-test-001/runs/bb1a4453-9967-45aa-8bc5-b39c4d432489/editorial_acceptance.json,reports,.json,289
reports/content_packages/sig-test-001/runs/bb1a4453-9967-45aa-8bc5-b39c4d432489/generated.json,reports,.json,1033
reports/content_packages/sig-test-001/runs/bb1f40ce-25f8-4fdf-892e-c1133cafdfc6/assignment.json,reports,.json,849
reports/content_packages/sig-test-001/runs/bb1f40ce-25f8-4fdf-892e-c1133cafdfc6/business_strategy.json,reports,.json,17194
reports/content_packages/sig-test-001/runs/bb1f40ce-25f8-4fdf-892e-c1133cafdfc6/run_report.json,reports,.json,887
reports/content_packages/sig-test-001/runs/bb28aad1-79a7-40bd-a27e-1e118fe80f49/business_strategy.json,reports,.json,17194
reports/content_packages/sig-test-001/runs/bb3d68ec-f112-48bc-8b23-08d8445804bb/generated.json,reports,.json,932
reports/content_packages/sig-test-001/runs/bb43ac25-37fc-4175-8392-f238e5d3c6db/business_strategy.json,reports,.json,17194
reports/content_packages/sig-test-001/runs/bb43ac25-37fc-4175-8392-f238e5d3c6db/editorial_acceptance.json,reports,.json,236
reports/content_packages/sig-test-001/runs/bb43ac25-37fc-4175-8392-f238e5d3c6db/generated.json,reports,.json,1033
reports/content_packages/sig-test-001/runs/bb43ac25-37fc-4175-8392-f238e5d3c6db/publication_results.json,reports,.json,1079
reports/content_packages/sig-test-001/runs/bb52cc47-e296-4896-b452-aad6c478ee16/business_strategy.json,reports,.json,17194
reports/content_packages/sig-test-001/runs/bb7551a5-9356-4aef-92f9-852dc4412630/business_strategy.json,reports,.json,17194
reports/content_packages/sig-test-001/runs/bb9dab6d-16ce-41d7-ae56-53c201356731/generated.json,reports,.json,798
reports/content_packages/sig-test-001/runs/bb9dab6d-16ce-41d7-ae56-53c201356731/publication_results.json,reports,.json,844
reports/content_packages/sig-test-001/runs/bbc8f43c-2dd9-448c-85cd-f7a0b1ddcf6a/assignment.json,reports,.json,857
reports/content_packages/sig-test-001/runs/bbc8f43c-2dd9-448c-85cd-f7a0b1ddcf6a/business_strategy.json,reports,.json,17194
reports/content_packages/sig-test-001/runs/bbc8f43c-2dd9-448c-85cd-f7a0b1ddcf6a/editorial_acceptance.json,reports,.json,289
reports/content_packages/sig-test-001/runs/bbc8f43c-2dd9-448c-85cd-f7a0b1ddcf6a/generated.json,reports,.json,1033
reports/content_packages/sig-test-001/runs/bbc8f43c-2dd9-448c-85cd-f7a0b1ddcf6a/publication_results.json,reports,.json,1160
reports/content_packages/sig-test-001/runs/bbcb6119-628c-46c4-9d41-1c94beab7a44/business_strategy.json,reports,.json,17194
reports/content_packages/sig-test-001/runs/bbcb6119-628c-46c4-9d41-1c94beab7a44/generated.json,reports,.json,1033
reports/content_packages/sig-test-001/runs/bc628ce3-666a-402b-951f-59f1c6cdc2bf/assignment.json,reports,.json,849
reports/content_packages/sig-test-001/runs/bc628ce3-666a-402b-951f-59f1c6cdc2bf/business_strategy.json,reports,.json,17194
reports/content_packages/sig-test-001/runs/bc97918d-dd89-445d-9cea-7dcdd745d208/business_strategy.json,reports,.json,17194
reports/content_packages/sig-test-001/runs/bc97918d-dd89-445d-9cea-7dcdd745d208/generated.json,reports,.json,1033
reports/content_packages/sig-test-001/runs/bc9c8f31-dbe4-4ea8-bed2-6421ba0a0308/assignment.json,reports,.json,857
reports/content_packages/sig-test-001/runs/bc9c8f31-dbe4-4ea8-bed2-6421ba0a0308/business_strategy.json,reports,.json,17194
reports/content_packages/sig-test-001/runs/bc9c8f31-dbe4-4ea8-bed2-6421ba0a0308/editorial_acceptance.json,reports,.json,289
reports/content_packages/sig-test-001/runs/bc9c8f31-dbe4-4ea8-bed2-6421ba0a0308/generated.json,reports,.json,1033
reports/content_packages/sig-test-001/runs/bc9c8f31-dbe4-4ea8-bed2-6421ba0a0308/publication_results.json,reports,.json,1160
reports/content_packages/sig-test-001/runs/bca3b553-ba25-4143-a032-1fcc0a13506c/business_strategy.json,reports,.json,17194
reports/content_packages/sig-test-001/runs/bca3b553-ba25-4143-a032-1fcc0a13506c/generated.json,reports,.json,1033
reports/content_packages/sig-test-001/runs/bca5c39f-9e9b-404e-87d4-00442f26388c/generated.json,reports,.json,798
reports/content_packages/sig-test-001/runs/bcbb5d38-012b-4063-9e67-2fc0de29027b/business_strategy.json,reports,.json,17194
reports/content_packages/sig-test-001/runs/bcbb5d38-012b-4063-9e67-2fc0de29027b/generated.json,reports,.json,1033
reports/content_packages/sig-test-001/runs/bccd8145-5815-4b60-9b2a-faac41a37947/assignment.json,reports,.json,849
reports/content_packages/sig-test-001/runs/bccd8145-5815-4b60-9b2a-faac41a37947/business_strategy.json,reports,.json,17194
reports/content_packages/sig-test-001/runs/bccd8145-5815-4b60-9b2a-faac41a37947/editorial_acceptance.json,reports,.json,289
reports/content_packages/sig-test-001/runs/bccd8145-5815-4b60-9b2a-faac41a37947/generated.json,reports,.json,1033
reports/content_packages/sig-test-001/runs/bd29bc48-776c-4027-9cc9-1edeb2f40c88/business_strategy.json,reports,.json,17194
reports/content_packages/sig-test-001/runs/bd34381c-b287-4ab6-b1ef-f83ebfc00692/assignment.json,reports,.json,857
reports/content_packages/sig-test-001/runs/bd34381c-b287-4ab6-b1ef-f83ebfc00692/business_strategy.json,reports,.json,17194
reports/content_packages/sig-test-001/runs/bd34381c-b287-4ab6-b1ef-f83ebfc00692/editorial_acceptance.json,reports,.json,289
reports/content_packages/sig-test-001/runs/bd34381c-b287-4ab6-b1ef-f83ebfc00692/generated.json,reports,.json,1033
reports/content_packages/sig-test-001/runs/bd34381c-b287-4ab6-b1ef-f83ebfc00692/publication_results.json,reports,.json,1079
reports/content_packages/sig-test-001/runs/bd4de660-329f-4c04-a83f-c46746a8d39b/business_strategy.json,reports,.json,17194
reports/content_packages/sig-test-001/runs/bd4de660-329f-4c04-a83f-c46746a8d39b/editorial_acceptance.json,reports,.json,236
reports/content_packages/sig-test-001/runs/bd4de660-329f-4c04-a83f-c46746a8d39b/generated.json,reports,.json,1033
reports/content_packages/sig-test-001/runs/bd587f67-942e-4321-ab0b-e94c6183db02/business_strategy.json,reports,.json,17194
reports/content_packages/sig-test-001/runs/bd587f67-942e-4321-ab0b-e94c6183db02/generated.json,reports,.json,1228
reports/content_packages/sig-test-001/runs/bd5f291e-f4c2-420f-af9e-3c637580514a/business_strategy.json,reports,.json,17194
reports/content_packages/sig-test-001/runs/bd5f291e-f4c2-420f-af9e-3c637580514a/editorial_acceptance.json,reports,.json,236
reports/content_packages/sig-test-001/runs/bd5f291e-f4c2-420f-af9e-3c637580514a/generated.json,reports,.json,1033
reports/content_packages/sig-test-001/runs/bd5f291e-f4c2-420f-af9e-3c637580514a/publication_results.json,reports,.json,1079
reports/content_packages/sig-test-001/runs/bd74ecc4-d9ee-47f4-a321-cc9e61ddfa0c/assignment.json,reports,.json,849
reports/content_packages/sig-test-001/runs/bd74ecc4-d9ee-47f4-a321-cc9e61ddfa0c/business_strategy.json,reports,.json,17194
reports/content_packages/sig-test-001/runs/bd74ecc4-d9ee-47f4-a321-cc9e61ddfa0c/run_report.json,reports,.json,887
reports/content_packages/sig-test-001/runs/bdb39814-550c-4346-901b-723f8b0d3c3a/assignment.json,reports,.json,857
reports/content_packages/sig-test-001/runs/bdb39814-550c-4346-901b-723f8b0d3c3a/business_strategy.json,reports,.json,17194
reports/content_packages/sig-test-001/runs/bdb39814-550c-4346-901b-723f8b0d3c3a/editorial_acceptance.json,reports,.json,289
reports/content_packages/sig-test-001/runs/bdb39814-550c-4346-901b-723f8b0d3c3a/generated.json,reports,.json,1033
reports/content_packages/sig-test-001/runs/bdb39814-550c-4346-901b-723f8b0d3c3a/publication_results.json,reports,.json,1079
reports/content_packages/sig-test-001/runs/be328360-636f-40d5-9dee-625f23e71a6d/assignment.json,reports,.json,849
reports/content_packages/sig-test-001/runs/be328360-636f-40d5-9dee-625f23e71a6d/business_strategy.json,reports,.json,17194
reports/content_packages/sig-test-001/runs/be328360-636f-40d5-9dee-625f23e71a6d/editorial_acceptance.json,reports,.json,289
reports/content_packages/sig-test-001/runs/be328360-636f-40d5-9dee-625f23e71a6d/generated.json,reports,.json,1033
reports/content_packages/sig-test-001/runs/be33e062-d2b1-4b70-8e81-7142b2584751/business_strategy.json,reports,.json,17194
reports/content_packages/sig-test-001/runs/be33e062-d2b1-4b70-8e81-7142b2584751/generated.json,reports,.json,1033
reports/content_packages/sig-test-001/runs/be39c08d-c56b-4518-b077-2aa96f7484c2/assignment.json,reports,.json,857
reports/content_packages/sig-test-001/runs/be39c08d-c56b-4518-b077-2aa96f7484c2/business_strategy.json,reports,.json,17194
reports/content_packages/sig-test-001/runs/be5f3406-c3af-404f-8487-96239f20306a/assignment.json,reports,.json,857
reports/content_packages/sig-test-001/runs/be5f3406-c3af-404f-8487-96239f20306a/business_strategy.json,reports,.json,17194
reports/content_packages/sig-test-001/runs/be5f3406-c3af-404f-8487-96239f20306a/editorial_acceptance.json,reports,.json,289
reports/content_packages/sig-test-001/runs/be5f3406-c3af-404f-8487-96239f20306a/generated.json,reports,.json,1033
reports/content_packages/sig-test-001/runs/be5f3406-c3af-404f-8487-96239f20306a/publication_results.json,reports,.json,1160
reports/content_packages/sig-test-001/runs/be846d73-8f86-45a2-9055-b7225abf31bd/assignment.json,reports,.json,849
reports/content_packages/sig-test-001/runs/be846d73-8f86-45a2-9055-b7225abf31bd/business_strategy.json,reports,.json,17194
reports/content_packages/sig-test-001/runs/bf2f54b4-f232-4413-af3a-4652b9194307/assignment.json,reports,.json,857
reports/content_packages/sig-test-001/runs/bf2f54b4-f232-4413-af3a-4652b9194307/business_strategy.json,reports,.json,17194
reports/content_packages/sig-test-001/runs/bf2f54b4-f232-4413-af3a-4652b9194307/editorial_acceptance.json,reports,.json,289
reports/content_packages/sig-test-001/runs/bf2f54b4-f232-4413-af3a-4652b9194307/generated.json,reports,.json,1033
reports/content_packages/sig-test-001/runs/bf2f54b4-f232-4413-af3a-4652b9194307/publication_results.json,reports,.json,1160
reports/content_packages/sig-test-001/runs/bf4f4001-07eb-4b28-bab0-9b4c89bad0dc/business_strategy.json,reports,.json,17194
reports/content_packages/sig-test-001/runs/bf4f4001-07eb-4b28-bab0-9b4c89bad0dc/editorial_acceptance.json,reports,.json,236
reports/content_packages/sig-test-001/runs/bf4f4001-07eb-4b28-bab0-9b4c89bad0dc/generated.json,reports,.json,1033
reports/content_packages/sig-test-001/runs/bf82e6d5-b2ed-4d26-abea-ea1eb77c4526/assignment.json,reports,.json,849
reports/content_packages/sig-test-001/runs/bf82e6d5-b2ed-4d26-abea-ea1eb77c4526/business_strategy.json,reports,.json,17194
reports/content_packages/sig-test-001/runs/bf82e6d5-b2ed-4d26-abea-ea1eb77c4526/editorial_acceptance.json,reports,.json,289
reports/content_packages/sig-test-001/runs/bf82e6d5-b2ed-4d26-abea-ea1eb77c4526/generated.json,reports,.json,1033
reports/content_packages/sig-test-001/runs/bf9e3a32-021d-4978-a4ff-aa0971b06080/business_strategy.json,reports,.json,17194
reports/content_packages/sig-test-001/runs/bf9e3a32-021d-4978-a4ff-aa0971b06080/generated.json,reports,.json,1033
reports/content_packages/sig-test-001/runs/bff2ffa1-39a1-46b3-9a07-81a0fd054c4b/business_strategy.json,reports,.json,17194
reports/content_packages/sig-test-001/runs/bff2ffa1-39a1-46b3-9a07-81a0fd054c4b/generated.json,reports,.json,1033
reports/content_packages/sig-test-001/runs/c02a97c4-5745-4018-a22a-9f6f51e9dad6/assignment.json,reports,.json,849
reports/content_packages/sig-test-001/runs/c02a97c4-5745-4018-a22a-9f6f51e9dad6/business_strategy.json,reports,.json,17194
reports/content_packages/sig-test-001/runs/c02a97c4-5745-4018-a22a-9f6f51e9dad6/editorial_acceptance.json,reports,.json,289
reports/content_packages/sig-test-001/runs/c02a97c4-5745-4018-a22a-9f6f51e9dad6/generated.json,reports,.json,1033
reports/content_packages/sig-test-001/runs/c0860bf5-a380-4f32-a48a-adbe6afa27f3/assignment.json,reports,.json,849
reports/content_packages/sig-test-001/runs/c0860bf5-a380-4f32-a48a-adbe6afa27f3/business_strategy.json,reports,.json,17194
reports/content_packages/sig-test-001/runs/c0a93467-8f62-4756-a783-b76b080f8c80/business_strategy.json,reports,.json,17194
reports/content_packages/sig-test-001/runs/c0a93467-8f62-4756-a783-b76b080f8c80/generated.json,reports,.json,1033
reports/content_packages/sig-test-001/runs/c0dadc40-5c08-431f-8fcc-be6cca5ea36b/business_strategy.json,reports,.json,17194
reports/content_packages/sig-test-001/runs/c10a80f1-e0b1-4167-a410-4bbcf4cad91f/business_strategy.json,reports,.json,17194
reports/content_packages/sig-test-001/runs/c10a80f1-e0b1-4167-a410-4bbcf4cad91f/generated.json,reports,.json,1033
reports/content_packages/sig-test-001/runs/c10a80f1-e0b1-4167-a410-4bbcf4cad91f/publication_results.json,reports,.json,1079
reports/content_packages/sig-test-001/runs/c13d481e-f495-4c7d-b9ec-86b4cccc3265/assignment.json,reports,.json,849
reports/content_packages/sig-test-001/runs/c13d481e-f495-4c7d-b9ec-86b4cccc3265/business_strategy.json,reports,.json,17194
reports/content_packages/sig-test-001/runs/c13d481e-f495-4c7d-b9ec-86b4cccc3265/editorial_acceptance.json,reports,.json,289
reports/content_packages/sig-test-001/runs/c13d481e-f495-4c7d-b9ec-86b4cccc3265/generated.json,reports,.json,1033
reports/content_packages/sig-test-001/runs/c1494c9d-3c1c-497a-92dc-0562fe39e4ac/assignment.json,reports,.json,849
reports/content_packages/sig-test-001/runs/c1494c9d-3c1c-497a-92dc-0562fe39e4ac/business_strategy.json,reports,.json,17194
reports/content_packages/sig-test-001/runs/c1494c9d-3c1c-497a-92dc-0562fe39e4ac/editorial_acceptance.json,reports,.json,289
reports/content_packages/sig-test-001/runs/c1494c9d-3c1c-497a-92dc-0562fe39e4ac/generated.json,reports,.json,1033
reports/content_packages/sig-test-001/runs/c14e3f73-38d7-443e-aa56-197e329e776d/assignment.json,reports,.json,849
reports/content_packages/sig-test-001/runs/c14e3f73-38d7-443e-aa56-197e329e776d/business_strategy.json,reports,.json,17194
reports/content_packages/sig-test-001/runs/c14e3f73-38d7-443e-aa56-197e329e776d/editorial_acceptance.json,reports,.json,289
reports/content_packages/sig-test-001/runs/c14e3f73-38d7-443e-aa56-197e329e776d/generated.json,reports,.json,1033
reports/content_packages/sig-test-001/runs/c173bd2a-851a-4610-89f5-953caeaca9c1/assignment.json,reports,.json,849
reports/content_packages/sig-test-001/runs/c173bd2a-851a-4610-89f5-953caeaca9c1/business_strategy.json,reports,.json,17194
reports/content_packages/sig-test-001/runs/c173bd2a-851a-4610-89f5-953caeaca9c1/editorial_acceptance.json,reports,.json,289
reports/content_packages/sig-test-001/runs/c173bd2a-851a-4610-89f5-953caeaca9c1/generated.json,reports,.json,1033
reports/content_packages/sig-test-001/runs/c1aa55fe-3c1c-48ee-bc50-9351d7daca1e/business_strategy.json,reports,.json,17194
reports/content_packages/sig-test-001/runs/c1e586e9-badf-43a8-b631-043ac377065d/business_strategy.json,reports,.json,17194
reports/content_packages/sig-test-001/runs/c1e586e9-badf-43a8-b631-043ac377065d/generated.json,reports,.json,1033
reports/content_packages/sig-test-001/runs/c211aa02-60fc-4f5c-b477-49c05aefabdb/business_strategy.json,reports,.json,17194
reports/content_packages/sig-test-001/runs/c211aa02-60fc-4f5c-b477-49c05aefabdb/generated.json,reports,.json,1033
reports/content_packages/sig-test-001/runs/c27007dc-6aaa-4299-8af4-d56b40958667/assignment.json,reports,.json,849
reports/content_packages/sig-test-001/runs/c27007dc-6aaa-4299-8af4-d56b40958667/business_strategy.json,reports,.json,17194
reports/content_packages/sig-test-001/runs/c27007dc-6aaa-4299-8af4-d56b40958667/editorial_acceptance.json,reports,.json,289
reports/content_packages/sig-test-001/runs/c27007dc-6aaa-4299-8af4-d56b40958667/generated.json,reports,.json,1033
reports/content_packages/sig-test-001/runs/c28d89c2-5969-4a2e-b5d1-2c158bc17350/business_strategy.json,reports,.json,17194
reports/content_packages/sig-test-001/runs/c28d89c2-5969-4a2e-b5d1-2c158bc17350/generated.json,reports,.json,1033
reports/content_packages/sig-test-001/runs/c2a2aac3-b4bf-4696-afa1-661de8367cfe/assignment.json,reports,.json,849
reports/content_packages/sig-test-001/runs/c2a2aac3-b4bf-4696-afa1-661de8367cfe/business_strategy.json,reports,.json,17194
reports/content_packages/sig-test-001/runs/c2a2aac3-b4bf-4696-afa1-661de8367cfe/editorial_acceptance.json,reports,.json,289
reports/content_packages/sig-test-001/runs/c2a2aac3-b4bf-4696-afa1-661de8367cfe/generated.json,reports,.json,1033
reports/content_packages/sig-test-001/runs/c2bc85c3-bff5-4e53-858e-e276f19c1be2/business_strategy.json,reports,.json,17194
reports/content_packages/sig-test-001/runs/c2bc85c3-bff5-4e53-858e-e276f19c1be2/generated.json,reports,.json,1033
reports/content_packages/sig-test-001/runs/c2d68049-9a35-46d6-aabc-1ec3f89bf492/assignment.json,reports,.json,857
reports/content_packages/sig-test-001/runs/c2d68049-9a35-46d6-aabc-1ec3f89bf492/business_strategy.json,reports,.json,17194
reports/content_packages/sig-test-001/runs/c2d68049-9a35-46d6-aabc-1ec3f89bf492/editorial_acceptance.json,reports,.json,289
reports/content_packages/sig-test-001/runs/c2d68049-9a35-46d6-aabc-1ec3f89bf492/generated.json,reports,.json,1033
reports/content_packages/sig-test-001/runs/c2d68049-9a35-46d6-aabc-1ec3f89bf492/publication_results.json,reports,.json,1160
reports/content_packages/sig-test-001/runs/c327a1e2-7dd7-4cdc-8b0c-5f52a875dca2/assignment.json,reports,.json,849
reports/content_packages/sig-test-001/runs/c327a1e2-7dd7-4cdc-8b0c-5f52a875dca2/business_strategy.json,reports,.json,17194
reports/content_packages/sig-test-001/runs/c327a1e2-7dd7-4cdc-8b0c-5f52a875dca2/editorial_acceptance.json,reports,.json,289
reports/content_packages/sig-test-001/runs/c327a1e2-7dd7-4cdc-8b0c-5f52a875dca2/generated.json,reports,.json,1033
reports/content_packages/sig-test-001/runs/c32cf611-13af-4bad-8b26-30e270fa4d34/business_strategy.json,reports,.json,17194
reports/content_packages/sig-test-001/runs/c32cf611-13af-4bad-8b26-30e270fa4d34/editorial_acceptance.json,reports,.json,236
reports/content_packages/sig-test-001/runs/c32cf611-13af-4bad-8b26-30e270fa4d34/generated.json,reports,.json,1033
reports/content_packages/sig-test-001/runs/c32cf611-13af-4bad-8b26-30e270fa4d34/publication_results.json,reports,.json,1079
reports/content_packages/sig-test-001/runs/c342d3f3-53ae-4717-9c52-dc12354fcc86/generated.json,reports,.json,798
reports/content_packages/sig-test-001/runs/c3b3a0a2-79ac-4097-bd58-6067cef16975/business_strategy.json,reports,.json,17194
reports/content_packages/sig-test-001/runs/c3b3a0a2-79ac-4097-bd58-6067cef16975/editorial_acceptance.json,reports,.json,236
reports/content_packages/sig-test-001/runs/c3b3a0a2-79ac-4097-bd58-6067cef16975/generated.json,reports,.json,1033
reports/content_packages/sig-test-001/runs/c3c23dd6-36c2-445d-b4cd-4f199a8565bb/assignment.json,reports,.json,849
reports/content_packages/sig-test-001/runs/c3c23dd6-36c2-445d-b4cd-4f199a8565bb/business_strategy.json,reports,.json,17194
reports/content_packages/sig-test-001/runs/c3c23dd6-36c2-445d-b4cd-4f199a8565bb/editorial_acceptance.json,reports,.json,289
reports/content_packages/sig-test-001/runs/c3c23dd6-36c2-445d-b4cd-4f199a8565bb/generated.json,reports,.json,1033
reports/content_packages/sig-test-001/runs/c4033fd5-75e0-408c-84de-29cd78d3048d/assignment.json,reports,.json,857
reports/content_packages/sig-test-001/runs/c4033fd5-75e0-408c-84de-29cd78d3048d/business_strategy.json,reports,.json,17194
reports/content_packages/sig-test-001/runs/c4033fd5-75e0-408c-84de-29cd78d3048d/editorial_acceptance.json,reports,.json,289
reports/content_packages/sig-test-001/runs/c4033fd5-75e0-408c-84de-29cd78d3048d/generated.json,reports,.json,1033
reports/content_packages/sig-test-001/runs/c4033fd5-75e0-408c-84de-29cd78d3048d/publication_results.json,reports,.json,1079
reports/content_packages/sig-test-001/runs/c4157e0f-0fa5-4481-a751-fce13a3874bc/business_strategy.json,reports,.json,17194
reports/content_packages/sig-test-001/runs/c4340b51-8ebc-4510-b2b2-04312ee4935a/business_strategy.json,reports,.json,17194
reports/content_packages/sig-test-001/runs/c4340b51-8ebc-4510-b2b2-04312ee4935a/generated.json,reports,.json,1033
reports/content_packages/sig-test-001/runs/c4340b51-8ebc-4510-b2b2-04312ee4935a/publication_results.json,reports,.json,1079
reports/content_packages/sig-test-001/runs/c44d96e4-1b6f-4d1d-b3ea-6ee8836d7d73/business_strategy.json,reports,.json,17194
reports/content_packages/sig-test-001/runs/c44d96e4-1b6f-4d1d-b3ea-6ee8836d7d73/editorial_acceptance.json,reports,.json,236
reports/content_packages/sig-test-001/runs/c44d96e4-1b6f-4d1d-b3ea-6ee8836d7d73/generated.json,reports,.json,1033
reports/content_packages/sig-test-001/runs/c4519348-4ce0-4fc7-a01c-e6664b6ff7ef/assignment.json,reports,.json,849
reports/content_packages/sig-test-001/runs/c4519348-4ce0-4fc7-a01c-e6664b6ff7ef/business_strategy.json,reports,.json,17194
reports/content_packages/sig-test-001/runs/c4519348-4ce0-4fc7-a01c-e6664b6ff7ef/editorial_acceptance.json,reports,.json,289
reports/content_packages/sig-test-001/runs/c4519348-4ce0-4fc7-a01c-e6664b6ff7ef/generated.json,reports,.json,1033
reports/content_packages/sig-test-001/runs/c46b8d1d-17c7-4011-a8ec-c5008b18b896/generated.json,reports,.json,932
reports/content_packages/sig-test-001/runs/c46b8d1d-17c7-4011-a8ec-c5008b18b896/publication_results.json,reports,.json,978
reports/content_packages/sig-test-001/runs/c46c6f30-e2a6-4325-8cab-41f3a5114e1b/assignment.json,reports,.json,849
reports/content_packages/sig-test-001/runs/c46c6f30-e2a6-4325-8cab-41f3a5114e1b/business_strategy.json,reports,.json,17194
reports/content_packages/sig-test-001/runs/c46c6f30-e2a6-4325-8cab-41f3a5114e1b/editorial_acceptance.json,reports,.json,289
reports/content_packages/sig-test-001/runs/c46c6f30-e2a6-4325-8cab-41f3a5114e1b/generated.json,reports,.json,1033
reports/content_packages/sig-test-001/runs/c471fb5e-108f-4fc0-a679-2f54aca789c9/assignment.json,reports,.json,849
reports/content_packages/sig-test-001/runs/c471fb5e-108f-4fc0-a679-2f54aca789c9/business_strategy.json,reports,.json,17194
reports/content_packages/sig-test-001/runs/c471fb5e-108f-4fc0-a679-2f54aca789c9/editorial_acceptance.json,reports,.json,289
reports/content_packages/sig-test-001/runs/c471fb5e-108f-4fc0-a679-2f54aca789c9/generated.json,reports,.json,1033
reports/content_packages/sig-test-001/runs/c4927bec-3bef-43c5-8eec-af3665fdaa39/assignment.json,reports,.json,849
reports/content_packages/sig-test-001/runs/c4927bec-3bef-43c5-8eec-af3665fdaa39/business_strategy.json,reports,.json,17194
reports/content_packages/sig-test-001/runs/c493e858-124c-48bd-8cc8-d498ac72e9dc/business_strategy.json,reports,.json,17194
reports/content_packages/sig-test-001/runs/c4f458ce-5fb1-471c-b66e-b2290decd11e/assignment.json,reports,.json,857
reports/content_packages/sig-test-001/runs/c4f458ce-5fb1-471c-b66e-b2290decd11e/business_strategy.json,reports,.json,17194
reports/content_packages/sig-test-001/runs/c4f458ce-5fb1-471c-b66e-b2290decd11e/editorial_acceptance.json,reports,.json,289
reports/content_packages/sig-test-001/runs/c4f458ce-5fb1-471c-b66e-b2290decd11e/generated.json,reports,.json,1033
reports/content_packages/sig-test-001/runs/c4f458ce-5fb1-471c-b66e-b2290decd11e/publication_results.json,reports,.json,1079
reports/content_packages/sig-test-001/runs/c4f7f365-e76c-44e6-87a2-a3c5b1f53632/assignment.json,reports,.json,849
reports/content_packages/sig-test-001/runs/c4f7f365-e76c-44e6-87a2-a3c5b1f53632/business_strategy.json,reports,.json,17194
reports/content_packages/sig-test-001/runs/c4f7f365-e76c-44e6-87a2-a3c5b1f53632/editorial_acceptance.json,reports,.json,289
reports/content_packages/sig-test-001/runs/c4f7f365-e76c-44e6-87a2-a3c5b1f53632/generated.json,reports,.json,1033
reports/content_packages/sig-test-001/runs/c50d0458-0237-4c32-9785-8cad4cb9bef4/assignment.json,reports,.json,849
reports/content_packages/sig-test-001/runs/c50d0458-0237-4c32-9785-8cad4cb9bef4/business_strategy.json,reports,.json,17194
reports/content_packages/sig-test-001/runs/c50d0458-0237-4c32-9785-8cad4cb9bef4/editorial_acceptance.json,reports,.json,289
reports/content_packages/sig-test-001/runs/c50d0458-0237-4c32-9785-8cad4cb9bef4/generated.json,reports,.json,1033
reports/content_packages/sig-test-001/runs/c518973b-73ed-43f3-b92d-2fb55e2ba62e/generated.json,reports,.json,798
reports/content_packages/sig-test-001/runs/c5370345-f4fe-412b-b1e4-c696ac7552ae/generated.json,reports,.json,798
reports/content_packages/sig-test-001/runs/c560b359-3349-4103-9d3d-14e7f0c71198/business_strategy.json,reports,.json,17194
reports/content_packages/sig-test-001/runs/c58d640b-9911-4148-9588-0a06696376df/assignment.json,reports,.json,849
reports/content_packages/sig-test-001/runs/c58d640b-9911-4148-9588-0a06696376df/business_strategy.json,reports,.json,17194
reports/content_packages/sig-test-001/runs/c58d640b-9911-4148-9588-0a06696376df/editorial_acceptance.json,reports,.json,289
reports/content_packages/sig-test-001/runs/c58d640b-9911-4148-9588-0a06696376df/generated.json,reports,.json,1033
reports/content_packages/sig-test-001/runs/c595124a-f2ad-432a-885b-17da507c8d6a/business_strategy.json,reports,.json,17194
reports/content_packages/sig-test-001/runs/c595124a-f2ad-432a-885b-17da507c8d6a/generated.json,reports,.json,1033
reports/content_packages/sig-test-001/runs/c5bbf8de-191b-4400-a1bd-59550a1f8424/assignment.json,reports,.json,849
reports/content_packages/sig-test-001/runs/c5bbf8de-191b-4400-a1bd-59550a1f8424/business_strategy.json,reports,.json,17194
reports/content_packages/sig-test-001/runs/c64a2009-020d-4856-adfc-9e6835836b65/assignment.json,reports,.json,857
reports/content_packages/sig-test-001/runs/c64a2009-020d-4856-adfc-9e6835836b65/business_strategy.json,reports,.json,17194
reports/content_packages/sig-test-001/runs/c64a2009-020d-4856-adfc-9e6835836b65/editorial_acceptance.json,reports,.json,289
reports/content_packages/sig-test-001/runs/c64a2009-020d-4856-adfc-9e6835836b65/generated.json,reports,.json,1033
reports/content_packages/sig-test-001/runs/c64a2009-020d-4856-adfc-9e6835836b65/publication_results.json,reports,.json,1160
reports/content_packages/sig-test-001/runs/c64ffaa4-a89e-4375-9e03-37198d27f4ae/business_strategy.json,reports,.json,17194
reports/content_packages/sig-test-001/runs/c64ffaa4-a89e-4375-9e03-37198d27f4ae/editorial_acceptance.json,reports,.json,236
reports/content_packages/sig-test-001/runs/c64ffaa4-a89e-4375-9e03-37198d27f4ae/generated.json,reports,.json,1033
reports/content_packages/sig-test-001/runs/c699e301-84f9-473e-806c-f4a4648d1c46/generated.json,reports,.json,798
reports/content_packages/sig-test-001/runs/c6a9eea8-f79b-4960-b875-aec38986a4eb/assignment.json,reports,.json,849
reports/content_packages/sig-test-001/runs/c6a9eea8-f79b-4960-b875-aec38986a4eb/business_strategy.json,reports,.json,17194
reports/content_packages/sig-test-001/runs/c6a9eea8-f79b-4960-b875-aec38986a4eb/editorial_acceptance.json,reports,.json,289
reports/content_packages/sig-test-001/runs/c6a9eea8-f79b-4960-b875-aec38986a4eb/generated.json,reports,.json,1033
reports/content_packages/sig-test-001/runs/c6b0d0c9-0c7d-49fb-a139-259ca6df1962/generated.json,reports,.json,798
reports/content_packages/sig-test-001/runs/c6b5492c-d416-47a1-a093-a329ff493775/assignment.json,reports,.json,849
reports/content_packages/sig-test-001/runs/c6b5492c-d416-47a1-a093-a329ff493775/business_strategy.json,reports,.json,17194
reports/content_packages/sig-test-001/runs/c6b5492c-d416-47a1-a093-a329ff493775/editorial_acceptance.json,reports,.json,289
reports/content_packages/sig-test-001/runs/c6b5492c-d416-47a1-a093-a329ff493775/generated.json,reports,.json,1033
reports/content_packages/sig-test-001/runs/c6beceb4-efee-4515-84a6-f4674fe4aeeb/assignment.json,reports,.json,857
reports/content_packages/sig-test-001/runs/c6beceb4-efee-4515-84a6-f4674fe4aeeb/business_strategy.json,reports,.json,17194
reports/content_packages/sig-test-001/runs/c6beceb4-efee-4515-84a6-f4674fe4aeeb/editorial_acceptance.json,reports,.json,289
reports/content_packages/sig-test-001/runs/c6beceb4-efee-4515-84a6-f4674fe4aeeb/generated.json,reports,.json,1033
reports/content_packages/sig-test-001/runs/c6beceb4-efee-4515-84a6-f4674fe4aeeb/publication_results.json,reports,.json,1079
reports/content_packages/sig-test-001/runs/c6c1b768-6a9a-480c-a04e-f2506eb01e8c/assignment.json,reports,.json,857
reports/content_packages/sig-test-001/runs/c6c1b768-6a9a-480c-a04e-f2506eb01e8c/business_strategy.json,reports,.json,17194
reports/content_packages/sig-test-001/runs/c6c1b768-6a9a-480c-a04e-f2506eb01e8c/editorial_acceptance.json,reports,.json,289
reports/content_packages/sig-test-001/runs/c6c1b768-6a9a-480c-a04e-f2506eb01e8c/generated.json,reports,.json,1033
reports/content_packages/sig-test-001/runs/c6c1b768-6a9a-480c-a04e-f2506eb01e8c/publication_results.json,reports,.json,1079
reports/content_packages/sig-test-001/runs/c6d8bd93-a179-4a79-9d0c-a791f42e3e59/assignment.json,reports,.json,857
reports/content_packages/sig-test-001/runs/c6d8bd93-a179-4a79-9d0c-a791f42e3e59/business_strategy.json,reports,.json,17194
reports/content_packages/sig-test-001/runs/c6d8bd93-a179-4a79-9d0c-a791f42e3e59/editorial_acceptance.json,reports,.json,289
reports/content_packages/sig-test-001/runs/c6d8bd93-a179-4a79-9d0c-a791f42e3e59/generated.json,reports,.json,1033
reports/content_packages/sig-test-001/runs/c6d8bd93-a179-4a79-9d0c-a791f42e3e59/publication_results.json,reports,.json,1160
reports/content_packages/sig-test-001/runs/c6efabf7-5321-4040-bf36-ffee890328aa/business_strategy.json,reports,.json,17194
reports/content_packages/sig-test-001/runs/c6efabf7-5321-4040-bf36-ffee890328aa/editorial_acceptance.json,reports,.json,236
reports/content_packages/sig-test-001/runs/c6efabf7-5321-4040-bf36-ffee890328aa/generated.json,reports,.json,1033
reports/content_packages/sig-test-001/runs/c6efabf7-5321-4040-bf36-ffee890328aa/publication_results.json,reports,.json,1079
reports/content_packages/sig-test-001/runs/c715dae1-1acd-4f28-b265-c43122958bf1/business_strategy.json,reports,.json,17194
reports/content_packages/sig-test-001/runs/c715dae1-1acd-4f28-b265-c43122958bf1/generated.json,reports,.json,1033
reports/content_packages/sig-test-001/runs/c715dae1-1acd-4f28-b265-c43122958bf1/publication_results.json,reports,.json,1079
reports/content_packages/sig-test-001/runs/c71ca43e-d4fe-420a-8530-9a0bf769c265/business_strategy.json,reports,.json,17194
reports/content_packages/sig-test-001/runs/c71ca43e-d4fe-420a-8530-9a0bf769c265/generated.json,reports,.json,1033
reports/content_packages/sig-test-001/runs/c7419774-d682-4eea-9b4d-c5c13558adcf/assignment.json,reports,.json,849
reports/content_packages/sig-test-001/runs/c7419774-d682-4eea-9b4d-c5c13558adcf/business_strategy.json,reports,.json,17194
reports/content_packages/sig-test-001/runs/c7419774-d682-4eea-9b4d-c5c13558adcf/editorial_acceptance.json,reports,.json,289
reports/content_packages/sig-test-001/runs/c7419774-d682-4eea-9b4d-c5c13558adcf/generated.json,reports,.json,1033
reports/content_packages/sig-test-001/runs/c75dbe1b-ae48-45a7-93d6-125b818cc2e6/assignment.json,reports,.json,849
reports/content_packages/sig-test-001/runs/c75dbe1b-ae48-45a7-93d6-125b818cc2e6/business_strategy.json,reports,.json,17194
reports/content_packages/sig-test-001/runs/c75dbe1b-ae48-45a7-93d6-125b818cc2e6/editorial_acceptance.json,reports,.json,289
reports/content_packages/sig-test-001/runs/c75dbe1b-ae48-45a7-93d6-125b818cc2e6/generated.json,reports,.json,1033
reports/content_packages/sig-test-001/runs/c7db1545-4515-4e07-a02e-a1f776702248/business_strategy.json,reports,.json,17194
reports/content_packages/sig-test-001/runs/c7db1545-4515-4e07-a02e-a1f776702248/editorial_acceptance.json,reports,.json,236
reports/content_packages/sig-test-001/runs/c7db1545-4515-4e07-a02e-a1f776702248/generated.json,reports,.json,1033
reports/content_packages/sig-test-001/runs/c7db1545-4515-4e07-a02e-a1f776702248/publication_results.json,reports,.json,1079
reports/content_packages/sig-test-001/runs/c7fe5133-84d2-4905-b88e-77e7b5117003/assignment.json,reports,.json,849
reports/content_packages/sig-test-001/runs/c7fe5133-84d2-4905-b88e-77e7b5117003/business_strategy.json,reports,.json,17194
reports/content_packages/sig-test-001/runs/c7fe5133-84d2-4905-b88e-77e7b5117003/editorial_acceptance.json,reports,.json,289
reports/content_packages/sig-test-001/runs/c7fe5133-84d2-4905-b88e-77e7b5117003/generated.json,reports,.json,1033
reports/content_packages/sig-test-001/runs/c807f5af-b64c-4551-ae95-24ced4ed07fa/business_strategy.json,reports,.json,17194
reports/content_packages/sig-test-001/runs/c8099a4d-2e01-4c6c-b4fa-d1875d9f5ca8/generated.json,reports,.json,798
reports/content_packages/sig-test-001/runs/c8099a4d-2e01-4c6c-b4fa-d1875d9f5ca8/publication_results.json,reports,.json,844
reports/content_packages/sig-test-001/runs/c817084c-2c43-40a2-83af-526cb1d1cd38/assignment.json,reports,.json,857
reports/content_packages/sig-test-001/runs/c817084c-2c43-40a2-83af-526cb1d1cd38/business_strategy.json,reports,.json,17194
reports/content_packages/sig-test-001/runs/c817084c-2c43-40a2-83af-526cb1d1cd38/editorial_acceptance.json,reports,.json,289
reports/content_packages/sig-test-001/runs/c817084c-2c43-40a2-83af-526cb1d1cd38/generated.json,reports,.json,1033
reports/content_packages/sig-test-001/runs/c817084c-2c43-40a2-83af-526cb1d1cd38/publication_results.json,reports,.json,1160
reports/content_packages/sig-test-001/runs/c8431627-617f-4bac-88f0-1e3a67240c00/business_strategy.json,reports,.json,17194
reports/content_packages/sig-test-001/runs/c8431627-617f-4bac-88f0-1e3a67240c00/editorial_acceptance.json,reports,.json,236
reports/content_packages/sig-test-001/runs/c8431627-617f-4bac-88f0-1e3a67240c00/generated.json,reports,.json,1033
reports/content_packages/sig-test-001/runs/c861e29b-b56a-483f-b680-c30d3333b517/generated.json,reports,.json,798
reports/content_packages/sig-test-001/runs/c86c8d10-fbee-49d6-9c63-a6e5a8fd629f/assignment.json,reports,.json,849
reports/content_packages/sig-test-001/runs/c86c8d10-fbee-49d6-9c63-a6e5a8fd629f/business_strategy.json,reports,.json,17194
reports/content_packages/sig-test-001/runs/c86c8d10-fbee-49d6-9c63-a6e5a8fd629f/editorial_acceptance.json,reports,.json,289
reports/content_packages/sig-test-001/runs/c86c8d10-fbee-49d6-9c63-a6e5a8fd629f/generated.json,reports,.json,1033
reports/content_packages/sig-test-001/runs/c8833465-91bc-4e37-9f26-5f5907dd3dc5/assignment.json,reports,.json,857
reports/content_packages/sig-test-001/runs/c8833465-91bc-4e37-9f26-5f5907dd3dc5/business_strategy.json,reports,.json,17194
reports/content_packages/sig-test-001/runs/c8833465-91bc-4e37-9f26-5f5907dd3dc5/editorial_acceptance.json,reports,.json,289
reports/content_packages/sig-test-001/runs/c8833465-91bc-4e37-9f26-5f5907dd3dc5/generated.json,reports,.json,1033
reports/content_packages/sig-test-001/runs/c8833465-91bc-4e37-9f26-5f5907dd3dc5/publication_results.json,reports,.json,1079
reports/content_packages/sig-test-001/runs/c8ebaaf0-905e-464c-92cc-bfc3c8d6299e/assignment.json,reports,.json,849
reports/content_packages/sig-test-001/runs/c8ebaaf0-905e-464c-92cc-bfc3c8d6299e/business_strategy.json,reports,.json,17194
reports/content_packages/sig-test-001/runs/c8ebaaf0-905e-464c-92cc-bfc3c8d6299e/editorial_acceptance.json,reports,.json,289
reports/content_packages/sig-test-001/runs/c8ebaaf0-905e-464c-92cc-bfc3c8d6299e/generated.json,reports,.json,1033
reports/content_packages/sig-test-001/runs/c991dd8c-a117-485f-bbb8-a413e3cc4abc/assignment.json,reports,.json,857
reports/content_packages/sig-test-001/runs/c991dd8c-a117-485f-bbb8-a413e3cc4abc/business_strategy.json,reports,.json,17194
reports/content_packages/sig-test-001/runs/c991dd8c-a117-485f-bbb8-a413e3cc4abc/editorial_acceptance.json,reports,.json,289
reports/content_packages/sig-test-001/runs/c991dd8c-a117-485f-bbb8-a413e3cc4abc/generated.json,reports,.json,1033
reports/content_packages/sig-test-001/runs/c9a2e889-8785-4988-a712-7e632782d7ba/assignment.json,reports,.json,849
reports/content_packages/sig-test-001/runs/c9a2e889-8785-4988-a712-7e632782d7ba/business_strategy.json,reports,.json,17194
reports/content_packages/sig-test-001/runs/c9a2e889-8785-4988-a712-7e632782d7ba/editorial_acceptance.json,reports,.json,289
reports/content_packages/sig-test-001/runs/c9a2e889-8785-4988-a712-7e632782d7ba/generated.json,reports,.json,1033
reports/content_packages/sig-test-001/runs/c9c052a4-ed7c-4e7c-9c61-30189253a3ff/business_strategy.json,reports,.json,17194
reports/content_packages/sig-test-001/runs/c9c052a4-ed7c-4e7c-9c61-30189253a3ff/generated.json,reports,.json,1033
reports/content_packages/sig-test-001/runs/ca019ab3-136a-44ae-bc0c-261e0e371098/generated.json,reports,.json,932
reports/content_packages/sig-test-001/runs/ca019ab3-136a-44ae-bc0c-261e0e371098/publication_results.json,reports,.json,978
reports/content_packages/sig-test-001/runs/ca1c15c6-2974-40c4-b365-dfdfa9dd4bbb/generated.json,reports,.json,798
reports/content_packages/sig-test-001/runs/ca2a60a4-9a17-4002-b3d1-cbfe160142a4/business_strategy.json,reports,.json,17194
reports/content_packages/sig-test-001/runs/ca2a60a4-9a17-4002-b3d1-cbfe160142a4/editorial_acceptance.json,reports,.json,236
reports/content_packages/sig-test-001/runs/ca2a60a4-9a17-4002-b3d1-cbfe160142a4/generated.json,reports,.json,1033
reports/content_packages/sig-test-001/runs/ca9b80f7-7660-48d6-a315-39b3ff6fe94c/assignment.json,reports,.json,857
reports/content_packages/sig-test-001/runs/ca9b80f7-7660-48d6-a315-39b3ff6fe94c/business_strategy.json,reports,.json,17194
reports/content_packages/sig-test-001/runs/ca9b80f7-7660-48d6-a315-39b3ff6fe94c/run_report.json,reports,.json,895
reports/content_packages/sig-test-001/runs/cafcc726-4dd4-47a0-84fe-df5308475055/assignment.json,reports,.json,857
reports/content_packages/sig-test-001/runs/cafcc726-4dd4-47a0-84fe-df5308475055/business_strategy.json,reports,.json,17194
reports/content_packages/sig-test-001/runs/cafcc726-4dd4-47a0-84fe-df5308475055/editorial_acceptance.json,reports,.json,289
reports/content_packages/sig-test-001/runs/cafcc726-4dd4-47a0-84fe-df5308475055/generated.json,reports,.json,1033
reports/content_packages/sig-test-001/runs/cafcc726-4dd4-47a0-84fe-df5308475055/publication_results.json,reports,.json,1079
reports/content_packages/sig-test-001/runs/cb0fb22a-6256-45da-8bc2-d2be0f67b552/assignment.json,reports,.json,857
reports/content_packages/sig-test-001/runs/cb0fb22a-6256-45da-8bc2-d2be0f67b552/business_strategy.json,reports,.json,17194
reports/content_packages/sig-test-001/runs/cb0fb22a-6256-45da-8bc2-d2be0f67b552/editorial_acceptance.json,reports,.json,289
reports/content_packages/sig-test-001/runs/cb0fb22a-6256-45da-8bc2-d2be0f67b552/generated.json,reports,.json,1033
reports/content_packages/sig-test-001/runs/cb0fb22a-6256-45da-8bc2-d2be0f67b552/publication_results.json,reports,.json,1160
reports/content_packages/sig-test-001/runs/cb33aec3-3fa4-42b5-8ca8-bc382408b931/assignment.json,reports,.json,857
reports/content_packages/sig-test-001/runs/cb33aec3-3fa4-42b5-8ca8-bc382408b931/business_strategy.json,reports,.json,17194
reports/content_packages/sig-test-001/runs/cb33aec3-3fa4-42b5-8ca8-bc382408b931/editorial_acceptance.json,reports,.json,289
reports/content_packages/sig-test-001/runs/cb33aec3-3fa4-42b5-8ca8-bc382408b931/generated.json,reports,.json,1033
reports/content_packages/sig-test-001/runs/cb33aec3-3fa4-42b5-8ca8-bc382408b931/publication_results.json,reports,.json,1160
reports/content_packages/sig-test-001/runs/cb4c2d55-3e4b-4a1c-91b0-386786bb0720/assignment.json,reports,.json,849
reports/content_packages/sig-test-001/runs/cb4c2d55-3e4b-4a1c-91b0-386786bb0720/business_strategy.json,reports,.json,17194
reports/content_packages/sig-test-001/runs/cb4c2d55-3e4b-4a1c-91b0-386786bb0720/editorial_acceptance.json,reports,.json,289
reports/content_packages/sig-test-001/runs/cb4c2d55-3e4b-4a1c-91b0-386786bb0720/generated.json,reports,.json,1033
reports/content_packages/sig-test-001/runs/cba20e7b-33ae-40c5-99ab-137c4755e81e/assignment.json,reports,.json,849
reports/content_packages/sig-test-001/runs/cba20e7b-33ae-40c5-99ab-137c4755e81e/business_strategy.json,reports,.json,17194
reports/content_packages/sig-test-001/runs/cba20e7b-33ae-40c5-99ab-137c4755e81e/editorial_acceptance.json,reports,.json,289
reports/content_packages/sig-test-001/runs/cba20e7b-33ae-40c5-99ab-137c4755e81e/generated.json,reports,.json,1033
reports/content_packages/sig-test-001/runs/cbb88145-f6cd-42a0-9c97-ae9fddf8a9e9/business_strategy.json,reports,.json,17194
reports/content_packages/sig-test-001/runs/cbdfe75c-f1e5-4040-af70-0051fea4a833/assignment.json,reports,.json,849
reports/content_packages/sig-test-001/runs/cbdfe75c-f1e5-4040-af70-0051fea4a833/business_strategy.json,reports,.json,17194
reports/content_packages/sig-test-001/runs/cbdfe75c-f1e5-4040-af70-0051fea4a833/editorial_acceptance.json,reports,.json,289
reports/content_packages/sig-test-001/runs/cbdfe75c-f1e5-4040-af70-0051fea4a833/generated.json,reports,.json,1033
reports/content_packages/sig-test-001/runs/cc24f0d4-9696-44c3-9836-2b7695fbea31/assignment.json,reports,.json,849
reports/content_packages/sig-test-001/runs/cc24f0d4-9696-44c3-9836-2b7695fbea31/business_strategy.json,reports,.json,17194
reports/content_packages/sig-test-001/runs/cc24f0d4-9696-44c3-9836-2b7695fbea31/editorial_acceptance.json,reports,.json,289
reports/content_packages/sig-test-001/runs/cc24f0d4-9696-44c3-9836-2b7695fbea31/generated.json,reports,.json,1033
reports/content_packages/sig-test-001/runs/cc4d022e-8c32-4d38-8c90-aa662a2f2700/business_strategy.json,reports,.json,17194
reports/content_packages/sig-test-001/runs/cc4d022e-8c32-4d38-8c90-aa662a2f2700/generated.json,reports,.json,1033
reports/content_packages/sig-test-001/runs/cc4d022e-8c32-4d38-8c90-aa662a2f2700/publication_results.json,reports,.json,1079
reports/content_packages/sig-test-001/runs/cc5412c7-e270-4f7e-9ed7-44b9e1f3b620/business_strategy.json,reports,.json,17194
reports/content_packages/sig-test-001/runs/cc680cbf-3f13-4cab-a1d3-c79860594f40/assignment.json,reports,.json,849
reports/content_packages/sig-test-001/runs/cc680cbf-3f13-4cab-a1d3-c79860594f40/business_strategy.json,reports,.json,17194
reports/content_packages/sig-test-001/runs/cc680cbf-3f13-4cab-a1d3-c79860594f40/run_report.json,reports,.json,887
reports/content_packages/sig-test-001/runs/cc7cc48e-a782-430f-bb03-4eec4f11a9ba/business_strategy.json,reports,.json,17194
reports/content_packages/sig-test-001/runs/cc847217-860a-4cd7-944b-30238caaae3e/assignment.json,reports,.json,849
reports/content_packages/sig-test-001/runs/cc847217-860a-4cd7-944b-30238caaae3e/business_strategy.json,reports,.json,17194
reports/content_packages/sig-test-001/runs/cc847217-860a-4cd7-944b-30238caaae3e/editorial_acceptance.json,reports,.json,289
reports/content_packages/sig-test-001/runs/cc847217-860a-4cd7-944b-30238caaae3e/generated.json,reports,.json,1033
reports/content_packages/sig-test-001/runs/cc882bc7-399a-41c9-a796-3162471a39dd/assignment.json,reports,.json,849
reports/content_packages/sig-test-001/runs/cc882bc7-399a-41c9-a796-3162471a39dd/business_strategy.json,reports,.json,17194
reports/content_packages/sig-test-001/runs/cc882bc7-399a-41c9-a796-3162471a39dd/editorial_acceptance.json,reports,.json,289
reports/content_packages/sig-test-001/runs/cc882bc7-399a-41c9-a796-3162471a39dd/generated.json,reports,.json,1033
reports/content_packages/sig-test-001/runs/cc9ecf18-bdc9-4bfe-917c-1bf3084246e7/business_strategy.json,reports,.json,17194
reports/content_packages/sig-test-001/runs/cc9ecf18-bdc9-4bfe-917c-1bf3084246e7/generated.json,reports,.json,1033
reports/content_packages/sig-test-001/runs/cc9ecf18-bdc9-4bfe-917c-1bf3084246e7/publication_results.json,reports,.json,1079
reports/content_packages/sig-test-001/runs/ccb7422a-8fcf-4cc9-a9d6-a6aec1bb9055/assignment.json,reports,.json,849
reports/content_packages/sig-test-001/runs/ccb7422a-8fcf-4cc9-a9d6-a6aec1bb9055/business_strategy.json,reports,.json,17194
reports/content_packages/sig-test-001/runs/ccb7422a-8fcf-4cc9-a9d6-a6aec1bb9055/editorial_acceptance.json,reports,.json,289
reports/content_packages/sig-test-001/runs/ccb7422a-8fcf-4cc9-a9d6-a6aec1bb9055/generated.json,reports,.json,1033
reports/content_packages/sig-test-001/runs/cd460ec0-256f-471a-a85c-e83d81c3d22b/generated.json,reports,.json,932
reports/content_packages/sig-test-001/runs/cdb6eef9-e1ed-4bac-9d05-268311da70bf/assignment.json,reports,.json,849
reports/content_packages/sig-test-001/runs/cdb6eef9-e1ed-4bac-9d05-268311da70bf/business_strategy.json,reports,.json,17194
reports/content_packages/sig-test-001/runs/cdb6eef9-e1ed-4bac-9d05-268311da70bf/editorial_acceptance.json,reports,.json,289
reports/content_packages/sig-test-001/runs/cdb6eef9-e1ed-4bac-9d05-268311da70bf/generated.json,reports,.json,1033
reports/content_packages/sig-test-001/runs/cddc859b-bc0c-45dd-b47a-f92f14f817bb/assignment.json,reports,.json,857
reports/content_packages/sig-test-001/runs/cddc859b-bc0c-45dd-b47a-f92f14f817bb/business_strategy.json,reports,.json,17194
reports/content_packages/sig-test-001/runs/cddc859b-bc0c-45dd-b47a-f92f14f817bb/editorial_acceptance.json,reports,.json,289
reports/content_packages/sig-test-001/runs/cddc859b-bc0c-45dd-b47a-f92f14f817bb/generated.json,reports,.json,1033
reports/content_packages/sig-test-001/runs/cddc859b-bc0c-45dd-b47a-f92f14f817bb/publication_results.json,reports,.json,1079
reports/content_packages/sig-test-001/runs/ce2d1191-f550-4bc9-942a-1902aa8bdf88/business_strategy.json,reports,.json,17194
reports/content_packages/sig-test-001/runs/ce2d1191-f550-4bc9-942a-1902aa8bdf88/editorial_acceptance.json,reports,.json,236
reports/content_packages/sig-test-001/runs/ce2d1191-f550-4bc9-942a-1902aa8bdf88/generated.json,reports,.json,1033
reports/content_packages/sig-test-001/runs/ce2d1191-f550-4bc9-942a-1902aa8bdf88/publication_results.json,reports,.json,1079
reports/content_packages/sig-test-001/runs/ce3c6ba3-abe8-4594-9c34-2dff24831213/assignment.json,reports,.json,857
reports/content_packages/sig-test-001/runs/ce3c6ba3-abe8-4594-9c34-2dff24831213/business_strategy.json,reports,.json,17194
reports/content_packages/sig-test-001/runs/ce3c6ba3-abe8-4594-9c34-2dff24831213/editorial_acceptance.json,reports,.json,289
reports/content_packages/sig-test-001/runs/ce3c6ba3-abe8-4594-9c34-2dff24831213/generated.json,reports,.json,1033
reports/content_packages/sig-test-001/runs/ce3c6ba3-abe8-4594-9c34-2dff24831213/publication_results.json,reports,.json,1160
reports/content_packages/sig-test-001/runs/ce7d189b-134d-4051-9c76-212a9f6b62ed/assignment.json,reports,.json,857
reports/content_packages/sig-test-001/runs/ce7d189b-134d-4051-9c76-212a9f6b62ed/business_strategy.json,reports,.json,17194
reports/content_packages/sig-test-001/runs/ce7d189b-134d-4051-9c76-212a9f6b62ed/editorial_acceptance.json,reports,.json,289
reports/content_packages/sig-test-001/runs/ce7d189b-134d-4051-9c76-212a9f6b62ed/generated.json,reports,.json,1033
reports/content_packages/sig-test-001/runs/ce7d189b-134d-4051-9c76-212a9f6b62ed/publication_results.json,reports,.json,1160
reports/content_packages/sig-test-001/runs/cf2660c7-cac4-4084-a47e-66211b916163/assignment.json,reports,.json,849
reports/content_packages/sig-test-001/runs/cf2660c7-cac4-4084-a47e-66211b916163/business_strategy.json,reports,.json,17194
reports/content_packages/sig-test-001/runs/cf2660c7-cac4-4084-a47e-66211b916163/editorial_acceptance.json,reports,.json,289
reports/content_packages/sig-test-001/runs/cf2660c7-cac4-4084-a47e-66211b916163/generated.json,reports,.json,1033
reports/content_packages/sig-test-001/runs/cf2b7755-e330-47bf-af25-25d2d06ec0f5/assignment.json,reports,.json,849
reports/content_packages/sig-test-001/runs/cf2b7755-e330-47bf-af25-25d2d06ec0f5/business_strategy.json,reports,.json,17194
reports/content_packages/sig-test-001/runs/cf2b7755-e330-47bf-af25-25d2d06ec0f5/editorial_acceptance.json,reports,.json,289
reports/content_packages/sig-test-001/runs/cf2b7755-e330-47bf-af25-25d2d06ec0f5/generated.json,reports,.json,1033
reports/content_packages/sig-test-001/runs/cf2c3335-87b0-4bde-95b6-3ce3452a7cba/business_strategy.json,reports,.json,17194
reports/content_packages/sig-test-001/runs/cf2c3335-87b0-4bde-95b6-3ce3452a7cba/generated.json,reports,.json,1033
reports/content_packages/sig-test-001/runs/cf2c3335-87b0-4bde-95b6-3ce3452a7cba/publication_results.json,reports,.json,1079
reports/content_packages/sig-test-001/runs/cf2df64a-4e5f-4ee4-9c53-7fac8fae4ad4/assignment.json,reports,.json,857
reports/content_packages/sig-test-001/runs/cf2df64a-4e5f-4ee4-9c53-7fac8fae4ad4/business_strategy.json,reports,.json,17194
reports/content_packages/sig-test-001/runs/cf2df64a-4e5f-4ee4-9c53-7fac8fae4ad4/editorial_acceptance.json,reports,.json,289
reports/content_packages/sig-test-001/runs/cf2df64a-4e5f-4ee4-9c53-7fac8fae4ad4/generated.json,reports,.json,1033
reports/content_packages/sig-test-001/runs/cf2df64a-4e5f-4ee4-9c53-7fac8fae4ad4/publication_results.json,reports,.json,1079
reports/content_packages/sig-test-001/runs/cf56415e-c129-457e-86b3-aac324fec5ed/assignment.json,reports,.json,849
reports/content_packages/sig-test-001/runs/cf56415e-c129-457e-86b3-aac324fec5ed/business_strategy.json,reports,.json,17194
reports/content_packages/sig-test-001/runs/cf56415e-c129-457e-86b3-aac324fec5ed/run_report.json,reports,.json,887
reports/content_packages/sig-test-001/runs/cf78f727-6faf-411c-bb10-8bf05bfe801a/generated.json,reports,.json,798
reports/content_packages/sig-test-001/runs/cf8270a7-ba16-4596-9b34-4872319505f0/business_strategy.json,reports,.json,17194
reports/content_packages/sig-test-001/runs/cf8270a7-ba16-4596-9b34-4872319505f0/editorial_acceptance.json,reports,.json,236
reports/content_packages/sig-test-001/runs/cf8270a7-ba16-4596-9b34-4872319505f0/generated.json,reports,.json,1033
reports/content_packages/sig-test-001/runs/cf86dba0-f998-4f4e-9e02-2c814c2f2f1b/business_strategy.json,reports,.json,17194
reports/content_packages/sig-test-001/runs/cf86dba0-f998-4f4e-9e02-2c814c2f2f1b/generated.json,reports,.json,1033
reports/content_packages/sig-test-001/runs/cf8b564a-3413-49cd-8fd8-ef9e44f981d2/generated.json,reports,.json,932
reports/content_packages/sig-test-001/runs/cfc6edd3-ab23-4961-b0cc-281b267c7137/assignment.json,reports,.json,857
reports/content_packages/sig-test-001/runs/cfc6edd3-ab23-4961-b0cc-281b267c7137/business_strategy.json,reports,.json,17194
reports/content_packages/sig-test-001/runs/cfc6edd3-ab23-4961-b0cc-281b267c7137/editorial_acceptance.json,reports,.json,289
reports/content_packages/sig-test-001/runs/cfc6edd3-ab23-4961-b0cc-281b267c7137/generated.json,reports,.json,1033
reports/content_packages/sig-test-001/runs/cfc6edd3-ab23-4961-b0cc-281b267c7137/publication_results.json,reports,.json,1079
reports/content_packages/sig-test-001/runs/cfe1af33-c211-4b72-8069-fcaa1b1979b0/business_strategy.json,reports,.json,17194
reports/content_packages/sig-test-001/runs/cfefd274-82c0-4342-a730-1d8e02065772/generated.json,reports,.json,798
reports/content_packages/sig-test-001/runs/cfefd274-82c0-4342-a730-1d8e02065772/publication_results.json,reports,.json,844
reports/content_packages/sig-test-001/runs/d009679f-240c-4fcc-9ab2-3b3687d16ddb/generated.json,reports,.json,798
reports/content_packages/sig-test-001/runs/d009679f-240c-4fcc-9ab2-3b3687d16ddb/publication_results.json,reports,.json,844
reports/content_packages/sig-test-001/runs/d036c8a6-2f2f-4690-a8e3-9ec2cf473717/assignment.json,reports,.json,857
reports/content_packages/sig-test-001/runs/d036c8a6-2f2f-4690-a8e3-9ec2cf473717/business_strategy.json,reports,.json,17194
reports/content_packages/sig-test-001/runs/d046c12b-8e6f-4634-a753-2093a9088d7d/business_strategy.json,reports,.json,17194
reports/content_packages/sig-test-001/runs/d046c12b-8e6f-4634-a753-2093a9088d7d/editorial_acceptance.json,reports,.json,236
reports/content_packages/sig-test-001/runs/d046c12b-8e6f-4634-a753-2093a9088d7d/generated.json,reports,.json,1033
reports/content_packages/sig-test-001/runs/d04b28cf-fd64-4433-950b-fce1832c5517/generated.json,reports,.json,798
reports/content_packages/sig-test-001/runs/d06e309d-073a-4ec8-b67e-cf6a7433bc05/business_strategy.json,reports,.json,17194
reports/content_packages/sig-test-001/runs/d06e309d-073a-4ec8-b67e-cf6a7433bc05/editorial_acceptance.json,reports,.json,236
reports/content_packages/sig-test-001/runs/d06e309d-073a-4ec8-b67e-cf6a7433bc05/generated.json,reports,.json,1033
reports/content_packages/sig-test-001/runs/d098513c-fa72-46a1-afdf-415ae46c5ad1/generated.json,reports,.json,798
reports/content_packages/sig-test-001/runs/d098513c-fa72-46a1-afdf-415ae46c5ad1/publication_results.json,reports,.json,844
reports/content_packages/sig-test-001/runs/d0bbc38a-b0a5-4708-9a10-bf92e6388180/assignment.json,reports,.json,857
reports/content_packages/sig-test-001/runs/d0bbc38a-b0a5-4708-9a10-bf92e6388180/business_strategy.json,reports,.json,17194
reports/content_packages/sig-test-001/runs/d0bbc38a-b0a5-4708-9a10-bf92e6388180/editorial_acceptance.json,reports,.json,289
reports/content_packages/sig-test-001/runs/d0bbc38a-b0a5-4708-9a10-bf92e6388180/generated.json,reports,.json,1033
reports/content_packages/sig-test-001/runs/d0bbc38a-b0a5-4708-9a10-bf92e6388180/publication_results.json,reports,.json,1079
reports/content_packages/sig-test-001/runs/d0ec3a2e-baec-46cc-88fc-4145d071943b/business_strategy.json,reports,.json,17194
reports/content_packages/sig-test-001/runs/d0fece2e-b6a8-40bf-8979-87a7f538dc04/business_strategy.json,reports,.json,17194
reports/content_packages/sig-test-001/runs/d0fece2e-b6a8-40bf-8979-87a7f538dc04/editorial_acceptance.json,reports,.json,236
reports/content_packages/sig-test-001/runs/d0fece2e-b6a8-40bf-8979-87a7f538dc04/generated.json,reports,.json,1033
reports/content_packages/sig-test-001/runs/d0fece2e-b6a8-40bf-8979-87a7f538dc04/publication_results.json,reports,.json,1079
reports/content_packages/sig-test-001/runs/d0ff841c-eccd-43ce-bc5e-b2022341b1e0/business_strategy.json,reports,.json,17194
reports/content_packages/sig-test-001/runs/d1021d12-bbc2-4d4a-8441-7d796868392a/business_strategy.json,reports,.json,17194
reports/content_packages/sig-test-001/runs/d1021d12-bbc2-4d4a-8441-7d796868392a/generated.json,reports,.json,1033
reports/content_packages/sig-test-001/runs/d1073636-2668-4ade-ab37-55c8b77f9bed/assignment.json,reports,.json,849
reports/content_packages/sig-test-001/runs/d1073636-2668-4ade-ab37-55c8b77f9bed/business_strategy.json,reports,.json,17194
reports/content_packages/sig-test-001/runs/d137ce1f-3745-4086-876e-a64dab7b02b7/business_strategy.json,reports,.json,17194
reports/content_packages/sig-test-001/runs/d137ce1f-3745-4086-876e-a64dab7b02b7/generated.json,reports,.json,1033
reports/content_packages/sig-test-001/runs/d137ce1f-3745-4086-876e-a64dab7b02b7/publication_results.json,reports,.json,1079
reports/content_packages/sig-test-001/runs/d15003c8-084a-4d94-8267-03f70e355af6/generated.json,reports,.json,798
reports/content_packages/sig-test-001/runs/d157fca4-f70a-4d17-b848-bdc8a125b190/assignment.json,reports,.json,849
reports/content_packages/sig-test-001/runs/d157fca4-f70a-4d17-b848-bdc8a125b190/business_strategy.json,reports,.json,17194
reports/content_packages/sig-test-001/runs/d162279a-73f3-4678-8fe2-2a6812b9423d/business_strategy.json,reports,.json,17194
reports/content_packages/sig-test-001/runs/d162279a-73f3-4678-8fe2-2a6812b9423d/generated.json,reports,.json,1033
reports/content_packages/sig-test-001/runs/d18dd07d-0edb-4562-8b57-643b0107715b/assignment.json,reports,.json,857
reports/content_packages/sig-test-001/runs/d18dd07d-0edb-4562-8b57-643b0107715b/business_strategy.json,reports,.json,17194
reports/content_packages/sig-test-001/runs/d18dd07d-0edb-4562-8b57-643b0107715b/editorial_acceptance.json,reports,.json,289
reports/content_packages/sig-test-001/runs/d18dd07d-0edb-4562-8b57-643b0107715b/generated.json,reports,.json,1033
reports/content_packages/sig-test-001/runs/d18dd07d-0edb-4562-8b57-643b0107715b/publication_results.json,reports,.json,1160
reports/content_packages/sig-test-001/runs/d193cce2-9948-4106-ad46-4e4438791578/business_strategy.json,reports,.json,17194
reports/content_packages/sig-test-001/runs/d193cce2-9948-4106-ad46-4e4438791578/generated.json,reports,.json,1033
reports/content_packages/sig-test-001/runs/d1c39194-4813-4099-9128-f909243f29de/assignment.json,reports,.json,849
reports/content_packages/sig-test-001/runs/d1c39194-4813-4099-9128-f909243f29de/business_strategy.json,reports,.json,17194
reports/content_packages/sig-test-001/runs/d1c39194-4813-4099-9128-f909243f29de/editorial_acceptance.json,reports,.json,289
reports/content_packages/sig-test-001/runs/d1c39194-4813-4099-9128-f909243f29de/generated.json,reports,.json,1033
reports/content_packages/sig-test-001/runs/d1f2fe0f-5cac-445f-bad7-49799df394da/assignment.json,reports,.json,849
reports/content_packages/sig-test-001/runs/d1f2fe0f-5cac-445f-bad7-49799df394da/business_strategy.json,reports,.json,17194
reports/content_packages/sig-test-001/runs/d1f2fe0f-5cac-445f-bad7-49799df394da/run_report.json,reports,.json,887
reports/content_packages/sig-test-001/runs/d1f91ba9-75e1-4301-a3e1-6fed990eb18d/assignment.json,reports,.json,849
reports/content_packages/sig-test-001/runs/d1f91ba9-75e1-4301-a3e1-6fed990eb18d/business_strategy.json,reports,.json,17194
reports/content_packages/sig-test-001/runs/d1f91ba9-75e1-4301-a3e1-6fed990eb18d/editorial_acceptance.json,reports,.json,289
reports/content_packages/sig-test-001/runs/d1f91ba9-75e1-4301-a3e1-6fed990eb18d/generated.json,reports,.json,1033
reports/content_packages/sig-test-001/runs/d2097978-e7d8-4cc9-9085-00b39df89615/assignment.json,reports,.json,857
reports/content_packages/sig-test-001/runs/d2097978-e7d8-4cc9-9085-00b39df89615/business_strategy.json,reports,.json,17194
reports/content_packages/sig-test-001/runs/d2097978-e7d8-4cc9-9085-00b39df89615/run_report.json,reports,.json,895
reports/content_packages/sig-test-001/runs/d2538a6a-e33d-40c1-8815-3f527f42e3dd/business_strategy.json,reports,.json,17194
reports/content_packages/sig-test-001/runs/d2538a6a-e33d-40c1-8815-3f527f42e3dd/editorial_acceptance.json,reports,.json,236
reports/content_packages/sig-test-001/runs/d2538a6a-e33d-40c1-8815-3f527f42e3dd/generated.json,reports,.json,1033
reports/content_packages/sig-test-001/runs/d2538a6a-e33d-40c1-8815-3f527f42e3dd/publication_results.json,reports,.json,1079
reports/content_packages/sig-test-001/runs/d27e49d3-704a-4a70-b913-9f4541244b87/business_strategy.json,reports,.json,17194
reports/content_packages/sig-test-001/runs/d27e49d3-704a-4a70-b913-9f4541244b87/generated.json,reports,.json,1033
reports/content_packages/sig-test-001/runs/d27e49d3-704a-4a70-b913-9f4541244b87/publication_results.json,reports,.json,1079
reports/content_packages/sig-test-001/runs/d2cb0028-f8b0-43e1-bc8b-5aed5c801798/assignment.json,reports,.json,849
reports/content_packages/sig-test-001/runs/d2cb0028-f8b0-43e1-bc8b-5aed5c801798/business_strategy.json,reports,.json,17194
reports/content_packages/sig-test-001/runs/d2ce8812-7f3f-4e31-bda7-3856271bad84/assignment.json,reports,.json,857
reports/content_packages/sig-test-001/runs/d2ce8812-7f3f-4e31-bda7-3856271bad84/business_strategy.json,reports,.json,17194
reports/content_packages/sig-test-001/runs/d2ce8812-7f3f-4e31-bda7-3856271bad84/editorial_acceptance.json,reports,.json,289
reports/content_packages/sig-test-001/runs/d2ce8812-7f3f-4e31-bda7-3856271bad84/generated.json,reports,.json,1033
reports/content_packages/sig-test-001/runs/d2ce8812-7f3f-4e31-bda7-3856271bad84/publication_results.json,reports,.json,1160
reports/content_packages/sig-test-001/runs/d30c1ad1-06d6-47eb-be59-4eeb3102f4be/assignment.json,reports,.json,849
reports/content_packages/sig-test-001/runs/d30c1ad1-06d6-47eb-be59-4eeb3102f4be/business_strategy.json,reports,.json,17194
reports/content_packages/sig-test-001/runs/d30c1ad1-06d6-47eb-be59-4eeb3102f4be/editorial_acceptance.json,reports,.json,289
reports/content_packages/sig-test-001/runs/d30c1ad1-06d6-47eb-be59-4eeb3102f4be/generated.json,reports,.json,1033
reports/content_packages/sig-test-001/runs/d30f42b0-cb28-47ef-a9e2-cca91a753ddf/generated.json,reports,.json,798
reports/content_packages/sig-test-001/runs/d30f42b0-cb28-47ef-a9e2-cca91a753ddf/publication_results.json,reports,.json,844
reports/content_packages/sig-test-001/runs/d35fa5c0-3469-4b58-ace1-fad9df241c86/assignment.json,reports,.json,857
reports/content_packages/sig-test-001/runs/d35fa5c0-3469-4b58-ace1-fad9df241c86/business_strategy.json,reports,.json,17194
reports/content_packages/sig-test-001/runs/d379f87d-c010-4c56-87da-20e596a8feea/business_strategy.json,reports,.json,17194
reports/content_packages/sig-test-001/runs/d379f87d-c010-4c56-87da-20e596a8feea/generated.json,reports,.json,1033
reports/content_packages/sig-test-001/runs/d379f87d-c010-4c56-87da-20e596a8feea/publication_results.json,reports,.json,1079
reports/content_packages/sig-test-001/runs/d396cb47-ab48-46ca-aec4-a24f6adf2015/assignment.json,reports,.json,857
reports/content_packages/sig-test-001/runs/d396cb47-ab48-46ca-aec4-a24f6adf2015/business_strategy.json,reports,.json,17194
reports/content_packages/sig-test-001/runs/d396cb47-ab48-46ca-aec4-a24f6adf2015/editorial_acceptance.json,reports,.json,289
reports/content_packages/sig-test-001/runs/d396cb47-ab48-46ca-aec4-a24f6adf2015/generated.json,reports,.json,1033
reports/content_packages/sig-test-001/runs/d396f133-8039-4f44-8aa3-d5773b42c4cf/generated.json,reports,.json,798
reports/content_packages/sig-test-001/runs/d3afd051-c7f2-483a-b713-55fa669fbc37/assignment.json,reports,.json,849
reports/content_packages/sig-test-001/runs/d3afd051-c7f2-483a-b713-55fa669fbc37/business_strategy.json,reports,.json,17194
reports/content_packages/sig-test-001/runs/d3afd051-c7f2-483a-b713-55fa669fbc37/editorial_acceptance.json,reports,.json,289
reports/content_packages/sig-test-001/runs/d3afd051-c7f2-483a-b713-55fa669fbc37/generated.json,reports,.json,1033
reports/content_packages/sig-test-001/runs/d3ba131b-9567-46ff-aff4-4250cdaede33/assignment.json,reports,.json,849
reports/content_packages/sig-test-001/runs/d3ba131b-9567-46ff-aff4-4250cdaede33/business_strategy.json,reports,.json,17194
reports/content_packages/sig-test-001/runs/d3ba131b-9567-46ff-aff4-4250cdaede33/editorial_acceptance.json,reports,.json,289
reports/content_packages/sig-test-001/runs/d3ba131b-9567-46ff-aff4-4250cdaede33/generated.json,reports,.json,1033
reports/content_packages/sig-test-001/runs/d3d3219f-56f3-4368-ad7b-3e57ea989030/generated.json,reports,.json,798
reports/content_packages/sig-test-001/runs/d3d3219f-56f3-4368-ad7b-3e57ea989030/publication_results.json,reports,.json,844
reports/content_packages/sig-test-001/runs/d41e2164-7eed-49c7-879f-92af6728b65c/generated.json,reports,.json,932
reports/content_packages/sig-test-001/runs/d41e2164-7eed-49c7-879f-92af6728b65c/publication_results.json,reports,.json,978
reports/content_packages/sig-test-001/runs/d43849de-44fc-4116-92b8-74b8f0f8caf5/generated.json,reports,.json,798
reports/content_packages/sig-test-001/runs/d43849de-44fc-4116-92b8-74b8f0f8caf5/publication_results.json,reports,.json,844
reports/content_packages/sig-test-001/runs/d46f6909-91ee-4e3e-af86-e1067fd3b34c/assignment.json,reports,.json,849
reports/content_packages/sig-test-001/runs/d46f6909-91ee-4e3e-af86-e1067fd3b34c/business_strategy.json,reports,.json,17194
reports/content_packages/sig-test-001/runs/d47d8844-20eb-48e6-9601-f2533db84b73/assignment.json,reports,.json,849
reports/content_packages/sig-test-001/runs/d47d8844-20eb-48e6-9601-f2533db84b73/business_strategy.json,reports,.json,17194
reports/content_packages/sig-test-001/runs/d4ab874f-d884-4b69-8630-f806e4ca54a1/assignment.json,reports,.json,857
reports/content_packages/sig-test-001/runs/d4ab874f-d884-4b69-8630-f806e4ca54a1/business_strategy.json,reports,.json,17194
reports/content_packages/sig-test-001/runs/d4ab874f-d884-4b69-8630-f806e4ca54a1/editorial_acceptance.json,reports,.json,289
reports/content_packages/sig-test-001/runs/d4ab874f-d884-4b69-8630-f806e4ca54a1/generated.json,reports,.json,1033
reports/content_packages/sig-test-001/runs/d4ab874f-d884-4b69-8630-f806e4ca54a1/publication_results.json,reports,.json,1079
reports/content_packages/sig-test-001/runs/d4ce2978-7e9d-49fb-bf1d-7c3a1ec2c59b/business_strategy.json,reports,.json,17194
reports/content_packages/sig-test-001/runs/d4ce2978-7e9d-49fb-bf1d-7c3a1ec2c59b/generated.json,reports,.json,1228
reports/content_packages/sig-test-001/runs/d4f2a52b-c728-43b7-a09a-20260fc61b02/assignment.json,reports,.json,849
reports/content_packages/sig-test-001/runs/d4f2a52b-c728-43b7-a09a-20260fc61b02/business_strategy.json,reports,.json,17194
reports/content_packages/sig-test-001/runs/d53c0125-4910-46fc-a005-1ee5ea59c794/assignment.json,reports,.json,849
reports/content_packages/sig-test-001/runs/d53c0125-4910-46fc-a005-1ee5ea59c794/business_strategy.json,reports,.json,17194
reports/content_packages/sig-test-001/runs/d53c0125-4910-46fc-a005-1ee5ea59c794/editorial_acceptance.json,reports,.json,289
reports/content_packages/sig-test-001/runs/d53c0125-4910-46fc-a005-1ee5ea59c794/generated.json,reports,.json,1033
reports/content_packages/sig-test-001/runs/d53fc1be-f3c5-4005-809f-78c21a7bbab7/business_strategy.json,reports,.json,17194
reports/content_packages/sig-test-001/runs/d53fc1be-f3c5-4005-809f-78c21a7bbab7/generated.json,reports,.json,1228
reports/content_packages/sig-test-001/runs/d5817542-d377-4791-a3f9-d292f24fe61a/assignment.json,reports,.json,857
reports/content_packages/sig-test-001/runs/d5817542-d377-4791-a3f9-d292f24fe61a/business_strategy.json,reports,.json,17194
reports/content_packages/sig-test-001/runs/d5817542-d377-4791-a3f9-d292f24fe61a/editorial_acceptance.json,reports,.json,289
reports/content_packages/sig-test-001/runs/d5817542-d377-4791-a3f9-d292f24fe61a/generated.json,reports,.json,1033
reports/content_packages/sig-test-001/runs/d5817542-d377-4791-a3f9-d292f24fe61a/publication_results.json,reports,.json,1079
reports/content_packages/sig-test-001/runs/d593be81-2090-487b-b1f2-48e3368ad13c/assignment.json,reports,.json,849
reports/content_packages/sig-test-001/runs/d593be81-2090-487b-b1f2-48e3368ad13c/business_strategy.json,reports,.json,17194
reports/content_packages/sig-test-001/runs/d593be81-2090-487b-b1f2-48e3368ad13c/editorial_acceptance.json,reports,.json,289
reports/content_packages/sig-test-001/runs/d593be81-2090-487b-b1f2-48e3368ad13c/generated.json,reports,.json,1033
reports/content_packages/sig-test-001/runs/d59b09fa-37d3-42aa-bc90-a1a023f0fae1/business_strategy.json,reports,.json,17194
reports/content_packages/sig-test-001/runs/d5a6a100-9a9e-446f-9c9f-82e45f88e30b/generated.json,reports,.json,798
reports/content_packages/sig-test-001/runs/d5a6a100-9a9e-446f-9c9f-82e45f88e30b/publication_results.json,reports,.json,844
reports/content_packages/sig-test-001/runs/d5c2b98c-d032-45b8-b57e-659ca2d1421e/assignment.json,reports,.json,857
reports/content_packages/sig-test-001/runs/d5c2b98c-d032-45b8-b57e-659ca2d1421e/business_strategy.json,reports,.json,17194
reports/content_packages/sig-test-001/runs/d5c2b98c-d032-45b8-b57e-659ca2d1421e/editorial_acceptance.json,reports,.json,289
reports/content_packages/sig-test-001/runs/d5c2b98c-d032-45b8-b57e-659ca2d1421e/generated.json,reports,.json,1033
reports/content_packages/sig-test-001/runs/d5c2b98c-d032-45b8-b57e-659ca2d1421e/publication_results.json,reports,.json,1079
reports/content_packages/sig-test-001/runs/d5c8359f-c88b-47e6-a819-0736cd24f900/business_strategy.json,reports,.json,17194
reports/content_packages/sig-test-001/runs/d5ebd29a-4331-421a-97f0-233d80e17fbe/assignment.json,reports,.json,849
reports/content_packages/sig-test-001/runs/d5ebd29a-4331-421a-97f0-233d80e17fbe/business_strategy.json,reports,.json,17194
reports/content_packages/sig-test-001/runs/d5ebd29a-4331-421a-97f0-233d80e17fbe/editorial_acceptance.json,reports,.json,289
reports/content_packages/sig-test-001/runs/d5ebd29a-4331-421a-97f0-233d80e17fbe/generated.json,reports,.json,1033
reports/content_packages/sig-test-001/runs/d5f28d4d-361d-4a9f-b295-571b03b9de6d/business_strategy.json,reports,.json,17194
reports/content_packages/sig-test-001/runs/d5f28d4d-361d-4a9f-b295-571b03b9de6d/generated.json,reports,.json,1033
reports/content_packages/sig-test-001/runs/d5f28d4d-361d-4a9f-b295-571b03b9de6d/publication_results.json,reports,.json,1079
reports/content_packages/sig-test-001/runs/d6074ffd-b154-4bf8-b85b-c43580326c93/business_strategy.json,reports,.json,17194
reports/content_packages/sig-test-001/runs/d6074ffd-b154-4bf8-b85b-c43580326c93/editorial_acceptance.json,reports,.json,236
reports/content_packages/sig-test-001/runs/d6074ffd-b154-4bf8-b85b-c43580326c93/generated.json,reports,.json,1033
reports/content_packages/sig-test-001/runs/d658c377-5599-458e-aad8-9b2faf616a44/business_strategy.json,reports,.json,17194
reports/content_packages/sig-test-001/runs/d658c377-5599-458e-aad8-9b2faf616a44/generated.json,reports,.json,1033
reports/content_packages/sig-test-001/runs/d658c377-5599-458e-aad8-9b2faf616a44/publication_results.json,reports,.json,1079
reports/content_packages/sig-test-001/runs/d68543cb-fad4-4dd3-ad3f-f619fac96a1e/assignment.json,reports,.json,849
reports/content_packages/sig-test-001/runs/d68543cb-fad4-4dd3-ad3f-f619fac96a1e/business_strategy.json,reports,.json,17194
reports/content_packages/sig-test-001/runs/d68543cb-fad4-4dd3-ad3f-f619fac96a1e/run_report.json,reports,.json,887
reports/content_packages/sig-test-001/runs/d6c69bc2-d062-47e1-b1ef-320431822400/business_strategy.json,reports,.json,17194
reports/content_packages/sig-test-001/runs/d6c69bc2-d062-47e1-b1ef-320431822400/editorial_acceptance.json,reports,.json,236
reports/content_packages/sig-test-001/runs/d6c69bc2-d062-47e1-b1ef-320431822400/generated.json,reports,.json,1033
reports/content_packages/sig-test-001/runs/d6c69bc2-d062-47e1-b1ef-320431822400/publication_results.json,reports,.json,1079
reports/content_packages/sig-test-001/runs/d6ce1961-5704-4940-aab9-492d86aa224b/generated.json,reports,.json,798
reports/content_packages/sig-test-001/runs/d6ce1961-5704-4940-aab9-492d86aa224b/publication_results.json,reports,.json,844
reports/content_packages/sig-test-001/runs/d6db42ed-9909-4485-992b-6253fa04510a/generated.json,reports,.json,798
reports/content_packages/sig-test-001/runs/d6db42ed-9909-4485-992b-6253fa04510a/publication_results.json,reports,.json,844
reports/content_packages/sig-test-001/runs/d7470414-7826-4b97-86b4-046db9695e09/assignment.json,reports,.json,849
reports/content_packages/sig-test-001/runs/d7470414-7826-4b97-86b4-046db9695e09/business_strategy.json,reports,.json,17194
reports/content_packages/sig-test-001/runs/d7470414-7826-4b97-86b4-046db9695e09/editorial_acceptance.json,reports,.json,289
reports/content_packages/sig-test-001/runs/d7470414-7826-4b97-86b4-046db9695e09/generated.json,reports,.json,1033
reports/content_packages/sig-test-001/runs/d7580c9a-3053-4a23-af19-3ff6ebaf5b02/assignment.json,reports,.json,857
reports/content_packages/sig-test-001/runs/d7580c9a-3053-4a23-af19-3ff6ebaf5b02/business_strategy.json,reports,.json,17194
reports/content_packages/sig-test-001/runs/d76752fb-1f4b-4fab-8d06-689d62df4090/assignment.json,reports,.json,857
reports/content_packages/sig-test-001/runs/d76752fb-1f4b-4fab-8d06-689d62df4090/business_strategy.json,reports,.json,17194
reports/content_packages/sig-test-001/runs/d79de7c2-f9fe-453c-b626-d8170c920f5c/business_strategy.json,reports,.json,17194
reports/content_packages/sig-test-001/runs/d79de7c2-f9fe-453c-b626-d8170c920f5c/generated.json,reports,.json,1033
reports/content_packages/sig-test-001/runs/d79de7c2-f9fe-453c-b626-d8170c920f5c/publication_results.json,reports,.json,1079
reports/content_packages/sig-test-001/runs/d7b1da87-5363-44a8-8ee4-422f54a4863b/business_strategy.json,reports,.json,17194
reports/content_packages/sig-test-001/runs/d7b1da87-5363-44a8-8ee4-422f54a4863b/generated.json,reports,.json,1033
reports/content_packages/sig-test-001/runs/d81ee6de-8fa9-4b88-bde2-05afe3ee4288/business_strategy.json,reports,.json,17194
reports/content_packages/sig-test-001/runs/d82553e3-dfd0-433b-8b84-2dab831ed64b/business_strategy.json,reports,.json,17194
reports/content_packages/sig-test-001/runs/d82553e3-dfd0-433b-8b84-2dab831ed64b/generated.json,reports,.json,1033
reports/content_packages/sig-test-001/runs/d8409c7d-f0e6-4752-aa11-b161e32c60e4/business_strategy.json,reports,.json,17194
reports/content_packages/sig-test-001/runs/d8409c7d-f0e6-4752-aa11-b161e32c60e4/generated.json,reports,.json,1033
reports/content_packages/sig-test-001/runs/d8409c7d-f0e6-4752-aa11-b161e32c60e4/publication_results.json,reports,.json,1079
reports/content_packages/sig-test-001/runs/d8533b76-0f30-413e-a4c1-27627275f7b4/assignment.json,reports,.json,849
reports/content_packages/sig-test-001/runs/d8533b76-0f30-413e-a4c1-27627275f7b4/business_strategy.json,reports,.json,17194
reports/content_packages/sig-test-001/runs/d8533b76-0f30-413e-a4c1-27627275f7b4/editorial_acceptance.json,reports,.json,289
reports/content_packages/sig-test-001/runs/d8533b76-0f30-413e-a4c1-27627275f7b4/generated.json,reports,.json,1033
reports/content_packages/sig-test-001/runs/d876bb66-fa02-4dfa-972c-6fcd13bea257/business_strategy.json,reports,.json,17194
reports/content_packages/sig-test-001/runs/d876bb66-fa02-4dfa-972c-6fcd13bea257/generated.json,reports,.json,1033
reports/content_packages/sig-test-001/runs/d948fe19-4ffb-4fa3-ac92-6ecabcc32673/assignment.json,reports,.json,849
reports/content_packages/sig-test-001/runs/d948fe19-4ffb-4fa3-ac92-6ecabcc32673/business_strategy.json,reports,.json,17194
reports/content_packages/sig-test-001/runs/d948fe19-4ffb-4fa3-ac92-6ecabcc32673/editorial_acceptance.json,reports,.json,289
reports/content_packages/sig-test-001/runs/d948fe19-4ffb-4fa3-ac92-6ecabcc32673/generated.json,reports,.json,1033
reports/content_packages/sig-test-001/runs/d9960d85-1fbb-4983-a4f5-4b2d3071daf8/assignment.json,reports,.json,857
reports/content_packages/sig-test-001/runs/d9960d85-1fbb-4983-a4f5-4b2d3071daf8/business_strategy.json,reports,.json,17194
reports/content_packages/sig-test-001/runs/d9e60907-2673-49a5-8fab-bd7768d024b7/assignment.json,reports,.json,849
reports/content_packages/sig-test-001/runs/d9e60907-2673-49a5-8fab-bd7768d024b7/business_strategy.json,reports,.json,17194
reports/content_packages/sig-test-001/runs/d9e60907-2673-49a5-8fab-bd7768d024b7/editorial_acceptance.json,reports,.json,289
reports/content_packages/sig-test-001/runs/d9e60907-2673-49a5-8fab-bd7768d024b7/generated.json,reports,.json,1033
reports/content_packages/sig-test-001/runs/da6582b3-2e66-409e-97a6-48dddef9384d/business_strategy.json,reports,.json,17194
reports/content_packages/sig-test-001/runs/da6582b3-2e66-409e-97a6-48dddef9384d/generated.json,reports,.json,1033
reports/content_packages/sig-test-001/runs/da6582b3-2e66-409e-97a6-48dddef9384d/publication_results.json,reports,.json,1079
reports/content_packages/sig-test-001/runs/da7732c2-8ecb-4773-86b1-5fe96cd655df/assignment.json,reports,.json,849
reports/content_packages/sig-test-001/runs/da7732c2-8ecb-4773-86b1-5fe96cd655df/business_strategy.json,reports,.json,17194
reports/content_packages/sig-test-001/runs/da7732c2-8ecb-4773-86b1-5fe96cd655df/editorial_acceptance.json,reports,.json,289
reports/content_packages/sig-test-001/runs/da7732c2-8ecb-4773-86b1-5fe96cd655df/generated.json,reports,.json,1033
reports/content_packages/sig-test-001/runs/dadb107a-dc81-40cc-b5c9-9ea91bb3a406/business_strategy.json,reports,.json,17194
reports/content_packages/sig-test-001/runs/dadb107a-dc81-40cc-b5c9-9ea91bb3a406/generated.json,reports,.json,1033
reports/content_packages/sig-test-001/runs/db209f75-96d6-4597-bf24-0b94e6028f31/business_strategy.json,reports,.json,17194
reports/content_packages/sig-test-001/runs/db209f75-96d6-4597-bf24-0b94e6028f31/editorial_acceptance.json,reports,.json,236
reports/content_packages/sig-test-001/runs/db209f75-96d6-4597-bf24-0b94e6028f31/generated.json,reports,.json,1033
reports/content_packages/sig-test-001/runs/db24337e-0397-43ec-92d7-0ef16d3c9de7/business_strategy.json,reports,.json,17194
reports/content_packages/sig-test-001/runs/db8976ae-029d-4c2c-8d47-6db395fbba50/assignment.json,reports,.json,857
reports/content_packages/sig-test-001/runs/db8976ae-029d-4c2c-8d47-6db395fbba50/business_strategy.json,reports,.json,17194
reports/content_packages/sig-test-001/runs/db8976ae-029d-4c2c-8d47-6db395fbba50/editorial_acceptance.json,reports,.json,289
reports/content_packages/sig-test-001/runs/db8976ae-029d-4c2c-8d47-6db395fbba50/generated.json,reports,.json,1033
reports/content_packages/sig-test-001/runs/db8976ae-029d-4c2c-8d47-6db395fbba50/publication_results.json,reports,.json,1079
reports/content_packages/sig-test-001/runs/db8db0d5-faf8-4449-bc7d-560addc6a20a/business_strategy.json,reports,.json,17194
reports/content_packages/sig-test-001/runs/db8db0d5-faf8-4449-bc7d-560addc6a20a/generated.json,reports,.json,1033
reports/content_packages/sig-test-001/runs/dc03776a-4a16-49cb-a938-1edf8a4a2e6f/assignment.json,reports,.json,849
reports/content_packages/sig-test-001/runs/dc03776a-4a16-49cb-a938-1edf8a4a2e6f/business_strategy.json,reports,.json,17194
reports/content_packages/sig-test-001/runs/dc03776a-4a16-49cb-a938-1edf8a4a2e6f/editorial_acceptance.json,reports,.json,289
reports/content_packages/sig-test-001/runs/dc03776a-4a16-49cb-a938-1edf8a4a2e6f/generated.json,reports,.json,1033
reports/content_packages/sig-test-001/runs/dc0837d2-02db-4058-9642-7c69042119dd/assignment.json,reports,.json,857
reports/content_packages/sig-test-001/runs/dc0837d2-02db-4058-9642-7c69042119dd/business_strategy.json,reports,.json,17194
reports/content_packages/sig-test-001/runs/dc0837d2-02db-4058-9642-7c69042119dd/editorial_acceptance.json,reports,.json,289
reports/content_packages/sig-test-001/runs/dc0837d2-02db-4058-9642-7c69042119dd/generated.json,reports,.json,1033
reports/content_packages/sig-test-001/runs/dc0837d2-02db-4058-9642-7c69042119dd/publication_results.json,reports,.json,1079
reports/content_packages/sig-test-001/runs/dc1ebb00-4661-45fa-b715-c8b69e64871d/assignment.json,reports,.json,849
reports/content_packages/sig-test-001/runs/dc1ebb00-4661-45fa-b715-c8b69e64871d/business_strategy.json,reports,.json,17194
reports/content_packages/sig-test-001/runs/dc1ebb00-4661-45fa-b715-c8b69e64871d/editorial_acceptance.json,reports,.json,289
reports/content_packages/sig-test-001/runs/dc1ebb00-4661-45fa-b715-c8b69e64871d/generated.json,reports,.json,1033
reports/content_packages/sig-test-001/runs/dc29b33c-a63d-4be6-ab13-f3acb16bd1f7/business_strategy.json,reports,.json,17194
reports/content_packages/sig-test-001/runs/dc4cab8d-da3e-4601-b178-e7c5c9a64086/assignment.json,reports,.json,849
reports/content_packages/sig-test-001/runs/dc4cab8d-da3e-4601-b178-e7c5c9a64086/business_strategy.json,reports,.json,17194
reports/content_packages/sig-test-001/runs/dcb20322-540b-476f-a474-a5b7dda04e4f/assignment.json,reports,.json,857
reports/content_packages/sig-test-001/runs/dcb20322-540b-476f-a474-a5b7dda04e4f/business_strategy.json,reports,.json,17194
reports/content_packages/sig-test-001/runs/dcb20322-540b-476f-a474-a5b7dda04e4f/editorial_acceptance.json,reports,.json,289
reports/content_packages/sig-test-001/runs/dcb20322-540b-476f-a474-a5b7dda04e4f/generated.json,reports,.json,1033
reports/content_packages/sig-test-001/runs/dcb20322-540b-476f-a474-a5b7dda04e4f/publication_results.json,reports,.json,1079
reports/content_packages/sig-test-001/runs/dcb8a8e8-96a7-40af-9f89-3fc3d3b33382/assignment.json,reports,.json,857
reports/content_packages/sig-test-001/runs/dcb8a8e8-96a7-40af-9f89-3fc3d3b33382/business_strategy.json,reports,.json,17194
reports/content_packages/sig-test-001/runs/dcb8a8e8-96a7-40af-9f89-3fc3d3b33382/editorial_acceptance.json,reports,.json,289
reports/content_packages/sig-test-001/runs/dcb8a8e8-96a7-40af-9f89-3fc3d3b33382/generated.json,reports,.json,1033
reports/content_packages/sig-test-001/runs/dcb8a8e8-96a7-40af-9f89-3fc3d3b33382/publication_results.json,reports,.json,1079
reports/content_packages/sig-test-001/runs/dce52a4c-e653-44ca-9024-5ed8e960dae7/business_strategy.json,reports,.json,17194
reports/content_packages/sig-test-001/runs/dce52a4c-e653-44ca-9024-5ed8e960dae7/generated.json,reports,.json,1033
reports/content_packages/sig-test-001/runs/dd141670-a5d9-4903-9f5e-5d4f38cb5c65/business_strategy.json,reports,.json,17194
reports/content_packages/sig-test-001/runs/dd141670-a5d9-4903-9f5e-5d4f38cb5c65/generated.json,reports,.json,1228
reports/content_packages/sig-test-001/runs/dd141670-a5d9-4903-9f5e-5d4f38cb5c65/publication_results.json,reports,.json,1079
reports/content_packages/sig-test-001/runs/dd4207c4-6b04-422d-80c4-7c0350d6eacc/generated.json,reports,.json,798
reports/content_packages/sig-test-001/runs/dd4207c4-6b04-422d-80c4-7c0350d6eacc/publication_results.json,reports,.json,844
reports/content_packages/sig-test-001/runs/dd493207-b672-4313-87b9-252eeafaa9ce/business_strategy.json,reports,.json,17194
reports/content_packages/sig-test-001/runs/dd493207-b672-4313-87b9-252eeafaa9ce/generated.json,reports,.json,1228
reports/content_packages/sig-test-001/runs/dd493207-b672-4313-87b9-252eeafaa9ce/publication_results.json,reports,.json,1079
reports/content_packages/sig-test-001/runs/dd97db9d-5a14-4bc5-ad77-50bd1e48b6ee/generated.json,reports,.json,798
reports/content_packages/sig-test-001/runs/dd997d44-9b6f-4462-ad18-a9ffad7a42fc/business_strategy.json,reports,.json,17194
reports/content_packages/sig-test-001/runs/dd997d44-9b6f-4462-ad18-a9ffad7a42fc/generated.json,reports,.json,1033
reports/content_packages/sig-test-001/runs/ddc98bb0-2955-4e5e-a7ba-21ddde86c381/assignment.json,reports,.json,849
reports/content_packages/sig-test-001/runs/ddc98bb0-2955-4e5e-a7ba-21ddde86c381/business_strategy.json,reports,.json,17194
reports/content_packages/sig-test-001/runs/ddc98bb0-2955-4e5e-a7ba-21ddde86c381/editorial_acceptance.json,reports,.json,289
reports/content_packages/sig-test-001/runs/ddc98bb0-2955-4e5e-a7ba-21ddde86c381/generated.json,reports,.json,1033
reports/content_packages/sig-test-001/runs/de0f49c4-f583-43dd-97e0-01abc34c6626/assignment.json,reports,.json,849
reports/content_packages/sig-test-001/runs/de0f49c4-f583-43dd-97e0-01abc34c6626/business_strategy.json,reports,.json,17194
reports/content_packages/sig-test-001/runs/de0f49c4-f583-43dd-97e0-01abc34c6626/editorial_acceptance.json,reports,.json,289
reports/content_packages/sig-test-001/runs/de0f49c4-f583-43dd-97e0-01abc34c6626/generated.json,reports,.json,1033
reports/content_packages/sig-test-001/runs/de10768d-449c-43e4-aa23-3cf36c21b52e/generated.json,reports,.json,798
reports/content_packages/sig-test-001/runs/de2dab4f-9e67-45e1-9187-eaae5a98b9b7/business_strategy.json,reports,.json,17194
reports/content_packages/sig-test-001/runs/de2dab4f-9e67-45e1-9187-eaae5a98b9b7/editorial_acceptance.json,reports,.json,236
reports/content_packages/sig-test-001/runs/de2dab4f-9e67-45e1-9187-eaae5a98b9b7/generated.json,reports,.json,1033
reports/content_packages/sig-test-001/runs/de36c589-0df5-42e4-9c7b-0cbcd657086e/business_strategy.json,reports,.json,17194
reports/content_packages/sig-test-001/runs/de36c589-0df5-42e4-9c7b-0cbcd657086e/generated.json,reports,.json,1033
reports/content_packages/sig-test-001/runs/de36c589-0df5-42e4-9c7b-0cbcd657086e/publication_results.json,reports,.json,1079
reports/content_packages/sig-test-001/runs/de4e0f64-2555-4e94-9b8f-31685df9fcfc/business_strategy.json,reports,.json,17194
reports/content_packages/sig-test-001/runs/de94e02e-b3f0-4487-bcfa-37a2bf14652b/business_strategy.json,reports,.json,17194
reports/content_packages/sig-test-001/runs/de94e02e-b3f0-4487-bcfa-37a2bf14652b/generated.json,reports,.json,1033
reports/content_packages/sig-test-001/runs/dece2999-ea5a-45b6-b391-0e9e5d0473aa/business_strategy.json,reports,.json,17194
reports/content_packages/sig-test-001/runs/deeb15b4-5d5c-4527-8d0b-4dd57ac2116b/business_strategy.json,reports,.json,17194
reports/content_packages/sig-test-001/runs/defd3fe1-7d31-40fe-a194-a0574d1330bf/assignment.json,reports,.json,849
reports/content_packages/sig-test-001/runs/defd3fe1-7d31-40fe-a194-a0574d1330bf/business_strategy.json,reports,.json,17194
reports/content_packages/sig-test-001/runs/df093b87-dd5f-439c-9d29-1ac2d5afc4cb/assignment.json,reports,.json,849
reports/content_packages/sig-test-001/runs/df093b87-dd5f-439c-9d29-1ac2d5afc4cb/business_strategy.json,reports,.json,17194
reports/content_packages/sig-test-001/runs/df093b87-dd5f-439c-9d29-1ac2d5afc4cb/editorial_acceptance.json,reports,.json,289
reports/content_packages/sig-test-001/runs/df093b87-dd5f-439c-9d29-1ac2d5afc4cb/generated.json,reports,.json,1033
reports/content_packages/sig-test-001/runs/df224802-9e81-4d89-8106-03e9fd3a06eb/assignment.json,reports,.json,849
reports/content_packages/sig-test-001/runs/df224802-9e81-4d89-8106-03e9fd3a06eb/business_strategy.json,reports,.json,17194
reports/content_packages/sig-test-001/runs/df224802-9e81-4d89-8106-03e9fd3a06eb/editorial_acceptance.json,reports,.json,289
reports/content_packages/sig-test-001/runs/df224802-9e81-4d89-8106-03e9fd3a06eb/generated.json,reports,.json,1033
reports/content_packages/sig-test-001/runs/df47da04-673e-4b69-bb10-2eecf02366f8/assignment.json,reports,.json,849
reports/content_packages/sig-test-001/runs/df47da04-673e-4b69-bb10-2eecf02366f8/business_strategy.json,reports,.json,17194
reports/content_packages/sig-test-001/runs/df47da04-673e-4b69-bb10-2eecf02366f8/editorial_acceptance.json,reports,.json,289
reports/content_packages/sig-test-001/runs/df47da04-673e-4b69-bb10-2eecf02366f8/generated.json,reports,.json,1033
reports/content_packages/sig-test-001/runs/dfa8b80e-a1ef-484a-a8a8-a1715f21554d/assignment.json,reports,.json,849
reports/content_packages/sig-test-001/runs/dfa8b80e-a1ef-484a-a8a8-a1715f21554d/business_strategy.json,reports,.json,17194
reports/content_packages/sig-test-001/runs/dfa8b80e-a1ef-484a-a8a8-a1715f21554d/editorial_acceptance.json,reports,.json,289
reports/content_packages/sig-test-001/runs/dfa8b80e-a1ef-484a-a8a8-a1715f21554d/generated.json,reports,.json,1033
reports/content_packages/sig-test-001/runs/dfaaebb8-5ec0-4ad2-a858-de36a93a588d/generated.json,reports,.json,798
reports/content_packages/sig-test-001/runs/dfc98c2d-1f9f-42db-8b35-82c6e42102cc/assignment.json,reports,.json,849
reports/content_packages/sig-test-001/runs/dfc98c2d-1f9f-42db-8b35-82c6e42102cc/business_strategy.json,reports,.json,17194
reports/content_packages/sig-test-001/runs/dfe4e1c7-9cfa-4044-9668-3afe05b1ad81/generated.json,reports,.json,798
reports/content_packages/sig-test-001/runs/dfeb3162-7083-4adf-bcd0-6082683f48b1/assignment.json,reports,.json,849
reports/content_packages/sig-test-001/runs/dfeb3162-7083-4adf-bcd0-6082683f48b1/business_strategy.json,reports,.json,17194
reports/content_packages/sig-test-001/runs/dfeb3162-7083-4adf-bcd0-6082683f48b1/editorial_acceptance.json,reports,.json,289
reports/content_packages/sig-test-001/runs/dfeb3162-7083-4adf-bcd0-6082683f48b1/generated.json,reports,.json,1033
reports/content_packages/sig-test-001/runs/e011bbdf-e4cb-4eae-b9ab-d4d6ba0a8656/business_strategy.json,reports,.json,17194
reports/content_packages/sig-test-001/runs/e011bbdf-e4cb-4eae-b9ab-d4d6ba0a8656/generated.json,reports,.json,1033
reports/content_packages/sig-test-001/runs/e011bbdf-e4cb-4eae-b9ab-d4d6ba0a8656/publication_results.json,reports,.json,1079
reports/content_packages/sig-test-001/runs/e02e4ec6-6a68-4deb-a604-25330450df16/assignment.json,reports,.json,849
reports/content_packages/sig-test-001/runs/e02e4ec6-6a68-4deb-a604-25330450df16/business_strategy.json,reports,.json,17194
reports/content_packages/sig-test-001/runs/e02e4ec6-6a68-4deb-a604-25330450df16/editorial_acceptance.json,reports,.json,289
reports/content_packages/sig-test-001/runs/e02e4ec6-6a68-4deb-a604-25330450df16/generated.json,reports,.json,1033
reports/content_packages/sig-test-001/runs/e0756afd-56df-4364-8a1a-d078e81906fe/business_strategy.json,reports,.json,17194
reports/content_packages/sig-test-001/runs/e0756afd-56df-4364-8a1a-d078e81906fe/generated.json,reports,.json,1033
reports/content_packages/sig-test-001/runs/e075a8fe-da03-445d-a8ee-2310f140a234/business_strategy.json,reports,.json,17194
reports/content_packages/sig-test-001/runs/e075a8fe-da03-445d-a8ee-2310f140a234/editorial_acceptance.json,reports,.json,236
reports/content_packages/sig-test-001/runs/e075a8fe-da03-445d-a8ee-2310f140a234/generated.json,reports,.json,1033
reports/content_packages/sig-test-001/runs/e07f289c-aaa7-4b2c-9ca3-a43ccedca1bc/business_strategy.json,reports,.json,17194
reports/content_packages/sig-test-001/runs/e07f289c-aaa7-4b2c-9ca3-a43ccedca1bc/generated.json,reports,.json,1033
reports/content_packages/sig-test-001/runs/e0871f27-0e3f-4a07-82f5-e3b9f0f90f83/generated.json,reports,.json,932
reports/content_packages/sig-test-001/runs/e0871f27-0e3f-4a07-82f5-e3b9f0f90f83/publication_results.json,reports,.json,978
reports/content_packages/sig-test-001/runs/e09f4ae2-588c-4f44-8df8-e9718e9a2940/assignment.json,reports,.json,849
reports/content_packages/sig-test-001/runs/e09f4ae2-588c-4f44-8df8-e9718e9a2940/business_strategy.json,reports,.json,17194
reports/content_packages/sig-test-001/runs/e09f4ae2-588c-4f44-8df8-e9718e9a2940/editorial_acceptance.json,reports,.json,289
reports/content_packages/sig-test-001/runs/e09f4ae2-588c-4f44-8df8-e9718e9a2940/generated.json,reports,.json,1033
reports/content_packages/sig-test-001/runs/e0a3e158-bd7e-46dd-a6bc-11bd5b44da9b/business_strategy.json,reports,.json,17194
reports/content_packages/sig-test-001/runs/e0b617c7-935d-4558-aaba-ddea0ecbaa91/assignment.json,reports,.json,849
reports/content_packages/sig-test-001/runs/e0b617c7-935d-4558-aaba-ddea0ecbaa91/business_strategy.json,reports,.json,17194
reports/content_packages/sig-test-001/runs/e0b617c7-935d-4558-aaba-ddea0ecbaa91/editorial_acceptance.json,reports,.json,289
reports/content_packages/sig-test-001/runs/e0b617c7-935d-4558-aaba-ddea0ecbaa91/generated.json,reports,.json,1033
reports/content_packages/sig-test-001/runs/e12c3291-1e32-445c-a041-f606b1200141/assignment.json,reports,.json,849
reports/content_packages/sig-test-001/runs/e12c3291-1e32-445c-a041-f606b1200141/business_strategy.json,reports,.json,17194
reports/content_packages/sig-test-001/runs/e12c3291-1e32-445c-a041-f606b1200141/editorial_acceptance.json,reports,.json,289
reports/content_packages/sig-test-001/runs/e12c3291-1e32-445c-a041-f606b1200141/generated.json,reports,.json,1033
reports/content_packages/sig-test-001/runs/e12ca0ed-95fe-4822-ab2c-300747998733/business_strategy.json,reports,.json,17194
reports/content_packages/sig-test-001/runs/e12ca0ed-95fe-4822-ab2c-300747998733/generated.json,reports,.json,1228
reports/content_packages/sig-test-001/runs/e1a411d1-f9bf-4d08-b0a4-3f1e0eafdc93/assignment.json,reports,.json,857
reports/content_packages/sig-test-001/runs/e1a411d1-f9bf-4d08-b0a4-3f1e0eafdc93/business_strategy.json,reports,.json,17194
reports/content_packages/sig-test-001/runs/e1e979de-8630-412e-963d-0e3075f881bb/business_strategy.json,reports,.json,17194
reports/content_packages/sig-test-001/runs/e1f78873-2ffe-4f32-b37a-b333035f64b4/business_strategy.json,reports,.json,17194
reports/content_packages/sig-test-001/runs/e1f78873-2ffe-4f32-b37a-b333035f64b4/editorial_acceptance.json,reports,.json,236
reports/content_packages/sig-test-001/runs/e1f78873-2ffe-4f32-b37a-b333035f64b4/generated.json,reports,.json,1033
reports/content_packages/sig-test-001/runs/e1fb183c-4ad7-4ab4-9540-073ebb9ed8f1/business_strategy.json,reports,.json,17194
reports/content_packages/sig-test-001/runs/e1fb183c-4ad7-4ab4-9540-073ebb9ed8f1/generated.json,reports,.json,1033
reports/content_packages/sig-test-001/runs/e1fb183c-4ad7-4ab4-9540-073ebb9ed8f1/publication_results.json,reports,.json,1079
reports/content_packages/sig-test-001/runs/e2117bd5-9afb-4c5e-9f29-c428dae02f6a/assignment.json,reports,.json,857
reports/content_packages/sig-test-001/runs/e2117bd5-9afb-4c5e-9f29-c428dae02f6a/business_strategy.json,reports,.json,17194
reports/content_packages/sig-test-001/runs/e2117bd5-9afb-4c5e-9f29-c428dae02f6a/editorial_acceptance.json,reports,.json,289
reports/content_packages/sig-test-001/runs/e2117bd5-9afb-4c5e-9f29-c428dae02f6a/generated.json,reports,.json,1033
reports/content_packages/sig-test-001/runs/e2117bd5-9afb-4c5e-9f29-c428dae02f6a/publication_results.json,reports,.json,1282
reports/content_packages/sig-test-001/runs/e21e9e10-a552-4bca-a358-be161375e9fd/assignment.json,reports,.json,857
reports/content_packages/sig-test-001/runs/e21e9e10-a552-4bca-a358-be161375e9fd/business_strategy.json,reports,.json,17194
reports/content_packages/sig-test-001/runs/e21e9e10-a552-4bca-a358-be161375e9fd/editorial_acceptance.json,reports,.json,289
reports/content_packages/sig-test-001/runs/e21e9e10-a552-4bca-a358-be161375e9fd/generated.json,reports,.json,1033
reports/content_packages/sig-test-001/runs/e21e9e10-a552-4bca-a358-be161375e9fd/publication_results.json,reports,.json,1160
reports/content_packages/sig-test-001/runs/e2378544-9533-45b6-96fb-c9283deffb48/business_strategy.json,reports,.json,17194
reports/content_packages/sig-test-001/runs/e2378544-9533-45b6-96fb-c9283deffb48/generated.json,reports,.json,1033
reports/content_packages/sig-test-001/runs/e23af3d5-eea4-4328-ac89-a4bbb9dc1d7d/assignment.json,reports,.json,857
reports/content_packages/sig-test-001/runs/e23af3d5-eea4-4328-ac89-a4bbb9dc1d7d/business_strategy.json,reports,.json,17194
reports/content_packages/sig-test-001/runs/e23af3d5-eea4-4328-ac89-a4bbb9dc1d7d/editorial_acceptance.json,reports,.json,289
reports/content_packages/sig-test-001/runs/e23af3d5-eea4-4328-ac89-a4bbb9dc1d7d/generated.json,reports,.json,1033
reports/content_packages/sig-test-001/runs/e23af3d5-eea4-4328-ac89-a4bbb9dc1d7d/publication_results.json,reports,.json,1282
reports/content_packages/sig-test-001/runs/e23ddb7d-0ec2-4597-9966-8a3c28a4ac89/business_strategy.json,reports,.json,17194
reports/content_packages/sig-test-001/runs/e23ddb7d-0ec2-4597-9966-8a3c28a4ac89/generated.json,reports,.json,1033
reports/content_packages/sig-test-001/runs/e23ddb7d-0ec2-4597-9966-8a3c28a4ac89/publication_results.json,reports,.json,1079
reports/content_packages/sig-test-001/runs/e24ff2ec-ee39-4f44-adce-ca81a7380e8c/assignment.json,reports,.json,857
reports/content_packages/sig-test-001/runs/e24ff2ec-ee39-4f44-adce-ca81a7380e8c/business_strategy.json,reports,.json,17194
reports/content_packages/sig-test-001/runs/e24ff2ec-ee39-4f44-adce-ca81a7380e8c/editorial_acceptance.json,reports,.json,289
reports/content_packages/sig-test-001/runs/e24ff2ec-ee39-4f44-adce-ca81a7380e8c/generated.json,reports,.json,1033
reports/content_packages/sig-test-001/runs/e24ff2ec-ee39-4f44-adce-ca81a7380e8c/publication_results.json,reports,.json,1160
reports/content_packages/sig-test-001/runs/e25d63e2-b061-475d-bab5-64eac9deb1a7/assignment.json,reports,.json,849
reports/content_packages/sig-test-001/runs/e25d63e2-b061-475d-bab5-64eac9deb1a7/business_strategy.json,reports,.json,17194
reports/content_packages/sig-test-001/runs/e2a10f73-330a-43d8-a176-dd59d6a722df/assignment.json,reports,.json,849
reports/content_packages/sig-test-001/runs/e2a10f73-330a-43d8-a176-dd59d6a722df/business_strategy.json,reports,.json,17194
reports/content_packages/sig-test-001/runs/e2a10f73-330a-43d8-a176-dd59d6a722df/editorial_acceptance.json,reports,.json,289
reports/content_packages/sig-test-001/runs/e2a10f73-330a-43d8-a176-dd59d6a722df/generated.json,reports,.json,1033
reports/content_packages/sig-test-001/runs/e2a8985f-50eb-426b-bc28-6e1bf0bfe971/business_strategy.json,reports,.json,17194
reports/content_packages/sig-test-001/runs/e2bc693b-42b5-4f3f-bf1e-632e47bce3e2/business_strategy.json,reports,.json,17194
reports/content_packages/sig-test-001/runs/e2bc693b-42b5-4f3f-bf1e-632e47bce3e2/generated.json,reports,.json,1033
reports/content_packages/sig-test-001/runs/e2bc693b-42b5-4f3f-bf1e-632e47bce3e2/publication_results.json,reports,.json,1079
reports/content_packages/sig-test-001/runs/e2df184b-4761-4cc6-aecf-3a1f2a95a510/assignment.json,reports,.json,849
reports/content_packages/sig-test-001/runs/e2df184b-4761-4cc6-aecf-3a1f2a95a510/business_strategy.json,reports,.json,17194
reports/content_packages/sig-test-001/runs/e2df184b-4761-4cc6-aecf-3a1f2a95a510/editorial_acceptance.json,reports,.json,289
reports/content_packages/sig-test-001/runs/e2df184b-4761-4cc6-aecf-3a1f2a95a510/generated.json,reports,.json,1033
reports/content_packages/sig-test-001/runs/e2ec795a-6b71-4842-951d-84ba43ce08d5/business_strategy.json,reports,.json,17194
reports/content_packages/sig-test-001/runs/e2ec795a-6b71-4842-951d-84ba43ce08d5/generated.json,reports,.json,1228
reports/content_packages/sig-test-001/runs/e31ccc21-7fba-423f-aa55-770cf4afba56/assignment.json,reports,.json,849
reports/content_packages/sig-test-001/runs/e31ccc21-7fba-423f-aa55-770cf4afba56/business_strategy.json,reports,.json,17194
reports/content_packages/sig-test-001/runs/e31ccc21-7fba-423f-aa55-770cf4afba56/editorial_acceptance.json,reports,.json,289
reports/content_packages/sig-test-001/runs/e31ccc21-7fba-423f-aa55-770cf4afba56/generated.json,reports,.json,1033
reports/content_packages/sig-test-001/runs/e34ffd0a-7b8a-404e-8a82-522cb49e718b/business_strategy.json,reports,.json,17194
reports/content_packages/sig-test-001/runs/e34ffd0a-7b8a-404e-8a82-522cb49e718b/editorial_acceptance.json,reports,.json,236
reports/content_packages/sig-test-001/runs/e34ffd0a-7b8a-404e-8a82-522cb49e718b/generated.json,reports,.json,1033
reports/content_packages/sig-test-001/runs/e35825ce-c5b0-4806-89fd-f296ada20d12/generated.json,reports,.json,798
reports/content_packages/sig-test-001/runs/e3737991-5012-4b54-9306-7420fb726529/assignment.json,reports,.json,849
reports/content_packages/sig-test-001/runs/e3737991-5012-4b54-9306-7420fb726529/business_strategy.json,reports,.json,17194
reports/content_packages/sig-test-001/runs/e3737991-5012-4b54-9306-7420fb726529/editorial_acceptance.json,reports,.json,289
reports/content_packages/sig-test-001/runs/e3737991-5012-4b54-9306-7420fb726529/generated.json,reports,.json,1033
reports/content_packages/sig-test-001/runs/e396b75b-d4a6-4b66-ac0b-55a5bf112d66/assignment.json,reports,.json,849
reports/content_packages/sig-test-001/runs/e396b75b-d4a6-4b66-ac0b-55a5bf112d66/business_strategy.json,reports,.json,17194
reports/content_packages/sig-test-001/runs/e396b75b-d4a6-4b66-ac0b-55a5bf112d66/editorial_acceptance.json,reports,.json,289
reports/content_packages/sig-test-001/runs/e396b75b-d4a6-4b66-ac0b-55a5bf112d66/generated.json,reports,.json,1033
reports/content_packages/sig-test-001/runs/e3cd1940-745b-4804-9cff-2c0f665d94ff/assignment.json,reports,.json,849
reports/content_packages/sig-test-001/runs/e3cd1940-745b-4804-9cff-2c0f665d94ff/business_strategy.json,reports,.json,17194
reports/content_packages/sig-test-001/runs/e3cd1940-745b-4804-9cff-2c0f665d94ff/editorial_acceptance.json,reports,.json,289
reports/content_packages/sig-test-001/runs/e3cd1940-745b-4804-9cff-2c0f665d94ff/generated.json,reports,.json,1033
reports/content_packages/sig-test-001/runs/e3eaecd3-c7bb-4422-9ff0-65bad49c8419/business_strategy.json,reports,.json,17194
reports/content_packages/sig-test-001/runs/e40962b1-5cd5-41f3-953e-c756d872e7ee/assignment.json,reports,.json,849
reports/content_packages/sig-test-001/runs/e40962b1-5cd5-41f3-953e-c756d872e7ee/business_strategy.json,reports,.json,17194
reports/content_packages/sig-test-001/runs/e40962b1-5cd5-41f3-953e-c756d872e7ee/editorial_acceptance.json,reports,.json,289
reports/content_packages/sig-test-001/runs/e40962b1-5cd5-41f3-953e-c756d872e7ee/generated.json,reports,.json,1033
reports/content_packages/sig-test-001/runs/e419d43e-1b88-44a9-bfe4-ae234d0b13b6/business_strategy.json,reports,.json,17194
reports/content_packages/sig-test-001/runs/e4232467-4358-446f-ba44-064b3e217034/assignment.json,reports,.json,857
reports/content_packages/sig-test-001/runs/e4232467-4358-446f-ba44-064b3e217034/business_strategy.json,reports,.json,17194
reports/content_packages/sig-test-001/runs/e4232467-4358-446f-ba44-064b3e217034/editorial_acceptance.json,reports,.json,289
reports/content_packages/sig-test-001/runs/e4232467-4358-446f-ba44-064b3e217034/generated.json,reports,.json,1033
reports/content_packages/sig-test-001/runs/e4232467-4358-446f-ba44-064b3e217034/publication_results.json,reports,.json,1160
reports/content_packages/sig-test-001/runs/e44ca2cf-5f74-4126-bd31-0191f1a9e582/business_strategy.json,reports,.json,17194
reports/content_packages/sig-test-001/runs/e44ca2cf-5f74-4126-bd31-0191f1a9e582/editorial_acceptance.json,reports,.json,236
reports/content_packages/sig-test-001/runs/e44ca2cf-5f74-4126-bd31-0191f1a9e582/generated.json,reports,.json,1033
reports/content_packages/sig-test-001/runs/e4c18715-e9e6-4cd9-8a3e-ad667b59a897/business_strategy.json,reports,.json,17194
reports/content_packages/sig-test-001/runs/e4c18715-e9e6-4cd9-8a3e-ad667b59a897/generated.json,reports,.json,1033
reports/content_packages/sig-test-001/runs/e5343e39-38cf-4552-b263-9afaacd2eeaf/generated.json,reports,.json,798
reports/content_packages/sig-test-001/runs/e5343e39-38cf-4552-b263-9afaacd2eeaf/publication_results.json,reports,.json,844
reports/content_packages/sig-test-001/runs/e5428b25-b2d7-4e90-b9b5-5d36ed86569a/assignment.json,reports,.json,849
reports/content_packages/sig-test-001/runs/e5428b25-b2d7-4e90-b9b5-5d36ed86569a/business_strategy.json,reports,.json,17194
reports/content_packages/sig-test-001/runs/e5428b25-b2d7-4e90-b9b5-5d36ed86569a/editorial_acceptance.json,reports,.json,289
reports/content_packages/sig-test-001/runs/e5428b25-b2d7-4e90-b9b5-5d36ed86569a/generated.json,reports,.json,1033
reports/content_packages/sig-test-001/runs/e5a2e89d-c712-4257-9b20-b32b00958859/assignment.json,reports,.json,849
reports/content_packages/sig-test-001/runs/e5a2e89d-c712-4257-9b20-b32b00958859/business_strategy.json,reports,.json,17194
reports/content_packages/sig-test-001/runs/e5a43d20-adb0-421c-a72b-d4e495a116a2/business_strategy.json,reports,.json,17194
reports/content_packages/sig-test-001/runs/e5a43d20-adb0-421c-a72b-d4e495a116a2/generated.json,reports,.json,1033
reports/content_packages/sig-test-001/runs/e5dfd03d-26ec-4712-b522-b3e36e0564a0/assignment.json,reports,.json,857
reports/content_packages/sig-test-001/runs/e5dfd03d-26ec-4712-b522-b3e36e0564a0/business_strategy.json,reports,.json,17194
reports/content_packages/sig-test-001/runs/e5dfd03d-26ec-4712-b522-b3e36e0564a0/editorial_acceptance.json,reports,.json,289
reports/content_packages/sig-test-001/runs/e5dfd03d-26ec-4712-b522-b3e36e0564a0/generated.json,reports,.json,1033
reports/content_packages/sig-test-001/runs/e5dfd03d-26ec-4712-b522-b3e36e0564a0/publication_results.json,reports,.json,1160
reports/content_packages/sig-test-001/runs/e5e60be4-8457-4ad8-88f4-f485cf40c107/generated.json,reports,.json,798
reports/content_packages/sig-test-001/runs/e619b65c-eaca-4466-a238-0f5440e2bc59/assignment.json,reports,.json,857
reports/content_packages/sig-test-001/runs/e619b65c-eaca-4466-a238-0f5440e2bc59/business_strategy.json,reports,.json,17194
reports/content_packages/sig-test-001/runs/e619b65c-eaca-4466-a238-0f5440e2bc59/editorial_acceptance.json,reports,.json,289
reports/content_packages/sig-test-001/runs/e619b65c-eaca-4466-a238-0f5440e2bc59/generated.json,reports,.json,1033
reports/content_packages/sig-test-001/runs/e619b65c-eaca-4466-a238-0f5440e2bc59/publication_results.json,reports,.json,1160
reports/content_packages/sig-test-001/runs/e638d9ab-9d84-4592-a49a-6c8114470024/business_strategy.json,reports,.json,17194
reports/content_packages/sig-test-001/runs/e638d9ab-9d84-4592-a49a-6c8114470024/generated.json,reports,.json,1033
reports/content_packages/sig-test-001/runs/e638d9ab-9d84-4592-a49a-6c8114470024/publication_results.json,reports,.json,1079
reports/content_packages/sig-test-001/runs/e662f469-5289-4288-a04a-b690c99c91cf/business_strategy.json,reports,.json,17194
reports/content_packages/sig-test-001/runs/e662f469-5289-4288-a04a-b690c99c91cf/generated.json,reports,.json,1033
reports/content_packages/sig-test-001/runs/e662f469-5289-4288-a04a-b690c99c91cf/publication_results.json,reports,.json,1079
reports/content_packages/sig-test-001/runs/e6a4b385-973a-4a12-8555-2e68f06e96e3/generated.json,reports,.json,932
reports/content_packages/sig-test-001/runs/e7288749-1d25-49a1-a886-84c7c3da6b32/assignment.json,reports,.json,857
reports/content_packages/sig-test-001/runs/e7288749-1d25-49a1-a886-84c7c3da6b32/business_strategy.json,reports,.json,17194
reports/content_packages/sig-test-001/runs/e7288749-1d25-49a1-a886-84c7c3da6b32/editorial_acceptance.json,reports,.json,289
reports/content_packages/sig-test-001/runs/e7288749-1d25-49a1-a886-84c7c3da6b32/generated.json,reports,.json,1033
reports/content_packages/sig-test-001/runs/e765bacb-68d1-4c83-9a2e-19d728ed5774/assignment.json,reports,.json,849
reports/content_packages/sig-test-001/runs/e765bacb-68d1-4c83-9a2e-19d728ed5774/business_strategy.json,reports,.json,17194
reports/content_packages/sig-test-001/runs/e765bacb-68d1-4c83-9a2e-19d728ed5774/editorial_acceptance.json,reports,.json,289
reports/content_packages/sig-test-001/runs/e765bacb-68d1-4c83-9a2e-19d728ed5774/generated.json,reports,.json,1033
reports/content_packages/sig-test-001/runs/e76983ae-dd41-484f-9684-63a419884ac4/business_strategy.json,reports,.json,17194
reports/content_packages/sig-test-001/runs/e76983ae-dd41-484f-9684-63a419884ac4/generated.json,reports,.json,1228
reports/content_packages/sig-test-001/runs/e76983ae-dd41-484f-9684-63a419884ac4/publication_results.json,reports,.json,1079
reports/content_packages/sig-test-001/runs/e786e674-b380-4b7b-a8f2-7fd48648d25e/assignment.json,reports,.json,849
reports/content_packages/sig-test-001/runs/e786e674-b380-4b7b-a8f2-7fd48648d25e/business_strategy.json,reports,.json,17194
reports/content_packages/sig-test-001/runs/e786e674-b380-4b7b-a8f2-7fd48648d25e/editorial_acceptance.json,reports,.json,289
reports/content_packages/sig-test-001/runs/e786e674-b380-4b7b-a8f2-7fd48648d25e/generated.json,reports,.json,1033
reports/content_packages/sig-test-001/runs/e7896b42-0aa1-4ec3-b6f4-fde992a18b6f/business_strategy.json,reports,.json,17194
reports/content_packages/sig-test-001/runs/e7896b42-0aa1-4ec3-b6f4-fde992a18b6f/generated.json,reports,.json,1033
reports/content_packages/sig-test-001/runs/e7c6ba4b-91e7-4068-b489-60e9090ae995/assignment.json,reports,.json,857
reports/content_packages/sig-test-001/runs/e7c6ba4b-91e7-4068-b489-60e9090ae995/business_strategy.json,reports,.json,17194
reports/content_packages/sig-test-001/runs/e7c6ba4b-91e7-4068-b489-60e9090ae995/editorial_acceptance.json,reports,.json,289
reports/content_packages/sig-test-001/runs/e7c6ba4b-91e7-4068-b489-60e9090ae995/generated.json,reports,.json,1033
reports/content_packages/sig-test-001/runs/e7c6ba4b-91e7-4068-b489-60e9090ae995/publication_results.json,reports,.json,1160
reports/content_packages/sig-test-001/runs/e7ed3428-30c8-43d9-8691-bca246da14a7/assignment.json,reports,.json,849
reports/content_packages/sig-test-001/runs/e7ed3428-30c8-43d9-8691-bca246da14a7/business_strategy.json,reports,.json,17194
reports/content_packages/sig-test-001/runs/e7ed3428-30c8-43d9-8691-bca246da14a7/editorial_acceptance.json,reports,.json,289
reports/content_packages/sig-test-001/runs/e7ed3428-30c8-43d9-8691-bca246da14a7/generated.json,reports,.json,1033
reports/content_packages/sig-test-001/runs/e7f3fad5-af07-4c27-8f44-48d5609acd1e/business_strategy.json,reports,.json,17194
reports/content_packages/sig-test-001/runs/e7f3fad5-af07-4c27-8f44-48d5609acd1e/generated.json,reports,.json,1033
reports/content_packages/sig-test-001/runs/e7f3fad5-af07-4c27-8f44-48d5609acd1e/publication_results.json,reports,.json,1079
reports/content_packages/sig-test-001/runs/e8199169-a404-4073-a7f6-84be80d0aae3/assignment.json,reports,.json,849
reports/content_packages/sig-test-001/runs/e8199169-a404-4073-a7f6-84be80d0aae3/business_strategy.json,reports,.json,17194
reports/content_packages/sig-test-001/runs/e8199169-a404-4073-a7f6-84be80d0aae3/editorial_acceptance.json,reports,.json,289
reports/content_packages/sig-test-001/runs/e8199169-a404-4073-a7f6-84be80d0aae3/generated.json,reports,.json,1033
reports/content_packages/sig-test-001/runs/e871ca93-6609-44e1-86d4-67e1a24cbd0c/assignment.json,reports,.json,849
reports/content_packages/sig-test-001/runs/e871ca93-6609-44e1-86d4-67e1a24cbd0c/business_strategy.json,reports,.json,17194
reports/content_packages/sig-test-001/runs/e8741faa-7a4f-48b5-89e1-4c19bea7f7ca/business_strategy.json,reports,.json,17194
reports/content_packages/sig-test-001/runs/e8741faa-7a4f-48b5-89e1-4c19bea7f7ca/generated.json,reports,.json,1033
reports/content_packages/sig-test-001/runs/e899bae0-118b-4226-ae1b-ca9b8c73c0bf/assignment.json,reports,.json,857
reports/content_packages/sig-test-001/runs/e899bae0-118b-4226-ae1b-ca9b8c73c0bf/business_strategy.json,reports,.json,17194
reports/content_packages/sig-test-001/runs/e899bae0-118b-4226-ae1b-ca9b8c73c0bf/editorial_acceptance.json,reports,.json,289
reports/content_packages/sig-test-001/runs/e899bae0-118b-4226-ae1b-ca9b8c73c0bf/generated.json,reports,.json,1033
reports/content_packages/sig-test-001/runs/e899bae0-118b-4226-ae1b-ca9b8c73c0bf/publication_results.json,reports,.json,1079
reports/content_packages/sig-test-001/runs/e89b2d12-2e78-4a6b-a8bc-58025f1519da/assignment.json,reports,.json,857
reports/content_packages/sig-test-001/runs/e89b2d12-2e78-4a6b-a8bc-58025f1519da/business_strategy.json,reports,.json,17194
reports/content_packages/sig-test-001/runs/e89b2d12-2e78-4a6b-a8bc-58025f1519da/editorial_acceptance.json,reports,.json,289
reports/content_packages/sig-test-001/runs/e89b2d12-2e78-4a6b-a8bc-58025f1519da/generated.json,reports,.json,1033
reports/content_packages/sig-test-001/runs/e89b2d12-2e78-4a6b-a8bc-58025f1519da/publication_results.json,reports,.json,1160
reports/content_packages/sig-test-001/runs/e8a5ad72-5eb4-4cd8-b477-3ad5a358a2b9/generated.json,reports,.json,798
reports/content_packages/sig-test-001/runs/e8a5ad72-5eb4-4cd8-b477-3ad5a358a2b9/publication_results.json,reports,.json,844
reports/content_packages/sig-test-001/runs/e8eccb9a-d305-41e1-ac6c-f246e01a165a/assignment.json,reports,.json,849
reports/content_packages/sig-test-001/runs/e8eccb9a-d305-41e1-ac6c-f246e01a165a/business_strategy.json,reports,.json,17194
reports/content_packages/sig-test-001/runs/e8eccb9a-d305-41e1-ac6c-f246e01a165a/editorial_acceptance.json,reports,.json,289
reports/content_packages/sig-test-001/runs/e8eccb9a-d305-41e1-ac6c-f246e01a165a/generated.json,reports,.json,1033
reports/content_packages/sig-test-001/runs/e8fa4a1a-6147-4f25-9d5b-bf3b3530b31a/assignment.json,reports,.json,857
reports/content_packages/sig-test-001/runs/e8fa4a1a-6147-4f25-9d5b-bf3b3530b31a/business_strategy.json,reports,.json,17194
reports/content_packages/sig-test-001/runs/e8ff89d8-bedb-4ddd-acf3-c488526a8a20/business_strategy.json,reports,.json,17194
reports/content_packages/sig-test-001/runs/e8ff89d8-bedb-4ddd-acf3-c488526a8a20/generated.json,reports,.json,1033
reports/content_packages/sig-test-001/runs/e8ffdf56-8124-4257-8b2d-9cead1151a10/business_strategy.json,reports,.json,17194
reports/content_packages/sig-test-001/runs/e93280c3-416d-4133-aa7e-776c046c7f51/assignment.json,reports,.json,849
reports/content_packages/sig-test-001/runs/e93280c3-416d-4133-aa7e-776c046c7f51/business_strategy.json,reports,.json,17194
reports/content_packages/sig-test-001/runs/e93280c3-416d-4133-aa7e-776c046c7f51/editorial_acceptance.json,reports,.json,289
reports/content_packages/sig-test-001/runs/e93280c3-416d-4133-aa7e-776c046c7f51/generated.json,reports,.json,1033
reports/content_packages/sig-test-001/runs/e94b03d5-a03b-4e6a-b426-26e2469a18f0/assignment.json,reports,.json,849
reports/content_packages/sig-test-001/runs/e94b03d5-a03b-4e6a-b426-26e2469a18f0/business_strategy.json,reports,.json,17194
reports/content_packages/sig-test-001/runs/e95e6948-247e-423b-a63a-882ad13b933e/business_strategy.json,reports,.json,17194
reports/content_packages/sig-test-001/runs/e95e6948-247e-423b-a63a-882ad13b933e/generated.json,reports,.json,1228
reports/content_packages/sig-test-001/runs/e9624abb-e5be-4fef-a197-d83247575619/business_strategy.json,reports,.json,17194
reports/content_packages/sig-test-001/runs/e9624abb-e5be-4fef-a197-d83247575619/generated.json,reports,.json,1033
reports/content_packages/sig-test-001/runs/e98ba5fe-5c68-420d-83ad-9be0c5e08c55/generated.json,reports,.json,798
reports/content_packages/sig-test-001/runs/e9ba88c2-66d9-40f6-8a50-22dcfdb03ab1/assignment.json,reports,.json,857
reports/content_packages/sig-test-001/runs/e9ba88c2-66d9-40f6-8a50-22dcfdb03ab1/business_strategy.json,reports,.json,17194
reports/content_packages/sig-test-001/runs/e9ba88c2-66d9-40f6-8a50-22dcfdb03ab1/editorial_acceptance.json,reports,.json,289
reports/content_packages/sig-test-001/runs/e9ba88c2-66d9-40f6-8a50-22dcfdb03ab1/generated.json,reports,.json,1033
reports/content_packages/sig-test-001/runs/e9ba88c2-66d9-40f6-8a50-22dcfdb03ab1/publication_results.json,reports,.json,1160
reports/content_packages/sig-test-001/runs/ea0f2b05-29e8-4515-8b78-7ac0dfb4d145/business_strategy.json,reports,.json,17194
reports/content_packages/sig-test-001/runs/ea0f2b05-29e8-4515-8b78-7ac0dfb4d145/generated.json,reports,.json,1033
reports/content_packages/sig-test-001/runs/ea0f2b05-29e8-4515-8b78-7ac0dfb4d145/publication_results.json,reports,.json,1079
reports/content_packages/sig-test-001/runs/ea21d51b-16fe-40d3-af27-3b378c4cc4a8/assignment.json,reports,.json,857
reports/content_packages/sig-test-001/runs/ea21d51b-16fe-40d3-af27-3b378c4cc4a8/business_strategy.json,reports,.json,17194
reports/content_packages/sig-test-001/runs/ea21d51b-16fe-40d3-af27-3b378c4cc4a8/editorial_acceptance.json,reports,.json,289
reports/content_packages/sig-test-001/runs/ea21d51b-16fe-40d3-af27-3b378c4cc4a8/generated.json,reports,.json,1033
reports/content_packages/sig-test-001/runs/ea21d51b-16fe-40d3-af27-3b378c4cc4a8/publication_results.json,reports,.json,1079
reports/content_packages/sig-test-001/runs/ea5768b0-2183-4157-b647-4240b0e1b3c1/assignment.json,reports,.json,849
reports/content_packages/sig-test-001/runs/ea5768b0-2183-4157-b647-4240b0e1b3c1/business_strategy.json,reports,.json,17194
reports/content_packages/sig-test-001/runs/ea5768b0-2183-4157-b647-4240b0e1b3c1/editorial_acceptance.json,reports,.json,289
reports/content_packages/sig-test-001/runs/ea5768b0-2183-4157-b647-4240b0e1b3c1/generated.json,reports,.json,1033
reports/content_packages/sig-test-001/runs/ea633e1d-9571-465d-97fb-15ebc34366dc/business_strategy.json,reports,.json,17194
reports/content_packages/sig-test-001/runs/ea633e1d-9571-465d-97fb-15ebc34366dc/generated.json,reports,.json,1033
reports/content_packages/sig-test-001/runs/ea633e1d-9571-465d-97fb-15ebc34366dc/publication_results.json,reports,.json,1079
reports/content_packages/sig-test-001/runs/ea7ea2a9-8529-42ea-8e66-90eaa06dcf2a/business_strategy.json,reports,.json,17194
reports/content_packages/sig-test-001/runs/ea7ea2a9-8529-42ea-8e66-90eaa06dcf2a/generated.json,reports,.json,1033
reports/content_packages/sig-test-001/runs/ea7ea2a9-8529-42ea-8e66-90eaa06dcf2a/publication_results.json,reports,.json,1079
reports/content_packages/sig-test-001/runs/ea824539-d80a-44e1-82fb-f4a3873f1650/generated.json,reports,.json,798
reports/content_packages/sig-test-001/runs/ea89691c-e416-45b1-8bbb-d71d79682d3d/assignment.json,reports,.json,857
reports/content_packages/sig-test-001/runs/ea89691c-e416-45b1-8bbb-d71d79682d3d/business_strategy.json,reports,.json,17194
reports/content_packages/sig-test-001/runs/ea89691c-e416-45b1-8bbb-d71d79682d3d/editorial_acceptance.json,reports,.json,289
reports/content_packages/sig-test-001/runs/ea89691c-e416-45b1-8bbb-d71d79682d3d/generated.json,reports,.json,1033
reports/content_packages/sig-test-001/runs/ea89691c-e416-45b1-8bbb-d71d79682d3d/publication_results.json,reports,.json,1160
reports/content_packages/sig-test-001/runs/ea92af7f-d8a4-4ea6-8623-748be0d61af5/assignment.json,reports,.json,849
reports/content_packages/sig-test-001/runs/ea92af7f-d8a4-4ea6-8623-748be0d61af5/business_strategy.json,reports,.json,17194
reports/content_packages/sig-test-001/runs/eabce7f3-303d-4b56-b0a2-929e50943c0e/assignment.json,reports,.json,849
reports/content_packages/sig-test-001/runs/eabce7f3-303d-4b56-b0a2-929e50943c0e/business_strategy.json,reports,.json,17194
reports/content_packages/sig-test-001/runs/eabce7f3-303d-4b56-b0a2-929e50943c0e/editorial_acceptance.json,reports,.json,289
reports/content_packages/sig-test-001/runs/eabce7f3-303d-4b56-b0a2-929e50943c0e/generated.json,reports,.json,1033
reports/content_packages/sig-test-001/runs/eac2acb2-6022-457f-8e7d-ba091d570413/generated.json,reports,.json,798
reports/content_packages/sig-test-001/runs/eac2acb2-6022-457f-8e7d-ba091d570413/publication_results.json,reports,.json,844
reports/content_packages/sig-test-001/runs/eb4f7d7c-0d67-4024-a8a9-f89c21039e83/assignment.json,reports,.json,849
reports/content_packages/sig-test-001/runs/eb4f7d7c-0d67-4024-a8a9-f89c21039e83/business_strategy.json,reports,.json,17194
reports/content_packages/sig-test-001/runs/eb4f7d7c-0d67-4024-a8a9-f89c21039e83/editorial_acceptance.json,reports,.json,289
reports/content_packages/sig-test-001/runs/eb4f7d7c-0d67-4024-a8a9-f89c21039e83/generated.json,reports,.json,1033
reports/content_packages/sig-test-001/runs/eb87e634-bf59-40eb-98f7-4fb1ff80c3ba/assignment.json,reports,.json,849
reports/content_packages/sig-test-001/runs/eb87e634-bf59-40eb-98f7-4fb1ff80c3ba/business_strategy.json,reports,.json,17194
reports/content_packages/sig-test-001/runs/eb87e634-bf59-40eb-98f7-4fb1ff80c3ba/editorial_acceptance.json,reports,.json,289
reports/content_packages/sig-test-001/runs/eb87e634-bf59-40eb-98f7-4fb1ff80c3ba/generated.json,reports,.json,1033
reports/content_packages/sig-test-001/runs/ebb8b6ed-5073-48aa-83b6-dcc8a3716cd5/assignment.json,reports,.json,849
reports/content_packages/sig-test-001/runs/ebb8b6ed-5073-48aa-83b6-dcc8a3716cd5/business_strategy.json,reports,.json,17194
reports/content_packages/sig-test-001/runs/ebcf274c-920a-44ce-8377-9f374bcfd1ad/assignment.json,reports,.json,849
reports/content_packages/sig-test-001/runs/ebcf274c-920a-44ce-8377-9f374bcfd1ad/business_strategy.json,reports,.json,17194
reports/content_packages/sig-test-001/runs/ebcf274c-920a-44ce-8377-9f374bcfd1ad/editorial_acceptance.json,reports,.json,289
reports/content_packages/sig-test-001/runs/ebcf274c-920a-44ce-8377-9f374bcfd1ad/generated.json,reports,.json,1033
reports/content_packages/sig-test-001/runs/ebd38d36-3e7f-48a9-8478-59707e361e4e/business_strategy.json,reports,.json,17194
reports/content_packages/sig-test-001/runs/ec21718a-dc5e-4bcc-ad16-a0957739bab8/assignment.json,reports,.json,849
reports/content_packages/sig-test-001/runs/ec21718a-dc5e-4bcc-ad16-a0957739bab8/business_strategy.json,reports,.json,17194
reports/content_packages/sig-test-001/runs/ec21718a-dc5e-4bcc-ad16-a0957739bab8/editorial_acceptance.json,reports,.json,289
reports/content_packages/sig-test-001/runs/ec21718a-dc5e-4bcc-ad16-a0957739bab8/generated.json,reports,.json,1033
reports/content_packages/sig-test-001/runs/ec254fba-7e17-47af-8fbc-08544a0eecf4/assignment.json,reports,.json,857
reports/content_packages/sig-test-001/runs/ec254fba-7e17-47af-8fbc-08544a0eecf4/business_strategy.json,reports,.json,17194
reports/content_packages/sig-test-001/runs/ec254fba-7e17-47af-8fbc-08544a0eecf4/editorial_acceptance.json,reports,.json,289
reports/content_packages/sig-test-001/runs/ec254fba-7e17-47af-8fbc-08544a0eecf4/generated.json,reports,.json,1033
reports/content_packages/sig-test-001/runs/ec254fba-7e17-47af-8fbc-08544a0eecf4/publication_results.json,reports,.json,1079
reports/content_packages/sig-test-001/runs/ec41914b-2f5d-4119-a73a-c0014834a17e/assignment.json,reports,.json,849
reports/content_packages/sig-test-001/runs/ec41914b-2f5d-4119-a73a-c0014834a17e/business_strategy.json,reports,.json,17194
reports/content_packages/sig-test-001/runs/ec434d10-6bbd-4f44-bc51-9164d19ed41b/assignment.json,reports,.json,857
reports/content_packages/sig-test-001/runs/ec434d10-6bbd-4f44-bc51-9164d19ed41b/business_strategy.json,reports,.json,17194
reports/content_packages/sig-test-001/runs/ec434d10-6bbd-4f44-bc51-9164d19ed41b/editorial_acceptance.json,reports,.json,289
reports/content_packages/sig-test-001/runs/ec434d10-6bbd-4f44-bc51-9164d19ed41b/generated.json,reports,.json,1033
reports/content_packages/sig-test-001/runs/ec434d10-6bbd-4f44-bc51-9164d19ed41b/publication_results.json,reports,.json,1160
reports/content_packages/sig-test-001/runs/ec8e2532-d82f-4521-a817-8040a639f299/assignment.json,reports,.json,849
reports/content_packages/sig-test-001/runs/ec8e2532-d82f-4521-a817-8040a639f299/business_strategy.json,reports,.json,17194
reports/content_packages/sig-test-001/runs/ec8e2532-d82f-4521-a817-8040a639f299/editorial_acceptance.json,reports,.json,289
reports/content_packages/sig-test-001/runs/ec8e2532-d82f-4521-a817-8040a639f299/generated.json,reports,.json,1033
reports/content_packages/sig-test-001/runs/ec974bf4-b826-4178-b28e-9982c9e83e3d/assignment.json,reports,.json,857
reports/content_packages/sig-test-001/runs/ec974bf4-b826-4178-b28e-9982c9e83e3d/business_strategy.json,reports,.json,17194
reports/content_packages/sig-test-001/runs/ec9f70ad-94f7-47bc-9439-f4bb1fca1861/assignment.json,reports,.json,849
reports/content_packages/sig-test-001/runs/ec9f70ad-94f7-47bc-9439-f4bb1fca1861/business_strategy.json,reports,.json,17194
reports/content_packages/sig-test-001/runs/ec9f70ad-94f7-47bc-9439-f4bb1fca1861/editorial_acceptance.json,reports,.json,289
reports/content_packages/sig-test-001/runs/ec9f70ad-94f7-47bc-9439-f4bb1fca1861/generated.json,reports,.json,1033
reports/content_packages/sig-test-001/runs/ece3a011-7507-4003-a032-c38a0e99d6b8/assignment.json,reports,.json,849
reports/content_packages/sig-test-001/runs/ece3a011-7507-4003-a032-c38a0e99d6b8/business_strategy.json,reports,.json,17194
reports/content_packages/sig-test-001/runs/ece3a011-7507-4003-a032-c38a0e99d6b8/editorial_acceptance.json,reports,.json,289
reports/content_packages/sig-test-001/runs/ece3a011-7507-4003-a032-c38a0e99d6b8/generated.json,reports,.json,1033
reports/content_packages/sig-test-001/runs/ed20fe05-36d1-4c8e-9ed2-48e80f2b3150/assignment.json,reports,.json,857
reports/content_packages/sig-test-001/runs/ed20fe05-36d1-4c8e-9ed2-48e80f2b3150/business_strategy.json,reports,.json,17194
reports/content_packages/sig-test-001/runs/ed439d3b-819b-4062-a673-0dd50a5c9fb5/assignment.json,reports,.json,849
reports/content_packages/sig-test-001/runs/ed439d3b-819b-4062-a673-0dd50a5c9fb5/business_strategy.json,reports,.json,17194
reports/content_packages/sig-test-001/runs/ed439d3b-819b-4062-a673-0dd50a5c9fb5/editorial_acceptance.json,reports,.json,289
reports/content_packages/sig-test-001/runs/ed439d3b-819b-4062-a673-0dd50a5c9fb5/generated.json,reports,.json,1033
reports/content_packages/sig-test-001/runs/ed83314a-1d2b-45c1-92d8-afc39d152426/generated.json,reports,.json,932
reports/content_packages/sig-test-001/runs/ed8d3c84-2579-465a-a62b-031d9c03edc6/assignment.json,reports,.json,849
reports/content_packages/sig-test-001/runs/ed8d3c84-2579-465a-a62b-031d9c03edc6/business_strategy.json,reports,.json,17194
reports/content_packages/sig-test-001/runs/ed8d3c84-2579-465a-a62b-031d9c03edc6/editorial_acceptance.json,reports,.json,289
reports/content_packages/sig-test-001/runs/ed8d3c84-2579-465a-a62b-031d9c03edc6/generated.json,reports,.json,1033
reports/content_packages/sig-test-001/runs/ed99f22d-c005-4fce-9b53-55475b85ceaa/generated.json,reports,.json,798
reports/content_packages/sig-test-001/runs/ee422ce7-1280-4536-9d32-d9a4e230c76b/assignment.json,reports,.json,849
reports/content_packages/sig-test-001/runs/ee422ce7-1280-4536-9d32-d9a4e230c76b/business_strategy.json,reports,.json,17194
reports/content_packages/sig-test-001/runs/ee422ce7-1280-4536-9d32-d9a4e230c76b/editorial_acceptance.json,reports,.json,289
reports/content_packages/sig-test-001/runs/ee422ce7-1280-4536-9d32-d9a4e230c76b/generated.json,reports,.json,1033
reports/content_packages/sig-test-001/runs/ee6b3afd-f5a7-4d5e-b2e5-157f4b1473e4/assignment.json,reports,.json,857
reports/content_packages/sig-test-001/runs/ee6b3afd-f5a7-4d5e-b2e5-157f4b1473e4/business_strategy.json,reports,.json,17194
reports/content_packages/sig-test-001/runs/ee80b9d5-9456-4a4b-93ae-9cb081095f55/assignment.json,reports,.json,857
reports/content_packages/sig-test-001/runs/ee80b9d5-9456-4a4b-93ae-9cb081095f55/business_strategy.json,reports,.json,17194
reports/content_packages/sig-test-001/runs/ee80b9d5-9456-4a4b-93ae-9cb081095f55/editorial_acceptance.json,reports,.json,289
reports/content_packages/sig-test-001/runs/ee80b9d5-9456-4a4b-93ae-9cb081095f55/generated.json,reports,.json,1033
reports/content_packages/sig-test-001/runs/ee80b9d5-9456-4a4b-93ae-9cb081095f55/publication_results.json,reports,.json,1160
reports/content_packages/sig-test-001/runs/eefa21cb-f166-47a9-aedf-d8ca60e84c93/business_strategy.json,reports,.json,17194
reports/content_packages/sig-test-001/runs/eefa21cb-f166-47a9-aedf-d8ca60e84c93/generated.json,reports,.json,1033
reports/content_packages/sig-test-001/runs/eefa21cb-f166-47a9-aedf-d8ca60e84c93/publication_results.json,reports,.json,1079
reports/content_packages/sig-test-001/runs/ef28a1c8-9faf-4345-b09d-b5def294943b/assignment.json,reports,.json,857
reports/content_packages/sig-test-001/runs/ef28a1c8-9faf-4345-b09d-b5def294943b/business_strategy.json,reports,.json,17194
reports/content_packages/sig-test-001/runs/ef28a1c8-9faf-4345-b09d-b5def294943b/editorial_acceptance.json,reports,.json,289
reports/content_packages/sig-test-001/runs/ef28a1c8-9faf-4345-b09d-b5def294943b/generated.json,reports,.json,1033
reports/content_packages/sig-test-001/runs/ef28a1c8-9faf-4345-b09d-b5def294943b/publication_results.json,reports,.json,1160
reports/content_packages/sig-test-001/runs/ef3ba9ff-a3f6-4aa7-8b82-ddbf7410e346/assignment.json,reports,.json,849
reports/content_packages/sig-test-001/runs/ef3ba9ff-a3f6-4aa7-8b82-ddbf7410e346/business_strategy.json,reports,.json,17194
reports/content_packages/sig-test-001/runs/ef3ba9ff-a3f6-4aa7-8b82-ddbf7410e346/run_report.json,reports,.json,887
reports/content_packages/sig-test-001/runs/ef3da003-2f91-49c4-b9bf-dddd8509b9d7/business_strategy.json,reports,.json,17194
reports/content_packages/sig-test-001/runs/ef3da003-2f91-49c4-b9bf-dddd8509b9d7/editorial_acceptance.json,reports,.json,236
reports/content_packages/sig-test-001/runs/ef3da003-2f91-49c4-b9bf-dddd8509b9d7/generated.json,reports,.json,1033
reports/content_packages/sig-test-001/runs/ef56a2bb-4b9c-4da5-b8eb-09279bb1a262/business_strategy.json,reports,.json,17194
reports/content_packages/sig-test-001/runs/ef56a2bb-4b9c-4da5-b8eb-09279bb1a262/editorial_acceptance.json,reports,.json,236
reports/content_packages/sig-test-001/runs/ef56a2bb-4b9c-4da5-b8eb-09279bb1a262/generated.json,reports,.json,1033
reports/content_packages/sig-test-001/runs/ef56a2bb-4b9c-4da5-b8eb-09279bb1a262/publication_results.json,reports,.json,1079
reports/content_packages/sig-test-001/runs/ef9c8e2c-6008-4131-80cd-e58c8324c340/assignment.json,reports,.json,849
reports/content_packages/sig-test-001/runs/ef9c8e2c-6008-4131-80cd-e58c8324c340/business_strategy.json,reports,.json,17194
reports/content_packages/sig-test-001/runs/efca3103-b227-4708-b854-7b0425e62f7f/business_strategy.json,reports,.json,17194
reports/content_packages/sig-test-001/runs/efca3103-b227-4708-b854-7b0425e62f7f/generated.json,reports,.json,1033
reports/content_packages/sig-test-001/runs/efd93d94-7d24-44ac-9e19-a3f4248abb16/assignment.json,reports,.json,849
reports/content_packages/sig-test-001/runs/efd93d94-7d24-44ac-9e19-a3f4248abb16/business_strategy.json,reports,.json,17194
reports/content_packages/sig-test-001/runs/efdd0826-9b5e-415b-a378-9927497a8750/assignment.json,reports,.json,849
reports/content_packages/sig-test-001/runs/efdd0826-9b5e-415b-a378-9927497a8750/business_strategy.json,reports,.json,17194
reports/content_packages/sig-test-001/runs/efdd0826-9b5e-415b-a378-9927497a8750/editorial_acceptance.json,reports,.json,289
reports/content_packages/sig-test-001/runs/efdd0826-9b5e-415b-a378-9927497a8750/generated.json,reports,.json,1033
reports/content_packages/sig-test-001/runs/efe3d4b3-65a4-4c78-8dd5-a3122804e33d/generated.json,reports,.json,798
reports/content_packages/sig-test-001/runs/efe4d08d-fa61-411a-a53a-78998cdc2389/assignment.json,reports,.json,849
reports/content_packages/sig-test-001/runs/efe4d08d-fa61-411a-a53a-78998cdc2389/business_strategy.json,reports,.json,17194
reports/content_packages/sig-test-001/runs/efe4d08d-fa61-411a-a53a-78998cdc2389/editorial_acceptance.json,reports,.json,289
reports/content_packages/sig-test-001/runs/efe4d08d-fa61-411a-a53a-78998cdc2389/generated.json,reports,.json,1033
reports/content_packages/sig-test-001/runs/efed1a88-ca29-4a26-a452-8b8baf92c019/generated.json,reports,.json,798
reports/content_packages/sig-test-001/runs/efefb5cf-2ec3-48c8-84e3-f7c76a344e98/business_strategy.json,reports,.json,17194
reports/content_packages/sig-test-001/runs/efefb5cf-2ec3-48c8-84e3-f7c76a344e98/generated.json,reports,.json,1033
reports/content_packages/sig-test-001/runs/eff3a7e6-b0a4-461e-99d3-0b23c28a89c0/business_strategy.json,reports,.json,17194
reports/content_packages/sig-test-001/runs/f03a3ea5-b5be-4a8b-9c89-ee712c28fe90/assignment.json,reports,.json,849
reports/content_packages/sig-test-001/runs/f03a3ea5-b5be-4a8b-9c89-ee712c28fe90/business_strategy.json,reports,.json,17194
reports/content_packages/sig-test-001/runs/f03a3ea5-b5be-4a8b-9c89-ee712c28fe90/editorial_acceptance.json,reports,.json,289
reports/content_packages/sig-test-001/runs/f03a3ea5-b5be-4a8b-9c89-ee712c28fe90/generated.json,reports,.json,1033
reports/content_packages/sig-test-001/runs/f04054a0-a57b-430d-8ff7-fa5f484fc931/assignment.json,reports,.json,849
reports/content_packages/sig-test-001/runs/f04054a0-a57b-430d-8ff7-fa5f484fc931/business_strategy.json,reports,.json,17194
reports/content_packages/sig-test-001/runs/f04054a0-a57b-430d-8ff7-fa5f484fc931/editorial_acceptance.json,reports,.json,289
reports/content_packages/sig-test-001/runs/f04054a0-a57b-430d-8ff7-fa5f484fc931/generated.json,reports,.json,1033
reports/content_packages/sig-test-001/runs/f06e875a-ca0e-410d-b1e5-03d10927806c/business_strategy.json,reports,.json,17194
reports/content_packages/sig-test-001/runs/f06e875a-ca0e-410d-b1e5-03d10927806c/generated.json,reports,.json,1228
reports/content_packages/sig-test-001/runs/f0aa91ca-a4a5-42fd-bd9c-b9822a636ed2/business_strategy.json,reports,.json,17194
reports/content_packages/sig-test-001/runs/f0aa91ca-a4a5-42fd-bd9c-b9822a636ed2/editorial_acceptance.json,reports,.json,236
reports/content_packages/sig-test-001/runs/f0aa91ca-a4a5-42fd-bd9c-b9822a636ed2/generated.json,reports,.json,1033
reports/content_packages/sig-test-001/runs/f0c9d7f3-c2fb-4801-aa46-af180cccc8c6/assignment.json,reports,.json,857
reports/content_packages/sig-test-001/runs/f0c9d7f3-c2fb-4801-aa46-af180cccc8c6/business_strategy.json,reports,.json,17194
reports/content_packages/sig-test-001/runs/f0c9d7f3-c2fb-4801-aa46-af180cccc8c6/editorial_acceptance.json,reports,.json,289
reports/content_packages/sig-test-001/runs/f0c9d7f3-c2fb-4801-aa46-af180cccc8c6/generated.json,reports,.json,1033
reports/content_packages/sig-test-001/runs/f0c9d7f3-c2fb-4801-aa46-af180cccc8c6/publication_results.json,reports,.json,1079
reports/content_packages/sig-test-001/runs/f0d5df73-4850-41ac-8351-633b1cc77310/assignment.json,reports,.json,849
reports/content_packages/sig-test-001/runs/f0d5df73-4850-41ac-8351-633b1cc77310/business_strategy.json,reports,.json,17194
reports/content_packages/sig-test-001/runs/f0d5df73-4850-41ac-8351-633b1cc77310/editorial_acceptance.json,reports,.json,289
reports/content_packages/sig-test-001/runs/f0d5df73-4850-41ac-8351-633b1cc77310/generated.json,reports,.json,1033
reports/content_packages/sig-test-001/runs/f10681cc-f9cd-486a-b11f-4f883481ba34/assignment.json,reports,.json,849
reports/content_packages/sig-test-001/runs/f10681cc-f9cd-486a-b11f-4f883481ba34/business_strategy.json,reports,.json,17194
reports/content_packages/sig-test-001/runs/f10681cc-f9cd-486a-b11f-4f883481ba34/run_report.json,reports,.json,887
reports/content_packages/sig-test-001/runs/f15654da-db07-4e55-b65a-a2227fab2fba/business_strategy.json,reports,.json,17194
reports/content_packages/sig-test-001/runs/f15654da-db07-4e55-b65a-a2227fab2fba/generated.json,reports,.json,1033
reports/content_packages/sig-test-001/runs/f15654da-db07-4e55-b65a-a2227fab2fba/publication_results.json,reports,.json,1079
reports/content_packages/sig-test-001/runs/f15fb388-6a78-42dc-9a4e-76e5fd301429/business_strategy.json,reports,.json,17194
reports/content_packages/sig-test-001/runs/f15fb388-6a78-42dc-9a4e-76e5fd301429/generated.json,reports,.json,1033
reports/content_packages/sig-test-001/runs/f1b8cee2-e4bc-4cf0-ab22-4dc4000dfd50/business_strategy.json,reports,.json,17194
reports/content_packages/sig-test-001/runs/f1b8cee2-e4bc-4cf0-ab22-4dc4000dfd50/generated.json,reports,.json,1033
reports/content_packages/sig-test-001/runs/f1c4c693-5c85-4b25-b24d-a9e7994ffbf8/business_strategy.json,reports,.json,17194
reports/content_packages/sig-test-001/runs/f1c4c693-5c85-4b25-b24d-a9e7994ffbf8/editorial_acceptance.json,reports,.json,236
reports/content_packages/sig-test-001/runs/f1c4c693-5c85-4b25-b24d-a9e7994ffbf8/generated.json,reports,.json,1033
reports/content_packages/sig-test-001/runs/f1e4bbc2-fd83-4edb-b82a-40f013521221/business_strategy.json,reports,.json,17194
reports/content_packages/sig-test-001/runs/f20ac00c-e7a7-491a-889f-3c395e217173/assignment.json,reports,.json,857
reports/content_packages/sig-test-001/runs/f20ac00c-e7a7-491a-889f-3c395e217173/business_strategy.json,reports,.json,17194
reports/content_packages/sig-test-001/runs/f20ac00c-e7a7-491a-889f-3c395e217173/editorial_acceptance.json,reports,.json,289
reports/content_packages/sig-test-001/runs/f20ac00c-e7a7-491a-889f-3c395e217173/generated.json,reports,.json,1033
reports/content_packages/sig-test-001/runs/f20ac00c-e7a7-491a-889f-3c395e217173/publication_results.json,reports,.json,1079
reports/content_packages/sig-test-001/runs/f2224a01-628f-4939-bfee-33d29ccd6a72/business_strategy.json,reports,.json,17194
reports/content_packages/sig-test-001/runs/f2224a01-628f-4939-bfee-33d29ccd6a72/generated.json,reports,.json,1033
reports/content_packages/sig-test-001/runs/f232c310-dc45-49da-805a-7ccdef5c6129/assignment.json,reports,.json,849
reports/content_packages/sig-test-001/runs/f232c310-dc45-49da-805a-7ccdef5c6129/business_strategy.json,reports,.json,17194
reports/content_packages/sig-test-001/runs/f232c310-dc45-49da-805a-7ccdef5c6129/editorial_acceptance.json,reports,.json,289
reports/content_packages/sig-test-001/runs/f232c310-dc45-49da-805a-7ccdef5c6129/generated.json,reports,.json,1033
reports/content_packages/sig-test-001/runs/f2895e9c-eb0a-465d-983e-b9c5300f20ef/assignment.json,reports,.json,857
reports/content_packages/sig-test-001/runs/f2895e9c-eb0a-465d-983e-b9c5300f20ef/business_strategy.json,reports,.json,17194
reports/content_packages/sig-test-001/runs/f292dddc-492a-4458-b5d6-2671947c88dc/assignment.json,reports,.json,857
reports/content_packages/sig-test-001/runs/f292dddc-492a-4458-b5d6-2671947c88dc/business_strategy.json,reports,.json,17194
reports/content_packages/sig-test-001/runs/f2f8eca9-43ba-43d4-9176-4bd1149be809/business_strategy.json,reports,.json,17194
reports/content_packages/sig-test-001/runs/f2f8eca9-43ba-43d4-9176-4bd1149be809/generated.json,reports,.json,1033
reports/content_packages/sig-test-001/runs/f350cf7a-e21b-4d77-9b0a-2536abdaacc5/business_strategy.json,reports,.json,17194
reports/content_packages/sig-test-001/runs/f370f32c-0bb1-4c9a-8491-4ef82d410519/business_strategy.json,reports,.json,17194
reports/content_packages/sig-test-001/runs/f370f32c-0bb1-4c9a-8491-4ef82d410519/generated.json,reports,.json,1033
reports/content_packages/sig-test-001/runs/f3b348f7-c3f1-49b1-9f76-245f8d484262/business_strategy.json,reports,.json,17194
reports/content_packages/sig-test-001/runs/f3b348f7-c3f1-49b1-9f76-245f8d484262/editorial_acceptance.json,reports,.json,236
reports/content_packages/sig-test-001/runs/f3b348f7-c3f1-49b1-9f76-245f8d484262/generated.json,reports,.json,1033
reports/content_packages/sig-test-001/runs/f3c7ec57-93dd-4fb3-9987-e1d89e075b99/assignment.json,reports,.json,849
reports/content_packages/sig-test-001/runs/f3c7ec57-93dd-4fb3-9987-e1d89e075b99/business_strategy.json,reports,.json,17194
reports/content_packages/sig-test-001/runs/f3c7ec57-93dd-4fb3-9987-e1d89e075b99/editorial_acceptance.json,reports,.json,289
reports/content_packages/sig-test-001/runs/f3c7ec57-93dd-4fb3-9987-e1d89e075b99/generated.json,reports,.json,1033
reports/content_packages/sig-test-001/runs/f3cc2a7a-5975-46d3-9cae-98278d80e3d0/assignment.json,reports,.json,849
reports/content_packages/sig-test-001/runs/f3cc2a7a-5975-46d3-9cae-98278d80e3d0/business_strategy.json,reports,.json,17194
reports/content_packages/sig-test-001/runs/f3cc2a7a-5975-46d3-9cae-98278d80e3d0/editorial_acceptance.json,reports,.json,289
reports/content_packages/sig-test-001/runs/f3cc2a7a-5975-46d3-9cae-98278d80e3d0/generated.json,reports,.json,1033
reports/content_packages/sig-test-001/runs/f4586358-8f63-4aa6-b721-d135a5db92ef/business_strategy.json,reports,.json,17194
reports/content_packages/sig-test-001/runs/f4586358-8f63-4aa6-b721-d135a5db92ef/generated.json,reports,.json,1033
reports/content_packages/sig-test-001/runs/f4586358-8f63-4aa6-b721-d135a5db92ef/publication_results.json,reports,.json,1079
reports/content_packages/sig-test-001/runs/f49122f6-9f40-4f5e-8f13-8f26bc8f0d55/business_strategy.json,reports,.json,17194
reports/content_packages/sig-test-001/runs/f49122f6-9f40-4f5e-8f13-8f26bc8f0d55/generated.json,reports,.json,1033
reports/content_packages/sig-test-001/runs/f4a5fbc3-d076-4505-bf76-9f1b24f0d1cc/business_strategy.json,reports,.json,17194
reports/content_packages/sig-test-001/runs/f4a5fbc3-d076-4505-bf76-9f1b24f0d1cc/generated.json,reports,.json,1033
reports/content_packages/sig-test-001/runs/f4ad3416-db9d-43de-9af0-cf650584c2cd/assignment.json,reports,.json,849
reports/content_packages/sig-test-001/runs/f4ad3416-db9d-43de-9af0-cf650584c2cd/business_strategy.json,reports,.json,17194
reports/content_packages/sig-test-001/runs/f52b6485-302d-4b3d-a52e-02db33c0b2cc/business_strategy.json,reports,.json,17194
reports/content_packages/sig-test-001/runs/f5352ac6-9da1-4bb0-8c89-896f033506a1/assignment.json,reports,.json,849
reports/content_packages/sig-test-001/runs/f5352ac6-9da1-4bb0-8c89-896f033506a1/business_strategy.json,reports,.json,17194
reports/content_packages/sig-test-001/runs/f5352ac6-9da1-4bb0-8c89-896f033506a1/editorial_acceptance.json,reports,.json,289
reports/content_packages/sig-test-001/runs/f5352ac6-9da1-4bb0-8c89-896f033506a1/generated.json,reports,.json,1033
reports/content_packages/sig-test-001/runs/f5922ce4-6e04-4aab-881d-f31b4ffe6a99/business_strategy.json,reports,.json,17194
reports/content_packages/sig-test-001/runs/f5922ce4-6e04-4aab-881d-f31b4ffe6a99/generated.json,reports,.json,1033
reports/content_packages/sig-test-001/runs/f5922ce4-6e04-4aab-881d-f31b4ffe6a99/publication_results.json,reports,.json,1079
reports/content_packages/sig-test-001/runs/f59fd6e9-9eee-4a3a-a81b-ee6f5709dc48/business_strategy.json,reports,.json,17194
reports/content_packages/sig-test-001/runs/f59fd6e9-9eee-4a3a-a81b-ee6f5709dc48/generated.json,reports,.json,1033
reports/content_packages/sig-test-001/runs/f5bcaf90-0e59-4e40-bc0f-7a6b8a83eabd/business_strategy.json,reports,.json,17194
reports/content_packages/sig-test-001/runs/f5bd426f-84f3-4066-b455-324d58925f0e/business_strategy.json,reports,.json,17194
reports/content_packages/sig-test-001/runs/f5bd426f-84f3-4066-b455-324d58925f0e/generated.json,reports,.json,1033
reports/content_packages/sig-test-001/runs/f5bd426f-84f3-4066-b455-324d58925f0e/publication_results.json,reports,.json,1079
reports/content_packages/sig-test-001/runs/f5e1c32e-0743-4244-8789-fdc9cf19f784/assignment.json,reports,.json,849
reports/content_packages/sig-test-001/runs/f5e1c32e-0743-4244-8789-fdc9cf19f784/business_strategy.json,reports,.json,17194
reports/content_packages/sig-test-001/runs/f5e1c32e-0743-4244-8789-fdc9cf19f784/editorial_acceptance.json,reports,.json,289
reports/content_packages/sig-test-001/runs/f5e1c32e-0743-4244-8789-fdc9cf19f784/generated.json,reports,.json,1033
reports/content_packages/sig-test-001/runs/f5e90180-1911-489d-be62-7aae7f93cb02/generated.json,reports,.json,798
reports/content_packages/sig-test-001/runs/f5eacead-c670-406c-813b-eb5f9286fb90/business_strategy.json,reports,.json,17194
reports/content_packages/sig-test-001/runs/f5eacead-c670-406c-813b-eb5f9286fb90/generated.json,reports,.json,1033
reports/content_packages/sig-test-001/runs/f646716e-bfda-4b5b-ad74-634b10178f3b/assignment.json,reports,.json,849
reports/content_packages/sig-test-001/runs/f646716e-bfda-4b5b-ad74-634b10178f3b/business_strategy.json,reports,.json,17194
reports/content_packages/sig-test-001/runs/f646716e-bfda-4b5b-ad74-634b10178f3b/editorial_acceptance.json,reports,.json,289
reports/content_packages/sig-test-001/runs/f646716e-bfda-4b5b-ad74-634b10178f3b/generated.json,reports,.json,1033
reports/content_packages/sig-test-001/runs/f64aed2e-9a2a-48b1-8858-36e216403629/business_strategy.json,reports,.json,17194
reports/content_packages/sig-test-001/runs/f64aed2e-9a2a-48b1-8858-36e216403629/editorial_acceptance.json,reports,.json,236
reports/content_packages/sig-test-001/runs/f64aed2e-9a2a-48b1-8858-36e216403629/generated.json,reports,.json,1033
reports/content_packages/sig-test-001/runs/f64aed2e-9a2a-48b1-8858-36e216403629/publication_results.json,reports,.json,1079
reports/content_packages/sig-test-001/runs/f655a4c1-2964-4d25-8adc-bd5432a549a1/assignment.json,reports,.json,857
reports/content_packages/sig-test-001/runs/f655a4c1-2964-4d25-8adc-bd5432a549a1/business_strategy.json,reports,.json,17194
reports/content_packages/sig-test-001/runs/f65ff4f4-6c3e-435f-82b6-27b519b94d8c/business_strategy.json,reports,.json,17194
reports/content_packages/sig-test-001/runs/f65ff4f4-6c3e-435f-82b6-27b519b94d8c/generated.json,reports,.json,1033
reports/content_packages/sig-test-001/runs/f65ff4f4-6c3e-435f-82b6-27b519b94d8c/publication_results.json,reports,.json,1079
reports/content_packages/sig-test-001/runs/f68aa4a8-fb03-4cdf-99d4-f55bd897c680/assignment.json,reports,.json,857
reports/content_packages/sig-test-001/runs/f68aa4a8-fb03-4cdf-99d4-f55bd897c680/business_strategy.json,reports,.json,17194
reports/content_packages/sig-test-001/runs/f68aa4a8-fb03-4cdf-99d4-f55bd897c680/editorial_acceptance.json,reports,.json,289
reports/content_packages/sig-test-001/runs/f68aa4a8-fb03-4cdf-99d4-f55bd897c680/generated.json,reports,.json,1033
reports/content_packages/sig-test-001/runs/f68aa4a8-fb03-4cdf-99d4-f55bd897c680/publication_results.json,reports,.json,1160
reports/content_packages/sig-test-001/runs/f6942569-66ab-42e9-a3d9-782f9b9a7d92/assignment.json,reports,.json,857
reports/content_packages/sig-test-001/runs/f6942569-66ab-42e9-a3d9-782f9b9a7d92/business_strategy.json,reports,.json,17194
reports/content_packages/sig-test-001/runs/f6942569-66ab-42e9-a3d9-782f9b9a7d92/editorial_acceptance.json,reports,.json,289
reports/content_packages/sig-test-001/runs/f6942569-66ab-42e9-a3d9-782f9b9a7d92/generated.json,reports,.json,1033
reports/content_packages/sig-test-001/runs/f6942569-66ab-42e9-a3d9-782f9b9a7d92/publication_results.json,reports,.json,1160
reports/content_packages/sig-test-001/runs/f69897d2-ab9e-4f2b-89b4-dfd1d9cc6166/business_strategy.json,reports,.json,17194
reports/content_packages/sig-test-001/runs/f6d1fd66-fa46-4619-a4ef-676615a91206/generated.json,reports,.json,798
reports/content_packages/sig-test-001/runs/f6f2aa29-6e2e-4f16-8135-5a29f534c861/assignment.json,reports,.json,857
reports/content_packages/sig-test-001/runs/f6f2aa29-6e2e-4f16-8135-5a29f534c861/business_strategy.json,reports,.json,17194
reports/content_packages/sig-test-001/runs/f6f2aa29-6e2e-4f16-8135-5a29f534c861/run_report.json,reports,.json,895
reports/content_packages/sig-test-001/runs/f74e5bf4-bc5e-4d75-a93c-01de30e2f1ff/business_strategy.json,reports,.json,17194
reports/content_packages/sig-test-001/runs/f74e5bf4-bc5e-4d75-a93c-01de30e2f1ff/editorial_acceptance.json,reports,.json,236
reports/content_packages/sig-test-001/runs/f74e5bf4-bc5e-4d75-a93c-01de30e2f1ff/generated.json,reports,.json,1033
reports/content_packages/sig-test-001/runs/f74e5bf4-bc5e-4d75-a93c-01de30e2f1ff/publication_results.json,reports,.json,1079
reports/content_packages/sig-test-001/runs/f790d994-eb5d-4021-9d1b-2067f6af9bd0/business_strategy.json,reports,.json,17194
reports/content_packages/sig-test-001/runs/f790d994-eb5d-4021-9d1b-2067f6af9bd0/generated.json,reports,.json,1033
reports/content_packages/sig-test-001/runs/f790d994-eb5d-4021-9d1b-2067f6af9bd0/publication_results.json,reports,.json,1079
reports/content_packages/sig-test-001/runs/f7974422-562c-45f4-806f-90145b39a82a/generated.json,reports,.json,798
reports/content_packages/sig-test-001/runs/f7a54271-ac19-45fb-a1c6-b8cfcf6b185d/assignment.json,reports,.json,857
reports/content_packages/sig-test-001/runs/f7a54271-ac19-45fb-a1c6-b8cfcf6b185d/business_strategy.json,reports,.json,17194
reports/content_packages/sig-test-001/runs/f7a54271-ac19-45fb-a1c6-b8cfcf6b185d/editorial_acceptance.json,reports,.json,289
reports/content_packages/sig-test-001/runs/f7a54271-ac19-45fb-a1c6-b8cfcf6b185d/generated.json,reports,.json,1033
reports/content_packages/sig-test-001/runs/f7a54271-ac19-45fb-a1c6-b8cfcf6b185d/publication_results.json,reports,.json,1160
reports/content_packages/sig-test-001/runs/f874f4c6-7182-441a-aee3-69c753fa6b5f/business_strategy.json,reports,.json,17194
reports/content_packages/sig-test-001/runs/f874f4c6-7182-441a-aee3-69c753fa6b5f/generated.json,reports,.json,1033
reports/content_packages/sig-test-001/runs/f88d0968-7380-45f0-a5f9-486fbdd1adda/assignment.json,reports,.json,849
reports/content_packages/sig-test-001/runs/f88d0968-7380-45f0-a5f9-486fbdd1adda/business_strategy.json,reports,.json,17194
reports/content_packages/sig-test-001/runs/f88d0968-7380-45f0-a5f9-486fbdd1adda/editorial_acceptance.json,reports,.json,289
reports/content_packages/sig-test-001/runs/f88d0968-7380-45f0-a5f9-486fbdd1adda/generated.json,reports,.json,1033
reports/content_packages/sig-test-001/runs/f88d2d29-cae4-482a-a295-71024a95484a/assignment.json,reports,.json,849
reports/content_packages/sig-test-001/runs/f88d2d29-cae4-482a-a295-71024a95484a/business_strategy.json,reports,.json,17194
reports/content_packages/sig-test-001/runs/f88d2d29-cae4-482a-a295-71024a95484a/editorial_acceptance.json,reports,.json,289
reports/content_packages/sig-test-001/runs/f88d2d29-cae4-482a-a295-71024a95484a/generated.json,reports,.json,1033
reports/content_packages/sig-test-001/runs/f89b813d-b3d6-4f61-abbd-e57da686d0b1/business_strategy.json,reports,.json,17194
reports/content_packages/sig-test-001/runs/f89b813d-b3d6-4f61-abbd-e57da686d0b1/generated.json,reports,.json,1033
reports/content_packages/sig-test-001/runs/f8caf3f3-c279-4954-b3f5-d98827825ad5/assignment.json,reports,.json,857
reports/content_packages/sig-test-001/runs/f8caf3f3-c279-4954-b3f5-d98827825ad5/business_strategy.json,reports,.json,17194
reports/content_packages/sig-test-001/runs/f8caf3f3-c279-4954-b3f5-d98827825ad5/editorial_acceptance.json,reports,.json,289
reports/content_packages/sig-test-001/runs/f8caf3f3-c279-4954-b3f5-d98827825ad5/generated.json,reports,.json,1033
reports/content_packages/sig-test-001/runs/f8caf3f3-c279-4954-b3f5-d98827825ad5/publication_results.json,reports,.json,1079
reports/content_packages/sig-test-001/runs/f8dd1dc8-85f9-4fa3-9e3c-2bdb2bc14067/assignment.json,reports,.json,857
reports/content_packages/sig-test-001/runs/f8dd1dc8-85f9-4fa3-9e3c-2bdb2bc14067/business_strategy.json,reports,.json,17194
reports/content_packages/sig-test-001/runs/f8dd1dc8-85f9-4fa3-9e3c-2bdb2bc14067/editorial_acceptance.json,reports,.json,289
reports/content_packages/sig-test-001/runs/f8dd1dc8-85f9-4fa3-9e3c-2bdb2bc14067/generated.json,reports,.json,1033
reports/content_packages/sig-test-001/runs/f8dd1dc8-85f9-4fa3-9e3c-2bdb2bc14067/publication_results.json,reports,.json,1079
reports/content_packages/sig-test-001/runs/f8df3e1b-bdc0-42ec-aeb6-8b30d8b003f9/assignment.json,reports,.json,849
reports/content_packages/sig-test-001/runs/f8df3e1b-bdc0-42ec-aeb6-8b30d8b003f9/business_strategy.json,reports,.json,17194
reports/content_packages/sig-test-001/runs/f8f09ab7-6dfc-4db1-8e7b-aa80d025f23a/assignment.json,reports,.json,857
reports/content_packages/sig-test-001/runs/f8f09ab7-6dfc-4db1-8e7b-aa80d025f23a/business_strategy.json,reports,.json,17194
reports/content_packages/sig-test-001/runs/f8f09ab7-6dfc-4db1-8e7b-aa80d025f23a/editorial_acceptance.json,reports,.json,289
reports/content_packages/sig-test-001/runs/f8f09ab7-6dfc-4db1-8e7b-aa80d025f23a/generated.json,reports,.json,1033
reports/content_packages/sig-test-001/runs/f8f09ab7-6dfc-4db1-8e7b-aa80d025f23a/publication_results.json,reports,.json,1079
reports/content_packages/sig-test-001/runs/f8ff48fe-16bf-4e0a-bb89-d90d3dc17086/business_strategy.json,reports,.json,17194
reports/content_packages/sig-test-001/runs/f8ff48fe-16bf-4e0a-bb89-d90d3dc17086/editorial_acceptance.json,reports,.json,236
reports/content_packages/sig-test-001/runs/f8ff48fe-16bf-4e0a-bb89-d90d3dc17086/generated.json,reports,.json,1033
reports/content_packages/sig-test-001/runs/f927f90e-ebe9-410a-87d7-90b036a27c37/assignment.json,reports,.json,849
reports/content_packages/sig-test-001/runs/f927f90e-ebe9-410a-87d7-90b036a27c37/business_strategy.json,reports,.json,17194
reports/content_packages/sig-test-001/runs/f97e883c-c70b-4d13-af20-00672c7824f7/assignment.json,reports,.json,849
reports/content_packages/sig-test-001/runs/f97e883c-c70b-4d13-af20-00672c7824f7/business_strategy.json,reports,.json,17194
reports/content_packages/sig-test-001/runs/f9a30feb-c0eb-4fa0-9ac1-2614d4e239ef/assignment.json,reports,.json,849
reports/content_packages/sig-test-001/runs/f9a30feb-c0eb-4fa0-9ac1-2614d4e239ef/business_strategy.json,reports,.json,17194
reports/content_packages/sig-test-001/runs/f9a30feb-c0eb-4fa0-9ac1-2614d4e239ef/editorial_acceptance.json,reports,.json,289
reports/content_packages/sig-test-001/runs/f9a30feb-c0eb-4fa0-9ac1-2614d4e239ef/generated.json,reports,.json,1033
reports/content_packages/sig-test-001/runs/f9ae786a-9d41-4a70-88dc-eef5fb651505/assignment.json,reports,.json,857
reports/content_packages/sig-test-001/runs/f9ae786a-9d41-4a70-88dc-eef5fb651505/business_strategy.json,reports,.json,17194
reports/content_packages/sig-test-001/runs/f9ae786a-9d41-4a70-88dc-eef5fb651505/editorial_acceptance.json,reports,.json,289
reports/content_packages/sig-test-001/runs/f9ae786a-9d41-4a70-88dc-eef5fb651505/generated.json,reports,.json,1033
reports/content_packages/sig-test-001/runs/f9ae786a-9d41-4a70-88dc-eef5fb651505/publication_results.json,reports,.json,1160
reports/content_packages/sig-test-001/runs/fa078d2f-c662-42ad-930e-a57d661cc745/assignment.json,reports,.json,857
reports/content_packages/sig-test-001/runs/fa078d2f-c662-42ad-930e-a57d661cc745/business_strategy.json,reports,.json,17194
reports/content_packages/sig-test-001/runs/fa078d2f-c662-42ad-930e-a57d661cc745/editorial_acceptance.json,reports,.json,289
reports/content_packages/sig-test-001/runs/fa078d2f-c662-42ad-930e-a57d661cc745/generated.json,reports,.json,1033
reports/content_packages/sig-test-001/runs/fa078d2f-c662-42ad-930e-a57d661cc745/publication_results.json,reports,.json,1160
reports/content_packages/sig-test-001/runs/fa4879c5-0539-4dee-89c0-0bf56d6e67c4/business_strategy.json,reports,.json,17194
reports/content_packages/sig-test-001/runs/fa761bb4-2dd0-41c6-8cb3-8a5fe14f26e9/assignment.json,reports,.json,849
reports/content_packages/sig-test-001/runs/fa761bb4-2dd0-41c6-8cb3-8a5fe14f26e9/business_strategy.json,reports,.json,17194
reports/content_packages/sig-test-001/runs/fa761bb4-2dd0-41c6-8cb3-8a5fe14f26e9/editorial_acceptance.json,reports,.json,289
reports/content_packages/sig-test-001/runs/fa761bb4-2dd0-41c6-8cb3-8a5fe14f26e9/generated.json,reports,.json,1033
reports/content_packages/sig-test-001/runs/fa813a37-6aab-4d3f-b7dd-5a373e572070/assignment.json,reports,.json,849
reports/content_packages/sig-test-001/runs/fa813a37-6aab-4d3f-b7dd-5a373e572070/business_strategy.json,reports,.json,17194
reports/content_packages/sig-test-001/runs/fb0fbebd-c727-4e1f-b7d8-e6f393d4353d/assignment.json,reports,.json,849
reports/content_packages/sig-test-001/runs/fb0fbebd-c727-4e1f-b7d8-e6f393d4353d/business_strategy.json,reports,.json,17194
reports/content_packages/sig-test-001/runs/fb0fbebd-c727-4e1f-b7d8-e6f393d4353d/editorial_acceptance.json,reports,.json,289
reports/content_packages/sig-test-001/runs/fb0fbebd-c727-4e1f-b7d8-e6f393d4353d/generated.json,reports,.json,1033
reports/content_packages/sig-test-001/runs/fb28b967-5201-4653-9041-7618001901fd/business_strategy.json,reports,.json,17194
reports/content_packages/sig-test-001/runs/fb28b967-5201-4653-9041-7618001901fd/generated.json,reports,.json,1033
reports/content_packages/sig-test-001/runs/fb4d0706-3d95-41eb-b29d-48d6758ffa88/assignment.json,reports,.json,849
reports/content_packages/sig-test-001/runs/fb4d0706-3d95-41eb-b29d-48d6758ffa88/business_strategy.json,reports,.json,17194
reports/content_packages/sig-test-001/runs/fb4d0706-3d95-41eb-b29d-48d6758ffa88/editorial_acceptance.json,reports,.json,289
reports/content_packages/sig-test-001/runs/fb4d0706-3d95-41eb-b29d-48d6758ffa88/generated.json,reports,.json,1033
reports/content_packages/sig-test-001/runs/fb5f15d6-51c9-4b1b-b745-3846966f5e97/assignment.json,reports,.json,849
reports/content_packages/sig-test-001/runs/fb5f15d6-51c9-4b1b-b745-3846966f5e97/business_strategy.json,reports,.json,17194
reports/content_packages/sig-test-001/runs/fb5f15d6-51c9-4b1b-b745-3846966f5e97/editorial_acceptance.json,reports,.json,289
reports/content_packages/sig-test-001/runs/fb5f15d6-51c9-4b1b-b745-3846966f5e97/generated.json,reports,.json,1033
reports/content_packages/sig-test-001/runs/fb683c1f-f7a7-40cc-bcfa-7c8d998023aa/assignment.json,reports,.json,849
reports/content_packages/sig-test-001/runs/fb683c1f-f7a7-40cc-bcfa-7c8d998023aa/business_strategy.json,reports,.json,17194
reports/content_packages/sig-test-001/runs/fb683c1f-f7a7-40cc-bcfa-7c8d998023aa/editorial_acceptance.json,reports,.json,289
reports/content_packages/sig-test-001/runs/fb683c1f-f7a7-40cc-bcfa-7c8d998023aa/generated.json,reports,.json,1033
reports/content_packages/sig-test-001/runs/fb815b52-6da8-4f71-9e4e-2c0f67af029c/business_strategy.json,reports,.json,17194
reports/content_packages/sig-test-001/runs/fc52b1a9-23bf-41de-9060-d7ca6ffc2d68/business_strategy.json,reports,.json,17194
reports/content_packages/sig-test-001/runs/fc5a3f86-a4e2-40cb-8f7f-62417c787827/business_strategy.json,reports,.json,17194
reports/content_packages/sig-test-001/runs/fc8f86e2-9fca-4f59-a880-68f68881987c/business_strategy.json,reports,.json,17194
reports/content_packages/sig-test-001/runs/fc8f86e2-9fca-4f59-a880-68f68881987c/generated.json,reports,.json,1033
reports/content_packages/sig-test-001/runs/fcac2fa0-70a9-4705-a650-3da625784080/generated.json,reports,.json,798
reports/content_packages/sig-test-001/runs/fcac2fa0-70a9-4705-a650-3da625784080/publication_results.json,reports,.json,844
reports/content_packages/sig-test-001/runs/fcaf3a17-edbb-4cbd-96e0-9610c0dc98f7/assignment.json,reports,.json,849
reports/content_packages/sig-test-001/runs/fcaf3a17-edbb-4cbd-96e0-9610c0dc98f7/business_strategy.json,reports,.json,17194
reports/content_packages/sig-test-001/runs/fcb17fbb-1737-4182-9917-6774486b50ac/assignment.json,reports,.json,849
reports/content_packages/sig-test-001/runs/fcb17fbb-1737-4182-9917-6774486b50ac/business_strategy.json,reports,.json,17194
reports/content_packages/sig-test-001/runs/fcb17fbb-1737-4182-9917-6774486b50ac/editorial_acceptance.json,reports,.json,289
reports/content_packages/sig-test-001/runs/fcb17fbb-1737-4182-9917-6774486b50ac/generated.json,reports,.json,1033
reports/content_packages/sig-test-001/runs/fccb62cf-7a32-4457-8f78-67ae8329eb57/business_strategy.json,reports,.json,17194
reports/content_packages/sig-test-001/runs/fccb62cf-7a32-4457-8f78-67ae8329eb57/generated.json,reports,.json,1033
reports/content_packages/sig-test-001/runs/fd02e340-fbe3-400f-855b-80a31f585507/assignment.json,reports,.json,857
reports/content_packages/sig-test-001/runs/fd02e340-fbe3-400f-855b-80a31f585507/business_strategy.json,reports,.json,17194
reports/content_packages/sig-test-001/runs/fd02e340-fbe3-400f-855b-80a31f585507/editorial_acceptance.json,reports,.json,289
reports/content_packages/sig-test-001/runs/fd02e340-fbe3-400f-855b-80a31f585507/generated.json,reports,.json,1033
reports/content_packages/sig-test-001/runs/fd02e340-fbe3-400f-855b-80a31f585507/publication_results.json,reports,.json,1079
reports/content_packages/sig-test-001/runs/fd7a91dd-90b2-4797-ab13-e04193a6fc58/business_strategy.json,reports,.json,17194
reports/content_packages/sig-test-001/runs/fd7a91dd-90b2-4797-ab13-e04193a6fc58/generated.json,reports,.json,1033
reports/content_packages/sig-test-001/runs/fda3d970-e31e-4956-8896-267178d3b2fc/business_strategy.json,reports,.json,17194
reports/content_packages/sig-test-001/runs/fda3d970-e31e-4956-8896-267178d3b2fc/editorial_acceptance.json,reports,.json,236
reports/content_packages/sig-test-001/runs/fda3d970-e31e-4956-8896-267178d3b2fc/generated.json,reports,.json,1033
reports/content_packages/sig-test-001/runs/fda3d970-e31e-4956-8896-267178d3b2fc/publication_results.json,reports,.json,1079
reports/content_packages/sig-test-001/runs/fdb8a8df-f099-44bf-ac92-82ef9db14aef/assignment.json,reports,.json,857
reports/content_packages/sig-test-001/runs/fdb8a8df-f099-44bf-ac92-82ef9db14aef/business_strategy.json,reports,.json,17194
reports/content_packages/sig-test-001/runs/fdb8a8df-f099-44bf-ac92-82ef9db14aef/editorial_acceptance.json,reports,.json,289
reports/content_packages/sig-test-001/runs/fdb8a8df-f099-44bf-ac92-82ef9db14aef/generated.json,reports,.json,1033
reports/content_packages/sig-test-001/runs/fdb8a8df-f099-44bf-ac92-82ef9db14aef/publication_results.json,reports,.json,1079
reports/content_packages/sig-test-001/runs/fe146a9e-95f7-4612-8449-772e1e12adb2/assignment.json,reports,.json,849
reports/content_packages/sig-test-001/runs/fe146a9e-95f7-4612-8449-772e1e12adb2/business_strategy.json,reports,.json,17194
reports/content_packages/sig-test-001/runs/fe146a9e-95f7-4612-8449-772e1e12adb2/editorial_acceptance.json,reports,.json,289
reports/content_packages/sig-test-001/runs/fe146a9e-95f7-4612-8449-772e1e12adb2/generated.json,reports,.json,1033
reports/content_packages/sig-test-001/runs/fe511260-43d0-42c4-a192-7d35b1506e53/business_strategy.json,reports,.json,17194
reports/content_packages/sig-test-001/runs/fe511260-43d0-42c4-a192-7d35b1506e53/editorial_acceptance.json,reports,.json,236
reports/content_packages/sig-test-001/runs/fe511260-43d0-42c4-a192-7d35b1506e53/generated.json,reports,.json,1033
reports/content_packages/sig-test-001/runs/fe511260-43d0-42c4-a192-7d35b1506e53/publication_results.json,reports,.json,1079
reports/content_packages/sig-test-001/runs/fe5e3f68-b626-485a-aba1-297b489a55a9/assignment.json,reports,.json,849
reports/content_packages/sig-test-001/runs/fe5e3f68-b626-485a-aba1-297b489a55a9/business_strategy.json,reports,.json,17194
reports/content_packages/sig-test-001/runs/fe5e3f68-b626-485a-aba1-297b489a55a9/editorial_acceptance.json,reports,.json,289
reports/content_packages/sig-test-001/runs/fe5e3f68-b626-485a-aba1-297b489a55a9/generated.json,reports,.json,1033
reports/content_packages/sig-test-001/runs/feb47476-57a4-4a1d-9533-a6c73c5450e6/business_strategy.json,reports,.json,17194
reports/content_packages/sig-test-001/runs/feb47476-57a4-4a1d-9533-a6c73c5450e6/generated.json,reports,.json,1033
reports/content_packages/sig-test-001/runs/fec03bde-af18-461f-85d9-dadd73823498/generated.json,reports,.json,798
reports/content_packages/sig-test-001/runs/fec03bde-af18-461f-85d9-dadd73823498/publication_results.json,reports,.json,844
reports/content_packages/sig-test-001/runs/ff3b9679-1fd9-4861-921e-33ff020fa898/assignment.json,reports,.json,857
reports/content_packages/sig-test-001/runs/ff3b9679-1fd9-4861-921e-33ff020fa898/business_strategy.json,reports,.json,17194
reports/content_packages/sig-test-001/runs/ff3c9108-fc84-411c-a3ea-01eec3a87670/assignment.json,reports,.json,849
reports/content_packages/sig-test-001/runs/ff3c9108-fc84-411c-a3ea-01eec3a87670/business_strategy.json,reports,.json,17194
reports/content_packages/sig-test-001/runs/ff3c9108-fc84-411c-a3ea-01eec3a87670/editorial_acceptance.json,reports,.json,289
reports/content_packages/sig-test-001/runs/ff3c9108-fc84-411c-a3ea-01eec3a87670/generated.json,reports,.json,1033
reports/content_packages/sig-test-001/runs/ff59b44c-2d97-43cf-a378-107981b305c0/business_strategy.json,reports,.json,17194
reports/content_packages/sig-test-001/runs/ff61d80c-6c34-4923-8074-74c297c729f5/assignment.json,reports,.json,857
reports/content_packages/sig-test-001/runs/ff61d80c-6c34-4923-8074-74c297c729f5/business_strategy.json,reports,.json,17194
reports/content_packages/sig-test-001/runs/ff61d80c-6c34-4923-8074-74c297c729f5/editorial_acceptance.json,reports,.json,289
reports/content_packages/sig-test-001/runs/ff61d80c-6c34-4923-8074-74c297c729f5/generated.json,reports,.json,1033
reports/content_packages/sig-test-001/runs/ff61d80c-6c34-4923-8074-74c297c729f5/publication_results.json,reports,.json,1079
reports/content_packages/sig-test-001/runs/ff90283f-fe70-4209-a2f1-0f5c340cf713/assignment.json,reports,.json,849
reports/content_packages/sig-test-001/runs/ff90283f-fe70-4209-a2f1-0f5c340cf713/business_strategy.json,reports,.json,17194
reports/content_packages/sig-test-001/runs/ff90283f-fe70-4209-a2f1-0f5c340cf713/editorial_acceptance.json,reports,.json,289
reports/content_packages/sig-test-001/runs/ff90283f-fe70-4209-a2f1-0f5c340cf713/generated.json,reports,.json,1033
reports/content_packages/sig-test-001/runs/ff9ca863-f821-41a0-b250-95bb35244447/generated.json,reports,.json,932
reports/content_packages/sig-test-001/runs/ff9ca863-f821-41a0-b250-95bb35244447/publication_results.json,reports,.json,978
reports/content_packages/sig-test-001/runs/fff2984b-b438-44d3-a066-5b8dfa044f8a/assignment.json,reports,.json,849
reports/content_packages/sig-test-001/runs/fff2984b-b438-44d3-a066-5b8dfa044f8a/business_strategy.json,reports,.json,17194
reports/content_packages/vis_001_generated.json,reports,.json,7416
reports/content_packages/vis_002_generated.json,reports,.json,12327
reports/content_packages/vis_003_generated.json,reports,.json,11367
reports/content_packages/vis_004_generated.json,reports,.json,13136
reports/content_packages/vis_005_generated.json,reports,.json,11588
reports/content_packages/vis_006_generated.json,reports,.json,11441
reports/linkedin_live_test.json,reports,.json,507
reports/linkedin_live_test.md,reports,.md,686
reports/live_publish_test.json,reports,.json,1644
reports/live_publish_test.md,reports,.md,1571
reports/research_2026-06-22.json,reports,.json,18180
reports/research_2026-06-23.json,reports,.json,18039
reports/research_2026-06-24.json,reports,.json,22192
reports/research_2026-06-25.json,reports,.json,16914
reports/research_2026-06-26.json,reports,.json,21543
reports/research_2026-06-27.json,reports,.json,21242
reports/research_2026-06-28.json,reports,.json,21132
reports/research_2026-07-01.json,reports,.json,21523
reports/research_2026-07-02.json,reports,.json,21366
reports/research_2026-07-03.json,reports,.json,21671
reports/research_2026-07-04.json,reports,.json,21887
reports/research_2026-07-05.json,reports,.json,21216
reports/research_2026-07-06.json,reports,.json,21622
reports/research_2026-07-07.json,reports,.json,21275
reports/research_2026-07-08.json,reports,.json,21429
reports/research_2026-07-10.json,reports,.json,21879
reports/research_2026-07-22.json,reports,.json,276
reports/research_2026-07-23.json,reports,.json,223
reports/research_2026-07-24.json,reports,.json,223
reports/research_2026-07-25.json,reports,.json,223
reports/research_2026-08-04.json,reports,.json,223
reports/research_2026-08-05.json,reports,.json,223
reports/research_2026-08-06.json,reports,.json,276
reports/research_2026-08-07.json,reports,.json,223
reports/research_2026-08-08.json,reports,.json,223
reports/research_2026-08-09.json,reports,.json,223
reports/research_2026-08-10.json,reports,.json,223
reports/research_2026-08-11.json,reports,.json,223
reports/research_2026-08-13.json,reports,.json,274
reports/research_2026-08-14.json,reports,.json,274
reports/research_2026-08-15.json,reports,.json,274
reports/research_2026-08-16.json,reports,.json,274
reports/research_2026-08-17.json,reports,.json,274
reports/research_2026-08-18.json,reports,.json,12454
reports/research_2026-08-19.json,reports,.json,274
reports/research_2026-08-20.json,reports,.json,16757
reports/research_2026-08-21.json,reports,.json,274
reports/research_2026-08-22.json,reports,.json,274
reports/research_2026-08-23.json,reports,.json,327
reports/research_2026-08-24.json,reports,.json,274
reports/research_2026-08-25.json,reports,.json,274
reports/research_2026-08-26.json,reports,.json,5252
reports/research_2026-08-27.json,reports,.json,11881
reports/research_2026-08-28.json,reports,.json,16539
reports/research_2026-08-29.json,reports,.json,274
reports/research_2026-08-30.json,reports,.json,16477
reports/research_2026-08-31.json,reports,.json,327
reports/research_2026-09-01.json,reports,.json,12039
reports/research_2026-09-02.json,reports,.json,9754
reports/research_2026-09-03.json,reports,.json,12116
reports/research_2026-09-04.json,reports,.json,16903
reports/research_2026-09-05.json,reports,.json,274
reports/research_2026-09-06.json,reports,.json,23779
reports/research_2026-09-07.json,reports,.json,23699
reports/research_2026-09-08.json,reports,.json,274
reports/research_2026-09-09.json,reports,.json,15066
reports/research_2026-09-10.json,reports,.json,23326
reports/research_2026-09-11.json,reports,.json,18893
reports/research_2026-09-12.json,reports,.json,18470
reports/research_2026-09-13.json,reports,.json,18656
reports/research_2026-09-14.json,reports,.json,18724
reports/research_2026-09-15.json,reports,.json,23858
reports/sample_linkedin_articles_2026-07-21.md,reports,.md,4716
requirements.txt,requirements.txt,.txt,203
scripts/ci/check_test_baseline.py,scripts,.py,6143
scripts/create_fixture.py,scripts,.py,8871
scripts/dry_run.py,scripts,.py,15395
scripts/generate.py,scripts,.py,20209
scripts/generate_and_publish.py,scripts,.py,152655
scripts/generate_and_publish_visibility.py,scripts,.py,22463
scripts/generate_image.py,scripts,.py,9531
scripts/live_publish_test.py,scripts,.py,14414
scripts/publish.py,scripts,.py,8974
scripts/render_card_audit.py,scripts,.py,10691
scripts/research/__init__.py,scripts,.py,0
scripts/research/angles.py,scripts,.py,2720
scripts/research/archive.py,scripts,.py,3074
scripts/research/discover.py,scripts,.py,8620
scripts/research/enrich.py,scripts,.py,5666
scripts/research/prepare_content.py,scripts,.py,19428
scripts/research/publish_packages.py,scripts,.py,21083
scripts/research/run_daily_research.py,scripts,.py,11850
scripts/research/score.py,scripts,.py,3543
scripts/research/sync_from_sheets.py,scripts,.py,3121
scripts/research/sync_to_sheets.py,scripts,.py,3958
scripts/run_analytics.py,scripts,.py,2175
scripts/scheduled_publish.py,scripts,.py,9570
scripts/smoke_test_publish_analytics.py,scripts,.py,13411
scripts/smoke_test_wix_image.py,scripts,.py,3365
scripts/strategy/__init__.py,scripts,.py,0
scripts/strategy/approve_strategy_recommendation.py,scripts,.py,7909
scripts/strategy/build_monthly_plan.py,scripts,.py,5717
scripts/strategy/run_monthly_review.py,scripts,.py,5959
scripts/strategy/run_weekly_review.py,scripts,.py,4748
scripts/streams/__init__.py,scripts,.py,0
scripts/streams/due_check.py,scripts,.py,13652
scripts/streams/select_eligible_signal.py,scripts,.py,11644
scripts/test_publishers.py,scripts,.py,56048
src/__init__.py,src,.py,0
src/analytics/__init__.py,src,.py,0
src/analytics/base.py,src,.py,9503
src/analytics/blog.py,src,.py,7029
src/analytics/collector_protocol.py,src,.py,2114
src/analytics/linkedin.py,src,.py,9126
src/analytics/orchestrator.py,src,.py,10641
src/analytics/scorer.py,src,.py,6805
src/artifacts/__init__.py,src,.py,23980
src/artifacts/provenance.py,src,.py,23944
src/content/__init__.py,src,.py,0
src/content/differentiation.py,src,.py,4426
src/content/generator.py,src,.py,9149
src/content/matrix.py,src,.py,6913
src/content/output_guard.py,src,.py,3998
src/editorial/__init__.py,src,.py,3051
src/editorial/decision_contract.py,src,.py,24986
src/editorial/decision_lens_evaluator.py,src,.py,27095
src/editorial/decision_lens_lite.py,src,.py,9341
src/editorial/decision_lifecycle.py,src,.py,7929
src/editorial/discovery_builder.py,src,.py,5700
src/editorial/editorial_acceptance.py,src,.py,14273
src/editorial/editorial_role.py,src,.py,4434
src/editorial/hook_engine.py,src,.py,6157
src/editorial/linkedin_composition.py,src,.py,9116
src/editorial/narrative_spine.py,src,.py,6166
src/editorial/never_blank_voice.py,src,.py,11092
src/editorial/pattern_extractor.py,src,.py,9906
src/editorial/pipeline.py,src,.py,12689
src/editorial/platform_composer.py,src,.py,30603
src/editorial/reader_context.py,src,.py,4138
src/editorial/source_eligibility.py,src,.py,13694
src/editorial/source_transparency.py,src,.py,13475
src/editorial/sources_of_record.py,src,.py,6874
src/editorial/story_assembly.py,src,.py,7263
src/editorial/vi_pipeline.py,src,.py,13701
src/intake/__init__.py,src,.py,571
src/intake/adapter.py,src,.py,2106
src/intake/assignment_record.py,src,.py,3176
src/intake/audience_routing.py,src,.py,3473
src/intake/content_assignment.py,src,.py,17471
src/internal/__init__.py,src,.py,0
src/internal/memory.py,src,.py,20139
src/internal/strategy.py,src,.py,4170
src/internal/topic_prioritizer.py,src,.py,2880
src/investigation/__init__.py,src,.py,0
src/investigation/hypothesis_generator.py,src,.py,10211
src/lifecycle/signal_lifecycle.py,src,.py,27565
src/models.py,src,.py,5790
src/never_blank/__init__.py,src,.py,476
src/never_blank/wednesday_golden.py,src,.py,9994
src/never_blank/wednesday_july/__init__.py,src,.py,1051
src/never_blank/wednesday_july/decision_lens_lite.py,src,.py,6569
src/never_blank/wednesday_july/discovery_builder.py,src,.py,6639
src/never_blank/wednesday_july/hook_engine.py,src,.py,5701
src/never_blank/wednesday_july/narrative_spine.py,src,.py,5314
src/never_blank/wednesday_july/never_blank_voice.py,src,.py,5835
src/never_blank/wednesday_july/pipeline.py,src,.py,6230
src/never_blank/wednesday_july/platform_composer.py,src,.py,11729
src/never_blank/wednesday_july/research/__init__.py,src,.py,868
src/never_blank/wednesday_july/research/angles.py,src,.py,4470
src/never_blank/wednesday_july/research/discover.py,src,.py,10913
src/never_blank/wednesday_july/research/enrich.py,src,.py,4220
src/never_blank/wednesday_july/research/pipeline.py,src,.py,6139
src/never_blank/wednesday_july/research/research_sources_july.yaml,src,.yaml,1319
src/never_blank/wednesday_july/research/score.py,src,.py,4667
src/never_blank/wednesday_july/story_assembly.py,src,.py,5893
src/never_blank/wednesday_routing.py,src,.py,4121
src/never_blank/wednesday_supply.py,src,.py,14085
src/publishing/__init__.py,src,.py,0
src/publishing/base.py,src,.py,11325
src/publishing/canonical_url.py,src,.py,8097
src/publishing/facebook.py,src,.py,2872
src/publishing/formatting.py,src,.py,6455
src/publishing/hashtags.py,src,.py,5563
src/publishing/idempotency.py,src,.py,25376
src/publishing/image_pipeline.py,src,.py,66035
src/publishing/instagram.py,src,.py,4801
src/publishing/linkedin.py,src,.py,7570
src/publishing/package.py,src,.py,22641
src/publishing/preflight.py,src,.py,20449
src/publishing/release_scope.py,src,.py,2668
src/publishing/result.py,src,.py,4504
src/publishing/telegram.py,src,.py,2832
src/publishing/threads.py,src,.py,4750
src/publishing/wix.py,src,.py,22340
src/publishing/wix_media.py,src,.py,5934
src/quality/__init__.py,src,.py,84
src/quality/duplication.py,src,.py,2109
src/quality/factuality.py,src,.py,3748
src/quality/gate.py,src,.py,8932
src/quality/rewrite.py,src,.py,8217
src/quality/voice.py,src,.py,6644
src/reporting/__init__.py,src,.py,1386
src/reporting/run_report.py,src,.py,31092
src/research/__init__.py,src,.py,1991
src/research/adapters/__init__.py,src,.py,354
src/research/adapters/direct_url.py,src,.py,29135
src/research/adapters/exa.py,src,.py,26030
src/research/adapters/fake.py,src,.py,7362
src/research/assessment.py,src,.py,11885
src/research/evidence.py,src,.py,16799
src/research/lifecycle.py,src,.py,10783
src/research/provider.py,src,.py,17060
src/research/url_safety.py,src,.py,2467
src/run/__init__.py,src,.py,259
src/run/call_budget.py,src,.py,7424
src/run/code_identity.py,src,.py,5489
src/run/decision_policy.py,src,.py,4275
src/run/run_context.py,src,.py,12231
src/strategy/__init__.py,src,.py,1413
src/strategy/business_config.py,src,.py,12398
src/strategy/content_planner.py,src,.py,17628
src/strategy/decision_engine.py,src,.py,16184
src/strategy/echo_memory.py,src,.py,14457
src/strategy/execution_context.py,src,.py,11091
src/strategy/history.py,src,.py,14105
src/strategy/loader.py,src,.py,2715
src/strategy/market_analyzer.py,src,.py,6298
src/strategy/models.py,src,.py,25301
src/strategy/pattern_extractor.py,src,.py,7270
src/strategy/validators.py,src,.py,13068
src/utils/__init__.py,src,.py,0
src/utils/config_loader.py,src,.py,2742
src/utils/env_validator.py,src,.py,1681
src/utils/google_sheets.py,src,.py,7951
src/utils/llm_client.py,src,.py,10612
src/utils/logger.py,src,.py,625
src/visual/__init__.py,src,.py,2537
src/visual/contract.py,src,.py,15409
strategy/claude_code_prompt_amendment_2026-07-21.md,strategy,.md,6911
strategy/claude_code_prompt_strategy_engine_2026-07-22.md,strategy,.md,11256
strategy/claude_code_prompt_strategy_engine_FINAL_2026-07-22.md,strategy,.md,4962
strategy/claude_code_prompt_strategy_engine_gpt_2026-07-22.md,strategy,.md,29192
strategy/claude_code_task_wix_url_investigation_2026-07-23.md,strategy,.md,1822
strategy/current/business_strategy.json,strategy,.json,31527
strategy/current/strategy.json,strategy,.json,4772
strategy/current/strategy.md,strategy,.md,2982
strategy/decision_log.md,strategy,.md,147170
strategy/gpt_report_utility_archetypes_2026-07-28.pdf,strategy,.pdf,196082
strategy/history/README.md,strategy,.md,1601
strategy/history/decisions/.gitkeep,strategy,(none),0
strategy/history/reviews/.gitkeep,strategy,(none),0
strategy/history/strategies/.gitkeep,strategy,(none),0
strategy/methodology/editorial_strategy.md,strategy,.md,5749
strategy/methodology/evaluation_rules.md,strategy,.md,4390
strategy/methodology/platform_strategy.md,strategy,.md,5232
strategy/methodology/strategy_methodology.md,strategy,.md,6392
strategy/never_blank_campaign_1.xlsx,strategy,.xlsx,9764
strategy/published_content_index.jsonl,strategy,.jsonl,6721
strategy/research_utility_signal_archetypes_2026-07-25.md,strategy,.md,26708
strategy/reviews/monthly/.gitkeep,strategy,(none),0
strategy/reviews/recommendations/.gitkeep,strategy,(none),0
strategy/reviews/weekly/.gitkeep,strategy,(none),0
strategy/stage2_reference_article_example.md,strategy,.md,6987
strategy/worldview.md,strategy,.md,7624
tests/accepted_full_suite_failures.txt,tests,.txt,464
tests/analytics/__init__.py,tests,.py,0
tests/analytics/test_analytics_pipeline.py,tests,.py,12469
tests/analytics/test_base_and_blog.py,tests,.py,17950
tests/analytics/test_linkedin_collector.py,tests,.py,23669
tests/analytics/test_orchestrator_wiring.py,tests,.py,25243
tests/conftest.py,tests,.py,3491
tests/fixtures/business_strategy_alternate.json,tests,.json,4795
tests/fixtures/golden_wednesday/gm_v8.yaml,tests,.yaml,1145
tests/fixtures/golden_wednesday/invisalign_negative.yaml,tests,.yaml,555
tests/fixtures/golden_wednesday/versant_full_swing.yaml,tests,.yaml,1133
tests/fixtures/nike_signal.json,tests,.json,1585
tests/fixtures/wednesday_july/cnbc_business_2026-07-06.xml,tests,.xml,1410
tests/fixtures/wednesday_july/july_originals/decision_lens_lite.py.txt,tests,.txt,5305
tests/fixtures/wednesday_july/july_originals/discovery_builder.py.txt,tests,.txt,5375
tests/fixtures/wednesday_july/july_originals/hook_engine.py.txt,tests,.txt,4437
tests/fixtures/wednesday_july/july_originals/narrative_spine.py.txt,tests,.txt,4050
tests/fixtures/wednesday_july/july_originals/never_blank_voice.py.txt,tests,.txt,4571
tests/fixtures/wednesday_july/july_originals/platform_composer.py.txt,tests,.txt,10465
tests/fixtures/wednesday_july/july_originals/story_assembly.py.txt,tests,.txt,4629
tests/fixtures/wednesday_july/july_research_originals/angles.py.txt,tests,.txt,3001
tests/fixtures/wednesday_july/july_research_originals/discover.py.txt,tests,.txt,9218
tests/fixtures/wednesday_july/july_research_originals/enrich.py.txt,tests,.txt,2751
tests/fixtures/wednesday_july/july_research_originals/research_sources.yaml.txt,tests,.txt,1319
tests/fixtures/wednesday_july/july_research_originals/score.py.txt,tests,.txt,3198
tests/fixtures/wednesday_july/july_research_originals/scoring_weights.yaml.txt,tests,.txt,673
tests/fixtures/wednesday_july/versant_full_swing_july_output.json,tests,.json,7730
tests/fixtures/wednesday_july/versant_full_swing_signal.json,tests,.json,5170
tests/strategy/__init__.py,tests,.py,0
tests/strategy/test_business_config.py,tests,.py,7938
tests/strategy/test_configuration_hash_snapshot.py,tests,.py,6957
tests/strategy/test_decision_engine.py,tests,.py,23749
tests/strategy/test_echo_memory.py,tests,.py,20072
tests/strategy/test_history.py,tests,.py,27059
tests/strategy/test_never_blank_business_config.py,tests,.py,4194
tests/strategy/test_pattern_extractor.py,tests,.py,9910
tests/strategy/test_strategy_execution_context.py,tests,.py,8135
tests/strategy/test_strategy_integration.py,tests,.py,22514
tests/strategy/test_strategy_semantic_consumption.py,tests,.py,9389
tests/strategy/test_strategy_version.py,tests,.py,3215
tests/strategy/test_validators.py,tests,.py,18387
tests/strategy/test_visibility_quota.py,tests,.py,8677
tests/test_api_guard.py,tests,.py,10180
tests/test_artifacts.py,tests,.py,10083
tests/test_audience_routing.py,tests,.py,8323
tests/test_canonical_publish_credentials.py,tests,.py,4950
tests/test_canonical_social_lineage.py,tests,.py,27686
tests/test_canonical_url.py,tests,.py,19190
tests/test_code_identity.py,tests,.py,13070
tests/test_config_loader.py,tests,.py,3266
tests/test_content_assignment.py,tests,.py,17254
tests/test_cross_platform_overlap_policy.py,tests,.py,13871
tests/test_decision_lens_contract.py,tests,.py,50227
tests/test_decision_lens_evaluator.py,tests,.py,30228
tests/test_decision_lifecycle.py,tests,.py,25402
tests/test_editorial_acceptance.py,tests,.py,19269
tests/test_editorial_pipeline.py,tests,.py,58922
tests/test_editorial_review_content.py,tests,.py,9479
tests/test_evidence_assessment.py,tests,.py,18980
tests/test_from_package_retry.py,tests,.py,18342
tests/test_generate_and_publish.py,tests,.py,61281
tests/test_hashtags.py,tests,.py,11873
tests/test_hypothesis_generator.py,tests,.py,13337
tests/test_image_ordering.py,tests,.py,13618
tests/test_intake_adapter.py,tests,.py,2542
tests/test_linkedin_composition.py,tests,.py,21008
tests/test_linkedin_idempotency.py,tests,.py,26054
tests/test_linkedin_publisher.py,tests,.py,13344
tests/test_model_routing.py,tests,.py,11992
tests/test_monday_echo_contract.py,tests,.py,28203
tests/test_monday_stream.py,tests,.py,92938
tests/test_never_blank_text_format.py,tests,.py,12587
tests/test_no_mandatory_thesis.py,tests,.py,12601
tests/test_output_guard.py,tests,.py,2117
tests/test_prepare_hook.py,tests,.py,5028
tests/test_provenance_chain.py,tests,.py,21304
tests/test_publication_package.py,tests,.py,16345
tests/test_publication_preflight.py,tests,.py,36616
tests/test_publication_target_binding.py,tests,.py,11998
tests/test_publish_packages.py,tests,.py,9135
tests/test_publisher_formatting.py,tests,.py,7081
tests/test_r1_publish_scope.py,tests,.py,14260
tests/test_r1_surface_reduction.py,tests,.py,10493
tests/test_research_artifact_lifecycle.py,tests,.py,37029
tests/test_research_audience_contract.py,tests,.py,8883
tests/test_research_discovery_persistence.py,tests,.py,7547
tests/test_research_evidence_contract.py,tests,.py,18859
tests/test_research_pipeline.py,tests,.py,42311
tests/test_research_prompts.py,tests,.py,7869
tests/test_research_provider_adapter.py,tests,.py,31157
tests/test_run_call_budget.py,tests,.py,17426
tests/test_run_context.py,tests,.py,12936
tests/test_run_identity.py,tests,.py,61689
tests/test_run_report.py,tests,.py,41643
tests/test_scheduling_window.py,tests,.py,21654
tests/test_selector_circuit_breaker.py,tests,.py,27448
tests/test_signal_lifecycle.py,tests,.py,30187
tests/test_social_recomposition.py,tests,.py,22257
tests/test_story10_gate.py,tests,.py,12837
tests/test_story12_gate.py,tests,.py,19353
tests/test_story21_hosted_evidence.py,tests,.py,9026
tests/test_story9_gate.py,tests,.py,10786
tests/test_vi_end_to_end.py,tests,.py,19877
tests/test_visual_contract.py,tests,.py,18176
tests/test_wednesday_call_budget.py,tests,.py,4754
tests/test_wednesday_diagnostics.py,tests,.py,25306
tests/test_wednesday_direct_retrieval.py,tests,.py,32802
tests/test_wednesday_golden.py,tests,.py,36634
tests/test_wednesday_july_research.py,tests,.py,21233
tests/test_wednesday_july_restoration.py,tests,.py,16511
tests/test_wednesday_live_fixes.py,tests,.py,24626
tests/test_wednesday_source_attribution.py,tests,.py,22376
tests/test_wednesday_supply.py,tests,.py,21299
tests/test_wednesday_wiring.py,tests,.py,18552
tests/test_wix_idempotency.py,tests,.py,31784
tests/test_wix_publisher.py,tests,.py,29660
topics_manual.csv,topics_manual.csv,.csv,299
